full_name_of_repo,commit_sha,path
28msec/nolap-report-editor,201ae8dc69b0eaafa6ff5df77fb70af0091e9588,README.md
28msec/nolap-report-editor,531a0efd5e8e607cf802a18cae41d29452ab927c,README.md
28msec/nolap-report-editor,5987582facbb4ff7171fea6f3363f62c1ecfe548,README.md
28msec/nolap-report-editor,7b25227a0ebdf8f393d10133a886ab6819ff6399,README.md
28msec/nolap-report-editor,89c7f36a235628776605dca09366a916c7fc7e51,README.md
28msec/nolap-report-editor,9d1b56a0874156c83340f6f91afecb535caf43ea,README.md
28msec/nolap-report-editor,b69b2b42b4bab0eb39735a1724483e9fcb456b1d,README.md
86Box/86Box,000b7d8a27dc85d9983f59676367695b2eb41249,README.md
86Box/86Box,0236637c5aa7e5ff7e3d63f8b6a4cea2f6257fb7,README.md
86Box/86Box,096e2bede5faf20353733b27a2cf42e0ec3e81ee,README.md
86Box/86Box,09d7c4384f7a42065b36d8f054290ef97d60370b,README.md
86Box/86Box,0c602a8d266f769c7b0a5654e1680214dc9341e3,README.md
86Box/86Box,0c98ad9146b2eed61451a8276817ea533666a342,README.md
86Box/86Box,0d30e5877c6137038bef254bb162be1309fa6063,README.md
86Box/86Box,0e24b636479298b5aa00667d315f02d6e8fcdd69,README.md
86Box/86Box,0e96d5d7a4aabdae7689a6c763d72c97631d3943,README.md
86Box/86Box,0fbfed94750164c14d36a24ebff908ef0af19830,README.md
86Box/86Box,125f41c8ac9ff4dff4a0b24491270c2d5f45410e,README.md
86Box/86Box,168f033a6b885a7d129c12035ea87b52934b41ac,README.md
86Box/86Box,1860700eabe7b86c2a9acbf961d941e56e883769,README.md
86Box/86Box,19de89f5464362e22a40905be8f6b924f8cd2e36,README.md
86Box/86Box,1ad8d1870b7257b37df41a9cef73e96504fa419e,README.md
86Box/86Box,1c25963a8c4ccac2659080e1992ebed743700281,README.md
86Box/86Box,1e25dc24e34bb4a1baedeb8d7de361ba7190e0a5,README.md
86Box/86Box,25623e0136889fc93c5c21f67bd0fb45e3f22a67,README.md
86Box/86Box,2947f54a885e231482341057b911f4c733303b83,README.md
86Box/86Box,295b6bd211fa799d2834793764de7996402be340,README.md
86Box/86Box,2cf962445ffaae23f8db367084c08a654956f9ae,README.md
86Box/86Box,2f5ba40367377e6c0a23d4575e00f19abbb0fd08,README.md
86Box/86Box,31a5aad0f25100f1963026808ccad96f5f6fc480,README.md
86Box/86Box,3351d311cd6d675f9c02f4b8dd7d0f74fa3f89d6,README.md
86Box/86Box,36b63fa532c21c0b80fdd1fc6b6ef3231bd4f1c9,readme.txt
86Box/86Box,37fcdf131be0b303a89fbfddc0875fe642fb9526,README.md
86Box/86Box,385478ba482dae60ade0b3d28bf15c5600ed3a77,README.md
86Box/86Box,3aa34f3bca35cce5b9767652d1ee2043ebf8f047,README.md
86Box/86Box,40be31626ff5d46d8d5e658e495efa205a0d25b2,README.md
86Box/86Box,42e217c9054cfda44896b903490e786c5398f391,README.md
86Box/86Box,4378de7e5cf6815e079a3df5a2db181c3831ca54,README.md
86Box/86Box,4431331ae4612a123ca7efa02e186cff6b8bf8e0,README.md
86Box/86Box,480f7b5903d0a2e8580f127235545c4cb971d791,README.md
86Box/86Box,50679f8faa0fe80aa13a2b30128c78bbfa55a87a,README.md
86Box/86Box,513e51e7b995e0aa9bd3ec26a7a7360ff6ddb56c,README.md
86Box/86Box,5318bc08d8cd52ed5142a7e31aff6cfb22e6288f,README.md
86Box/86Box,532795ed0abf1d118b40e185538154979d328341,README.md
86Box/86Box,54145b561d16ae4bdd6ed8a5d16aa69a022f469a,README.md
86Box/86Box,5715a4fa1246253d29fd6cf71b255afbf632fa67,README.md
86Box/86Box,5a8a40536406f851d983bff0a044400459af2382,README.md
86Box/86Box,5ce749bd1d3017a238d7961fdec12979f9a470b8,README.md
86Box/86Box,5d0304d52023d9f677ff6443e99e1f6723568c6a,README.md
86Box/86Box,5d33bc0dc23be9bfa95567b5121c0a02ff3a7c49,README.md
86Box/86Box,5d79413064ba2fde1af25c359f85d35dac580916,README.md
86Box/86Box,5d8deea63b60b47528042f10c3b4ea1db9eb1880,README.md
86Box/86Box,5fb0d02807a1dbc90ee8122bc158043eb8acb15c,README.md
86Box/86Box,6464488829b7c5f9c8751fd8d8d81012461dd17a,README.md
86Box/86Box,687f29adb7c149d77a7c904b6dcdf9047cb42313,README.md
86Box/86Box,69ce285ac8691f6344472482adc3d5f7983cb1c8,README.md
86Box/86Box,6b0b3369971b974dbaaf9eb9979420c48be0d8fc,README.md
86Box/86Box,6f010aa56b5a510e11fd1d9837b5034fe092e450,README.md
86Box/86Box,6f4e76871ede3661ed7cf446576f9c4eb36f4520,README.md
86Box/86Box,709771742d4255e066b215d1f9d5a056ff6ea0b1,README.md
86Box/86Box,756fabadd727d4a9a76df9947304133c3613b8db,README.md
86Box/86Box,76f0cb2790b52b46a37c262290797835df80cbc2,README.md
86Box/86Box,7d2899a0e2bef2071cdb8fe5c6e1ab688c918da0,README.md
86Box/86Box,80356a9b8510378d506beabc816f9ba090e77bb8,README.md
86Box/86Box,805ee8f1df57055e2cc1d349639dae9c3c320c1c,README.md
86Box/86Box,868beac26e80c53ecf776ddbdc6717e070d36e38,README.md
86Box/86Box,88bfee8e07b4e428f947487d49224ceb0d3ab8fe,README.md
86Box/86Box,8bcacb1a59b417a2162320d7bebf29bb0566a550,README.md
86Box/86Box,8c60395f9889d5ad5aa5a7011441b2ae37ddd667,README.md
86Box/86Box,8d65beaec687289207154189be82ca38d188eeee,README.md
86Box/86Box,962885b960c7e9e971be8d809090d8b815c53c64,README.md
86Box/86Box,9874efcbf5151741fb523602059ed904f6805612,README.md
86Box/86Box,9b8c0afd3bd3887c33a3c3625a8f28d98217f591,README.md
86Box/86Box,9c37e5ee47bbe6820fd3a56bf490e48ceb01d563,README.md
86Box/86Box,a128a518650839b51bb724043a114ccc1c17f463,README.md
86Box/86Box,a19a034be1ed0dc3f0adc4f28d78d6cf87920d3a,README.md
86Box/86Box,a614d6dd99d565b86acebfe437e7600b887bce6e,README.md
86Box/86Box,abdea4b2f77980283eef60acb5094ab15fc04d02,README.md
86Box/86Box,ad056b136c1413fdf371114d9524186312cde807,README.md
86Box/86Box,b026b244fe28c03b46f6b39eb43e32442385b56e,README.md
86Box/86Box,b4ac1042dd75c94d13018eb72d757428eba59050,README.md
86Box/86Box,b834e12836506f8782af8df006e5ed84b9593d5c,README.md
86Box/86Box,b84c377f3e128a52e92425ebc582c3ff73445ab3,README.md
86Box/86Box,bd2212c8e403c5ca38756cbe7fca45db0c900bc6,README.md
86Box/86Box,c11ffd5222247d3978ddd1cf573c7c100baa1c02,README.md
86Box/86Box,c2fd1cacc8ef1a4c01fe646c2f87ad87c628efca,README.md
86Box/86Box,c595684be027b7238feae9f7d5250dc5a539548a,README.md
86Box/86Box,c6fee7ac3dcb3cdaeac9c17afa5989eaabba8021,README.md
86Box/86Box,c76b280eb7c17608fa6fded38e2fc069d36c6ad7,README.md
86Box/86Box,c7e3b69731f029d2580ba00df01f3c42cada52b4,README.md
86Box/86Box,cc4dd568bd48031a9169aa59190bd210979aae97,README.md
86Box/86Box,cf0e4edbb76a57f66a0cf934e95c0d5adeb55ad4,README.md
86Box/86Box,cff4545082f5438fdb8f80c0626600850b319d59,README.md
86Box/86Box,d328cf321562b30c4156fe23d7f3a2d3cb1e20e4,README.md
86Box/86Box,d51d3cc4a7bc7b5eab1a37ed5e45c5cb76222d2f,README.md
86Box/86Box,d57a8292cec05b16bdc2f36c506547946fdee55b,README.md
86Box/86Box,d764689d055d7d8364c35f0b7cf2c915c5bdb38c,README.md
86Box/86Box,d7b6a67ef6b6880223755d20df2d26a95d10dfd4,README.md
86Box/86Box,d9bc0756580b2cf03d24108d20a08e5290e37481,README.md
86Box/86Box,dba4fe373f3870f044362623907aedc15cbbcafe,README.md
86Box/86Box,e0a9e69523fa9aa2ebe4acb20b8ec49c2542c358,CONTRIBUTING.md
86Box/86Box,e0e1709c275fc294ecd4fa8f6673ba38a2a8a086,README.md
86Box/86Box,e1d1c843177e4868d01333fc578d604d4e41c275,README.md
86Box/86Box,e36f68a21d50abad18537aa63622a1be89bcfd07,README.md
86Box/86Box,e3fc96738ade483598bd08cb76d92dcde6e3e50c,README.md
86Box/86Box,e70c476a0a42c4c0d62f5c0611dde68c3f6eec9d,README.md
86Box/86Box,ee695e71f9b4efa822bc5e5b4f75a5c133bdfd8e,README.md
86Box/86Box,f8251b18d8f42ace2b0a38ba8e1ff84c739ba4d0,README.md
86Box/86Box,f831d3dd7c3962b43ca990f71436a262154b91e4,README.md
86Box/86Box,fd2a5bc9f5be388122225e80aa8ca4ea08bf6e52,readme.txt
ARMmbed/ble-x-nucleo-idb0xa1,1162d38221c6e172dea85e18c66e1122eeb793b3,README.md
ARMmbed/ble-x-nucleo-idb0xa1,22a8a5f5fd9f1b4a1f04728e7dafa7edc541a8b0,README.md
ARMmbed/ble-x-nucleo-idb0xa1,6a9cebeb792408449cded8862edd0dc95ef5c1f2,README.md
ARMmbed/ble-x-nucleo-idb0xa1,80425d0d1ad6ea090ffe9dcb47739ad261d17544,README.md
ARMmbed/ble-x-nucleo-idb0xa1,96d0d9bc49f4c4c82557ad694f3ee9511e6a6c2e,README.md
CSC-380/CSC380Game,56f32eff82ae35329c8f18e09c71d2bd5dc53dd1,README.md
CSC-380/CSC380Game,5ecccc4cc0421692cf6738d1a532d0b5b7e344df,README.md
CSC-380/CSC380Game,f3567153ed34a80988fe0d6e81be6c6fb74ecdd7,README.md
DynamoRIO/drmemory,20e899b6856a386cbf9ebd6e836c604e6d793b19,README.md
DynamoRIO/drmemory,4ca92fd35ac681ff6282169e54d2da1a71ea521f,README.md
DynamoRIO/drmemory,6a2e7a35fa3b1e7329dea4c821ec23706f4f6d04,CONTRIBUTING.md
DynamoRIO/drmemory,6fd231608f97f16eb3ffbf7656024ae9373ff746,README.md
DynamoRIO/drmemory,70b516d9822d35f5023bf6be345e075a5ca9a937,README.md
DynamoRIO/drmemory,9f1c89e99c6e9e332380f63d6c0ecb9c4393b12f,CONTRIBUTING.md
DynamoRIO/drmemory,a887f796321b1d29b14f617d856a9f157f018c51,README.md
DynamoRIO/drmemory,c4ed16ce9e19c6de66e7a9c6c810ca8e478fbac2,README.md
DynamoRIO/drmemory,c6243250a7bb58c758f0367625ffe3f07bdf4cb7,README.md
DynamoRIO/drmemory,c7a9f294dd89e80fef3bed0204613c8d7b9df1df,CONTRIBUTING.md
DynamoRIO/drmemory,c7a9f294dd89e80fef3bed0204613c8d7b9df1df,README.md
DynamoRIO/drmemory,d6479595b6a5f4b176c7a919329beb9466fc890c,CONTRIBUTING.md
DynamoRIO/drmemory,dcb3af0836e0d75c94032ef31a9d3580a75221f8,README.md
FortAwesome/Font-Awesome,161db081bfa11d61e3efb5205cdd7422c92d9572,README.md
FortAwesome/Font-Awesome,86eb08c194ce8831fe164792779dd426891a81e0,README.md
FortAwesome/Font-Awesome,8ff114b69d68bf6d395bdd1255458bb15e352a76,CONTRIBUTING.md
FortAwesome/Font-Awesome,8ff114b69d68bf6d395bdd1255458bb15e352a76,README.md
FortAwesome/Font-Awesome,b544f79e07de12e2322318d2efbf68a3ac6f9036,CONTRIBUTING.md
FortAwesome/Font-Awesome,c482aa2ec6584834409895eb24b6e9813f943630,README.md
Hammerspoon/hammerspoon,019151a00e9127b7f1459f43accab7b18529a564,CONTRIBUTING.md
Hammerspoon/hammerspoon,0211c46cb9319ab5ca3d2fb7c417793bea87830f,README.md
Hammerspoon/hammerspoon,027295d9e39236a0ceedf39afd8b80dec6858aba,README.md
Hammerspoon/hammerspoon,02943bf240acbe1e40445aaf8d2bbf6a749ae4ed,README.md
Hammerspoon/hammerspoon,0298d7ee7cfb9455d1b063d18f2841f822aba11b,README.md
Hammerspoon/hammerspoon,035777e06deea41cbe62f39c2f3311ba439ac2fa,README.md
Hammerspoon/hammerspoon,0366764f3577cfe95eb715e1ca060cb43cf85ef0,README.md
Hammerspoon/hammerspoon,03e6a5d10a1e035b0ef848699ca61d20df24a5e3,README.md
Hammerspoon/hammerspoon,0435c700d2bb02470849711248e9660a3e690a60,README.md
Hammerspoon/hammerspoon,05e94328b0f7c87b2746eae7800d4a623f7643df,README.md
Hammerspoon/hammerspoon,07699f7f7a9a19b5f51dedde0c3acc1bada28905,README.md
Hammerspoon/hammerspoon,076f94a72aed89a538d813160e5eca92a5997fdf,README.md
Hammerspoon/hammerspoon,07ecbd383c582dfc49e7ac03cd6a2b97fd19e47c,README.md
Hammerspoon/hammerspoon,0910f3f1c0b813353de1ec6562d048a58ccac7ef,README.md
Hammerspoon/hammerspoon,0a422f6899444becc282f3f9b7cb1e45a3ca3803,README.md
Hammerspoon/hammerspoon,0c7107fb8e206ca54cbc400c50a3005c3ce8748e,README.md
Hammerspoon/hammerspoon,0c8095365d20640dc2c6ce156ba41fa5d5117f99,README.md
Hammerspoon/hammerspoon,0d237535f0213a9b5497b3f1f95ca0a3c946890d,CONTRIBUTING.md
Hammerspoon/hammerspoon,0d56657d7fa21cadaf44d6bf94acab7599d74248,README.md
Hammerspoon/hammerspoon,0e0513f35914381313cb832b1a4b326653477e15,README.md
Hammerspoon/hammerspoon,0e98a361ddae890f7d65e02a68a2a7304344fad2,README.md
Hammerspoon/hammerspoon,0f51b75a0756c59f5a9788414ff6c6149997596e,README.md
Hammerspoon/hammerspoon,0fb4622a2faf4ea744e3abbe29dbc612c67887cc,README.md
Hammerspoon/hammerspoon,10a1c87f828d236f3081a2f3a155731c9a10c346,README.md
Hammerspoon/hammerspoon,116e8f14cb0e2c623cbd916b749278ea86c53373,README.md
Hammerspoon/hammerspoon,1189565bd396f9d3f0480e4d62465d4963f3511d,README.md
Hammerspoon/hammerspoon,1245b533f5004d899928e3dbec90eaebaca13ea5,README.md
Hammerspoon/hammerspoon,128fec94dc9b91ab8936cf10f4f425c155d41f47,README.md
Hammerspoon/hammerspoon,137f12060397b976e08bd6f422b3b101defb6f3a,README.md
Hammerspoon/hammerspoon,14b62196d566e49f654244145b3b6a89dbcf7130,README.md
Hammerspoon/hammerspoon,15bf4d4147d8736dd1d5e831beeecfb3e14a1b22,CONTRIBUTING.md
Hammerspoon/hammerspoon,162cc9e82d3a1a8f45c9f7012a1b59f2d8bc0fba,CONTRIBUTING.md
Hammerspoon/hammerspoon,178a46868f88e6bb01034aee6a980faea8176fb6,README.md
Hammerspoon/hammerspoon,18dafe37d16709c369e988c0b99e54a783224ab0,README.md
Hammerspoon/hammerspoon,1a263e38909a2793ef660996e082a81764c91cbc,README.md
Hammerspoon/hammerspoon,1b6a707ff1b634727483bb5fb2c9b01e56bbd002,README.md
Hammerspoon/hammerspoon,1c64cbd391cf86d170fde90cf0225534023caedf,README.md
Hammerspoon/hammerspoon,1c88f54c4e28a71d169ca16e42dd29fe37251dd3,README.md
Hammerspoon/hammerspoon,1cd525fb43db32f87003582d13a44c8dac06afcb,README.md
Hammerspoon/hammerspoon,1db8fdb34cb422849ac0740ed4aee7dddeb280db,README.md
Hammerspoon/hammerspoon,1f740214c853466a5f30dd724ccf2b8ba5798857,CONTRIBUTING.md
Hammerspoon/hammerspoon,1f740214c853466a5f30dd724ccf2b8ba5798857,README.md
Hammerspoon/hammerspoon,200945ba51691deb2c903980ef0f7c5307facfaa,README.md
Hammerspoon/hammerspoon,21ad394e5234adee27c80a526bf94ad8929f6b5e,README.md
Hammerspoon/hammerspoon,2322bc17c768e398673e95540573f31bcb0336be,README.md
Hammerspoon/hammerspoon,232a6044342fb22309faf7d0ec96687630ef3fd7,README.md
Hammerspoon/hammerspoon,2374d0f6e14eb1d3faa02110ceb591bc1031c011,CONTRIBUTING.md
Hammerspoon/hammerspoon,2409e839b2c96a62bfea00a9373d20541e7c6568,README.md
Hammerspoon/hammerspoon,25e923ba43ea560e2145ce49d9ab5ad44d8923d1,CONTRIBUTING.md
Hammerspoon/hammerspoon,2802f98a1024247533594300fc882224ef1facc7,README.md
Hammerspoon/hammerspoon,2854607e3d4e76c7ae9b055af6c43046d1727bd7,README.md
Hammerspoon/hammerspoon,28d6631a2308099aa6a15fde3fd7807b12d626f4,README.md
Hammerspoon/hammerspoon,2984753279ef86d86a0a45ef06f821e4d1c4d40c,CONTRIBUTING.md
Hammerspoon/hammerspoon,2c5f82e3e0ba68c51b523358c41473d2dac847e4,README.md
Hammerspoon/hammerspoon,2f5b9e09b4d6cfd0244e9bedb9911a34ae049322,README.md
Hammerspoon/hammerspoon,30f2ff88d501b608a8aacf8f362149eef9cbe05d,README.md
Hammerspoon/hammerspoon,33ed23e6f2b502e9556882f4a9d7268ec0ae8b62,CONTRIBUTING.md
Hammerspoon/hammerspoon,3450f4126c065641e20b46f8377175c3269482c8,CONTRIBUTING.md
Hammerspoon/hammerspoon,367d0a305affa6b11d1b5a2aa5036df86291f08a,README.md
Hammerspoon/hammerspoon,36aed9c303ea828c73ba774743e6af016332506f,CONTRIBUTING.md
Hammerspoon/hammerspoon,383a0252ba56c5ca8b7d8b7dfb1961b190ba8c8a,README.md
Hammerspoon/hammerspoon,38522b3a11d54cf65902aadfa8d9a94e4a9202b7,README.md
Hammerspoon/hammerspoon,38e55fd60884edfe33a9c3c68d68b27bd0c8629e,README.md
Hammerspoon/hammerspoon,3958b3f7d1669ae1a936580e7e375f63386dd1a4,README.md
Hammerspoon/hammerspoon,3a846355f3eb6758937908e9f8852643b2120e26,README.md
Hammerspoon/hammerspoon,3a855a85b08a1530f6ea4635f1e0d99c496b2c0c,README.md
Hammerspoon/hammerspoon,3aab64145ee85472c248f29d3abf2830c413b1bb,README.md
Hammerspoon/hammerspoon,3af6faf191aef0c0941df28fb657ee788df8157f,README.md
Hammerspoon/hammerspoon,3b23a2b20e5f6f9a681a8c1669ebbdc74e88fb10,README.md
Hammerspoon/hammerspoon,3c0ad711b68520b21ba5a2e7b6e3ec5f5c9a05cd,README.md
Hammerspoon/hammerspoon,3c9e243b60a2783637ae5f94701f69c0e8d331b6,README.md
Hammerspoon/hammerspoon,3e1f28b30fc4ec84c1d24b025a06d31b8e349136,README.md
Hammerspoon/hammerspoon,3e8e0580bc7d588ab2d42b1e571150f11569cbc0,README.md
Hammerspoon/hammerspoon,4057401f58395f8fedf519583a833fe7ce89f5d3,README.md
Hammerspoon/hammerspoon,429a73d72e507c22c536bcb97edeb8f57bdd72ba,README.md
Hammerspoon/hammerspoon,436a85968d5a3caf0e170b59bf382669034b9aa4,README.md
Hammerspoon/hammerspoon,45335ac72f0405588c7947351a7002ce1c4a169f,README.md
Hammerspoon/hammerspoon,464af61444c3975c5136cdd2924e1d204d97d769,README.md
Hammerspoon/hammerspoon,469116216eac9d0a318685fa32cbbf7a229b8022,README.md
Hammerspoon/hammerspoon,4b29f85831198a342c4fd4b55fc99a537411ac7a,README.md
Hammerspoon/hammerspoon,4dcb2cc59e7abaa489889e6445d9e8d008aecbdd,README.md
Hammerspoon/hammerspoon,4dd42bf3dc9514af2990c31f96cae7a0aec20561,README.md
Hammerspoon/hammerspoon,4e0920e5b2f46fa7486808234c4210dad3d4151c,README.md
Hammerspoon/hammerspoon,4ef364a535d3ebda26380c0ad000c15d3ad100e5,CONTRIBUTING.md
Hammerspoon/hammerspoon,4ef364a535d3ebda26380c0ad000c15d3ad100e5,README.md
Hammerspoon/hammerspoon,52923d889b4d423c1687249ca65f3314e647ad68,CONTRIBUTING.md
Hammerspoon/hammerspoon,52a624e6f9227de85297060614a9bd7c6cc02947,README.md
Hammerspoon/hammerspoon,53f37f83ce0a6cff2d7e6fa83408e666173c785d,README.md
Hammerspoon/hammerspoon,542531c6b667d1914966f05dd28b9646b8b910b5,README.md
Hammerspoon/hammerspoon,54da51c01c80688c19a6f2e1f717aff9b282f53e,README.md
Hammerspoon/hammerspoon,56b2df44d50aa28c4674659bca93d00a0205bb5d,CONTRIBUTING.md
Hammerspoon/hammerspoon,5772da067031c94f2bf022bc6420e441538f0eb0,README.md
Hammerspoon/hammerspoon,581e97954d45c5976f9f61ef4dbbed99c447ab1d,README.md
Hammerspoon/hammerspoon,58374e14541f18bdf1755e6117f7cbc05d22af2f,README.md
Hammerspoon/hammerspoon,589061a30df68d9cd9576f3b974f0e57bef358ed,README.md
Hammerspoon/hammerspoon,5ab94e56375f2ffad20c2685d8c2732128d3dc82,README.md
Hammerspoon/hammerspoon,5abcb2f9a52befcbd6398a2c5b47f9acb965994b,README.md
Hammerspoon/hammerspoon,5b5dc5bb96217c90f8a9cf632c611cadbe5e9e22,README.md
Hammerspoon/hammerspoon,5bceb9ad3cbdb799e67b83c65e6b07eff3769100,README.md
Hammerspoon/hammerspoon,5be4bc28e92cac66a0c9c05b53108352377e0440,README.md
Hammerspoon/hammerspoon,5c8e651abbccd4982a041b32171ec721152f52b9,README.md
Hammerspoon/hammerspoon,5d6b4cb089e13da6e8454fdc0ac72f6f1098bc8d,README.md
Hammerspoon/hammerspoon,605e5f6e0d6ad84d205c83dd23dafcea56bb3505,README.md
Hammerspoon/hammerspoon,607c0fb3f73f4e8e1faad60f8c9e13434f1a3608,README.md
Hammerspoon/hammerspoon,618fe1579bd3c57361c80385a50198f30290e7a8,README.md
Hammerspoon/hammerspoon,63655f51b3e3bee475fc64b7855ef9cbb2a88653,README.md
Hammerspoon/hammerspoon,6378ba7d7026412861be8151a01adaca9599ffea,README.md
Hammerspoon/hammerspoon,641a61bf161e3a8f55f3f54a91180b3dca231566,README.md
Hammerspoon/hammerspoon,641c7765cb813b3accc95dcc67bc2f301e7d684b,README.md
Hammerspoon/hammerspoon,64ae711dd50363f3c7051249667a18eb71c15c19,README.md
Hammerspoon/hammerspoon,64c1b94484bc434d2b272fd1370d643c7ab3e6b0,README.md
Hammerspoon/hammerspoon,64d5d6ae52025dc45b16a4ab4b6a06864d66140e,README.md
Hammerspoon/hammerspoon,65bafbc5d6180be55fe070dc47b19dcaf825c55b,README.md
Hammerspoon/hammerspoon,6613010c3254d5817c0775a0a5474c4756201b42,README.md
Hammerspoon/hammerspoon,666981511c074f71525bc8b9179089b16724faa4,README.md
Hammerspoon/hammerspoon,666a233e263462757f193ff563e2bcaa2e342fd6,README.md
Hammerspoon/hammerspoon,66d8fe4f05177079c6f482602cc4c8f63d9ad486,README.md
Hammerspoon/hammerspoon,67681c4548bdc871d807c86a14f1185d615990fc,README.md
Hammerspoon/hammerspoon,68899d0b1b35fe43c3d8bc298668f47a5adeaf4d,README.md
Hammerspoon/hammerspoon,69105b94dc5e5cb0c91fc1dbce5aea77df70049d,README.md
Hammerspoon/hammerspoon,6ac63399d7a37a41845971f910c4e77c851bc918,README.md
Hammerspoon/hammerspoon,6b6a78c0b91838f47f853d17c42535db58997b01,README.md
Hammerspoon/hammerspoon,6b97c1c20ec5b9fae4d38b2d7afc0fb1d38947a6,README.md
Hammerspoon/hammerspoon,6c75b7e72482d9646605af8a0e271f80022adb75,README.md
Hammerspoon/hammerspoon,6e68f5635803ec557809d17ed87e8595dd35ef2c,README.md
Hammerspoon/hammerspoon,7194320eabb3f57744c16341394d9ade88f27af0,README.md
Hammerspoon/hammerspoon,73088bbbda8c845c454b27c617791e11572e6557,README.md
Hammerspoon/hammerspoon,75100745ad53aae9fe9c85b048cb1adff4ec58e2,README.md
Hammerspoon/hammerspoon,75a69540551c6fbc4ead68eb5bdbc61b7ae15206,README.md
Hammerspoon/hammerspoon,75c475170c50fcecb9cb4bdbe81894c1633edbec,README.md
Hammerspoon/hammerspoon,7627ffa8616f42886a88338fd5a92d4889c565c4,README.md
Hammerspoon/hammerspoon,7674ce5b947c15952c7a5a4bab7b10163ae85d02,README.md
Hammerspoon/hammerspoon,77766a5f6a27eae3617d49fb651786f54d248b6d,README.md
Hammerspoon/hammerspoon,777f4266478df74f112a324d03dadfb31e6fac33,README.md
Hammerspoon/hammerspoon,78a1c64079e386cd800db0da6e297054771afd1b,README.md
Hammerspoon/hammerspoon,7aff572c23c52f328a653e3df77a822477f436e7,README.md
Hammerspoon/hammerspoon,7d5cb3389560f8ae544631e93b7c8a5ae62447fc,README.md
Hammerspoon/hammerspoon,7e542b8e6f6ef8bda3aafb4ee704dac34fa317de,README.md
Hammerspoon/hammerspoon,7ff20164137ae607f2737b21b52f8184419ba60f,README.md
Hammerspoon/hammerspoon,80d3ea2ff09b2b5937d91bda0e8cc02d69622f29,README.md
Hammerspoon/hammerspoon,816f4dc15e1cfc6e9b8efb328cbbb7f82591dc98,README.md
Hammerspoon/hammerspoon,829cb272459a1eab92b23e763e51a18deb1b4ebc,README.md
Hammerspoon/hammerspoon,83686a087f64eab47c1f0d09b890c39d40bc0750,CONTRIBUTING.md
Hammerspoon/hammerspoon,83f6ef9315b58adfdeb798f7dc8080d357581659,README.md
Hammerspoon/hammerspoon,8852ddf90fc7f2f481147f213d48d3e974b4b71b,README.md
Hammerspoon/hammerspoon,88e95b0b3b623c73866ca5c1318ce4138ff9ae29,CONTRIBUTING.md
Hammerspoon/hammerspoon,894ef218c87f5d678627a2a6378b76d682f43795,README.md
Hammerspoon/hammerspoon,896ef84d69210acf9a2a8aadd5654ae40d2cccce,README.md
Hammerspoon/hammerspoon,89efdd2c5519f65d342ab4b3aa95319d0587d8cd,README.md
Hammerspoon/hammerspoon,8a021c2d514886dbc8e7d3fddee8774043831f38,README.md
Hammerspoon/hammerspoon,8acf825a69877c74531b6aa55cb6a1fba83f303c,README.md
Hammerspoon/hammerspoon,8da1a67cdf440d4e465f001fb3ddc9203968821d,README.md
Hammerspoon/hammerspoon,8e231c8aee236296519df875ae9b4e7df9f8e0e5,README.md
Hammerspoon/hammerspoon,8f541d9a3f9bfb3fec29d6c7142c74974993343e,README.md
Hammerspoon/hammerspoon,90774f4766368a74d6110acb10028e7b444aacc5,README.md
Hammerspoon/hammerspoon,9081f4d04f7e0f4a4bd0b8101a64196c478fb394,README.md
Hammerspoon/hammerspoon,91fe6cf5fa58b327dd0ee30ab6227013386521ef,CONTRIBUTING.md
Hammerspoon/hammerspoon,927b533c3f617b8ff89bde5435cce2396fea81f5,README.md
Hammerspoon/hammerspoon,9294543673b40b1b8bbf8b6c2cde49c890142728,README.md
Hammerspoon/hammerspoon,967ca9733d2bc3fa9efa27b3d1ebfddd12b71c40,README.md
Hammerspoon/hammerspoon,98efc8f39e20db10740bf05a2d5014a44ea3e73f,README.md
Hammerspoon/hammerspoon,9935d4c10af36432b440a142703791dbf0ad825a,README.md
Hammerspoon/hammerspoon,9ad5e47914d2264c283c657ddebc1f227c26a971,README.md
Hammerspoon/hammerspoon,9b0809603fe87109ed4c9bace4ddaf38a6374f25,README.md
Hammerspoon/hammerspoon,9b51804604cde6ef0bf25dd7927462f4674a12ca,README.md
Hammerspoon/hammerspoon,9d86862989be0e532e8f03fe2a519bd61060139c,CONTRIBUTING.md
Hammerspoon/hammerspoon,9ebcacff4b239dcf9e5618409279e81528640509,README.md
Hammerspoon/hammerspoon,9f05ca546222131431f549190cbfcc4a0d370d91,CONTRIBUTING.md
Hammerspoon/hammerspoon,a089e12298cbd23612909304f0fc974eda332bd8,README.md
Hammerspoon/hammerspoon,a0dd0334f77ea83e02c2bb08017e277911c5a4a9,README.md
Hammerspoon/hammerspoon,a10e93746fc6a0460bf1a3e53040aa1c4c9f0b6b,README.md
Hammerspoon/hammerspoon,a17d941309a629809d75740f7ee6dcf35122ea6d,README.md
Hammerspoon/hammerspoon,a2e794ffbaa620308718f57a692d2cee93d264d3,README.md
Hammerspoon/hammerspoon,a327c305d1dd989b8bf3dc5c80564adcef68a34e,CONTRIBUTING.md
Hammerspoon/hammerspoon,a4646fac164a2f0fba05ac4bab8ff56b39732382,README.md
Hammerspoon/hammerspoon,a55953437e9d6490f3f06a02293ca31ffa4adf11,README.md
Hammerspoon/hammerspoon,a5a79fd3656ac432853921c002a683ba74448dd3,README.md
Hammerspoon/hammerspoon,a62c879bdbfc6646aebba1f943fe32fee817fbfd,CONTRIBUTING.md
Hammerspoon/hammerspoon,a7e0ad28d89c978f5630b01ca16e2b4d4f258bd8,README.md
Hammerspoon/hammerspoon,a8b8ff5d4a3953f8a5bd7c1c0a7fe012f9558382,README.md
Hammerspoon/hammerspoon,aac1bf6892e1c397e2be85dec4bc3f0e900dc8b8,README.md
Hammerspoon/hammerspoon,ad1b7bfbc0705420bbd8900902fe7a4754f94d09,README.md
Hammerspoon/hammerspoon,ae10a5fee02b18c9e35f2898566627f63cd661af,README.md
Hammerspoon/hammerspoon,ae1f31c1c40fac4846e77f149653472e84e83936,README.md
Hammerspoon/hammerspoon,ae5173e36347796e48437629a46ddd81a09747f2,README.md
Hammerspoon/hammerspoon,ae5f2252fccbb4cfe7879dea0f69e58405a5bf5c,README.md
Hammerspoon/hammerspoon,b03d628f792eb88188962643c32a490f1174c10d,CONTRIBUTING.md
Hammerspoon/hammerspoon,b2c5f5132545c866dc2bec8f0d19e1cea6cdfa21,README.md
Hammerspoon/hammerspoon,b2e1341c64c9b92ce889c73f726f329accf05136,README.md
Hammerspoon/hammerspoon,b31d22a56054a09bc91f9bbe03f84862ab08b805,README.md
Hammerspoon/hammerspoon,b3f1db226781490788784b26cef455272929ae2f,README.md
Hammerspoon/hammerspoon,b459fa0b1d9623f3884426246f9952bdbfb197ab,README.md
Hammerspoon/hammerspoon,b54251d8104e5dcfc42132f89952ef261092dcfb,CONTRIBUTING.md
Hammerspoon/hammerspoon,b78e811050275c3bc1b7cf05be9505d56b9b7a3f,README.md
Hammerspoon/hammerspoon,b92483283c79e1d45a47b16979302699d38318c7,README.md
Hammerspoon/hammerspoon,bb06c4580242516ff2d68ffeeda2907404871b8c,README.md
Hammerspoon/hammerspoon,bb2be322c5c20d18b29f1a69830a2f6ee229c711,README.md
Hammerspoon/hammerspoon,bbd764e302d0fd4845232c12e0bae11610057f21,README.md
Hammerspoon/hammerspoon,bcc71d633a6eb2b102fcd11d68941b9121315166,README.md
Hammerspoon/hammerspoon,bcdb803e84e7a31e07a84728e12b726f72f6b60e,README.md
Hammerspoon/hammerspoon,bcf84b7ad69fea77c67ce8782ed5d256564f4bac,README.md
Hammerspoon/hammerspoon,bd64929755142d0686cb014fd5ebd94a44a3b2e2,README.md
Hammerspoon/hammerspoon,be1c5935ea47cdc482709efb60f742180c122eda,README.md
Hammerspoon/hammerspoon,be4ef94088945df83bf00c53470ba334eeddabde,README.md
Hammerspoon/hammerspoon,c1c5d8199a8169c0292558a7f2e20a4625aab246,README.md
Hammerspoon/hammerspoon,c26d5dbfda62442fa4f7c0e93c42edbf6663cb6d,README.md
Hammerspoon/hammerspoon,c37f6162136aea2d5eeef08fa6f564303d3924e7,README.md
Hammerspoon/hammerspoon,c40ccca0795506f0462c17cbcf0cd775a9357a61,README.md
Hammerspoon/hammerspoon,c45d6018e906dc6491d6a16d8ef6b271466ca68d,CONTRIBUTING.md
Hammerspoon/hammerspoon,c4626a5f3b0337f04901e40db68eb7f126a784db,README.md
Hammerspoon/hammerspoon,c4eb67249fac48506451b421c81c591b6b7a8eb2,README.md
Hammerspoon/hammerspoon,c57fb72d0d3f4b98de3dc59361f4211aa4b65c2b,README.md
Hammerspoon/hammerspoon,c67524fddad71791b8994ca6684bc970f92e3bf6,README.md
Hammerspoon/hammerspoon,c6eec198e2d98c539b0506532f29dbc018316cac,README.md
Hammerspoon/hammerspoon,c73dd3c675a1b4dec2601e36fc4118ef990765e8,README.md
Hammerspoon/hammerspoon,cb1ae64158228ec42f4b98c8d0d2f8c0df0ae147,README.md
Hammerspoon/hammerspoon,cc465e98e4dd925a96f380e0be7fb8f0cf2b5dfd,README.md
Hammerspoon/hammerspoon,cea6e4def7ea70f0e458fc808c27f80b19fb8d25,README.md
Hammerspoon/hammerspoon,cf20df73bda13ee2add8a5a9710d6df62460aee0,CONTRIBUTING.md
Hammerspoon/hammerspoon,cf20df73bda13ee2add8a5a9710d6df62460aee0,README.md
Hammerspoon/hammerspoon,d0bf8ee7e2565cc1355141381c03e3c2dd27bfc0,README.md
Hammerspoon/hammerspoon,d1ae3b5cae844afda99de966e856a6bb650cd397,README.md
Hammerspoon/hammerspoon,d2a3b2ccace1ba4633588fcc3006c14d28dbbfe3,README.md
Hammerspoon/hammerspoon,d2c77482c44f5fc1caa749740c3e65c46324e283,README.md
Hammerspoon/hammerspoon,d605997e8422cb6048978268a1a93037634687f9,README.md
Hammerspoon/hammerspoon,d71dad892e79b227afbe3ac1138dfc33c59bb323,README.md
Hammerspoon/hammerspoon,d7ef8d4adf6eae8bb448316f13b978f932ff15fb,README.md
Hammerspoon/hammerspoon,d7fc09243f2eb07bd5cf423d9257ad5194cdf061,README.md
Hammerspoon/hammerspoon,d83c59ad2f2b9f1d0b31bd9e992260ddb150fd80,README.md
Hammerspoon/hammerspoon,d87c708f0da3a34c4899aeb3f28cf7306265b4ad,README.md
Hammerspoon/hammerspoon,d8f77721355f5fc33ee3a060db52a5fbddff6a96,CONTRIBUTING.md
Hammerspoon/hammerspoon,db02f96465b718dc6196789bab8f072a64f5ad0b,README.md
Hammerspoon/hammerspoon,dce9d75c9c1683229920b31fbef117fa6d11d790,README.md
Hammerspoon/hammerspoon,e0f1335298b775aeedde6c8c09496aa5bb7af231,README.md
Hammerspoon/hammerspoon,e124887ef42b6194c2e11f66cbe0d5494fec02e8,README.md
Hammerspoon/hammerspoon,e2503e5ae85981fcafb5a7fc456362bdef1e0a89,CONTRIBUTING.md
Hammerspoon/hammerspoon,e26eb84d263a356e4cd62ecbffe53f122576683a,README.md
Hammerspoon/hammerspoon,e2e6fa2e2b651ed94ac7234c1ab6b79303540a33,CONTRIBUTING.md
Hammerspoon/hammerspoon,e37073dacf2a89aa7776259150ac0779e9105402,README.md
Hammerspoon/hammerspoon,e40b17ac06abb5cd7c04f0560b8dd04b17c95b06,README.md
Hammerspoon/hammerspoon,e736706234baae894c49ffc29bd9d537fa1134bc,README.md
Hammerspoon/hammerspoon,e76a213bf838006517a465e95039b5deb7357178,README.md
Hammerspoon/hammerspoon,e8446d3d0ad52a916e8aab6e78e1ea998abe904e,README.md
Hammerspoon/hammerspoon,e91b10fb1c969e76769ed472cbfa882a13b3e4d5,README.md
Hammerspoon/hammerspoon,eb535dee8b494ed0c05865f69154b559545f0899,README.md
Hammerspoon/hammerspoon,ecc1afd985b48d5aa424ed5832b5af90a61318d3,README.md
Hammerspoon/hammerspoon,edb5d99a7093a42ef2ad95c79747d8f4ba6f6882,README.md
Hammerspoon/hammerspoon,ef27d00f1ec3e5493547f64b060743bc00a3f544,README.md
Hammerspoon/hammerspoon,ef8d90170247bb3734268611a99d1b9b71705db2,README.md
Hammerspoon/hammerspoon,f007e23641e195696df76fe1fc2bed5ec506e37c,README.md
Hammerspoon/hammerspoon,f007fca61b6258543d8e39caa62f4c81e978073f,README.md
Hammerspoon/hammerspoon,f053cb994bdc3af9008df72790520dfabced2217,README.md
Hammerspoon/hammerspoon,f06d2b3e7e1d0037d909137c1c045cf44fa25f42,README.md
Hammerspoon/hammerspoon,f081acecf7bfef93305160d521d4a2fe0da164b4,README.md
Hammerspoon/hammerspoon,f09ff5b332411dcd91f07065c1558338d61951cc,README.md
Hammerspoon/hammerspoon,f0b71247a2cf74d9033d202980f5edd3629135ff,README.md
Hammerspoon/hammerspoon,f0d3591cc4fa1c1db0ba04c23d1441c84cbfb588,README.md
Hammerspoon/hammerspoon,f262bd043a60b1e382ef1fd3e141cba62a2e6f80,README.md
Hammerspoon/hammerspoon,f2d0c964eee138f6704528b9636ef455504fa53b,README.md
Hammerspoon/hammerspoon,f925857423d2e91f35035b090f43bf92b336bf7f,README.md
Hammerspoon/hammerspoon,f954b160bbbef218979c9aecc1bd964b5406f1f6,README.md
Hammerspoon/hammerspoon,fac2618ae66e2eeb9c04a86eaaa4f7db86c474ac,CONTRIBUTING.md
Hammerspoon/hammerspoon,fb9b1e33f016043f492216d2ea1f0ce8efffc210,README.md
Hammerspoon/hammerspoon,fc54645a61ff8d8d66199f0c00f99985ae4e8b05,README.md
Hammerspoon/hammerspoon,fc60fe6074cd7026ab06ddd27f0634bf24e04e79,README.md
Hammerspoon/hammerspoon,ff0dc2fe28b2b376bf6d027b8b1269301ff31068,CONTRIBUTING.md
Kerumen/react-native-awesome-card-io,00a68e300101aa4e452c75fc8bb013a888685066,README.md
Kerumen/react-native-awesome-card-io,05c4c132497d879a0117efb8fa198c6282da899f,README.md
Kerumen/react-native-awesome-card-io,12d207b0770f2d280c3acbef6d5b01a8c4a85620,README.md
Kerumen/react-native-awesome-card-io,3aff646e9d13a8e56e1b4889f654d0d4b1debf8b,README.md
Kerumen/react-native-awesome-card-io,5d3ff504f2dc984c8c9e051c79a5c23aee45986e,README.md
Kerumen/react-native-awesome-card-io,64dbd467ff1ececc74edf098739ded8fcac9807a,README.md
Kerumen/react-native-awesome-card-io,6688b4bc99bc2b092465f02ea2ee7009aed487fa,README.md
Kerumen/react-native-awesome-card-io,78f9fe1f165e2f5c12380f948d71eb45398a6358,README.md
Kerumen/react-native-awesome-card-io,796a3a3ba1d25b7fbba506ba740ce808122dfd60,README.md
Kerumen/react-native-awesome-card-io,811e595497370cb790390ceecf3040a466c90c53,README.md
Kerumen/react-native-awesome-card-io,a9d134acddb1d50aac87ff2152b500ba80d9f449,README.md
Kerumen/react-native-awesome-card-io,b348336cc264fab773b638fe28e9ae4f23bf3660,README.md
Kerumen/react-native-awesome-card-io,b630b8defaf759562c052b6c55c23f19b6adfc10,README.md
Kerumen/react-native-awesome-card-io,b747fb53868f61edbecf8d0499a10425dfe8d628,README.md
Kerumen/react-native-awesome-card-io,b80f3c02913b3344576e4e4981ce43a121d10632,README.md
Kerumen/react-native-awesome-card-io,b9a0e785a0aa6649a978135ec00dad3df98679f5,README.md
Kerumen/react-native-awesome-card-io,c11989d0715365cb00b3c9971cf34bb2185d52e5,README.md
Kerumen/react-native-awesome-card-io,dd13971d5b7e2b2fb973bff2552ab0670fb36c7c,README.md
Kerumen/react-native-awesome-card-io,e1d1e58fd3602771e5d951cf84ae592b671960a9,README.md
Kerumen/react-native-awesome-card-io,e33c9e54c9f944d325de76933d5a0241d07a5d81,README.md
LaunchAcademy/south_park_reviews,11bcbc1ad1cd1370313f101068d42997de171ec9,README.md
LaunchAcademy/south_park_reviews,82f354d3262214a2cd199b916295c25e4f97cf62,README.md
LaunchAcademy/south_park_reviews,8a719b45a913e18937c5be4e6fce59002c3b18a0,README.md
LaunchAcademy/south_park_reviews,a44874fa0815bcbe7bff4d2354c4c1355c5f1dc3,README.md
LaunchAcademy/south_park_reviews,b774b577a765c30174d9867d01321938d3ea0c30,README.md
LaunchAcademy/south_park_reviews,c6b98eedabe48cedc28510af2d383a56814a989d,README.md
LinDA-tools/LindaWorkbench,0a104a011a273fd5277a3733ee30e4de3c769dda,README.md
LinDA-tools/LindaWorkbench,0afa8576ef9b46ae78580e2f46ba0c8d8fa8acd7,README.md
LinDA-tools/LindaWorkbench,0f95fb1856906d2000f7314d806cdc812e86ab98,README.md
LinDA-tools/LindaWorkbench,1aaa78d0a2a8c489e9490d9d718eb676f349fb6f,README.md
LinDA-tools/LindaWorkbench,23d2742a3dc64f375e0af9937fa7127deec6ff84,README.md
LinDA-tools/LindaWorkbench,3dec57d295051c383c24881ff8c073be7ef42b79,README.md
LinDA-tools/LindaWorkbench,44b30e5421dd05c5d0de73e31cd3de0dfba13444,README.md
LinDA-tools/LindaWorkbench,53e87d218f1ae2bca0ff84eef6a225851ec95004,README.md
LinDA-tools/LindaWorkbench,68b1d3e1df71a437b3c18175ece381d739f01b83,README.md
LinDA-tools/LindaWorkbench,7267e11d4cb51092218f4c150231eb1384a2d8af,README.md
LinDA-tools/LindaWorkbench,82e7d832b08fb2810e5f8c59bc55da17b9f424fd,README.md
LinDA-tools/LindaWorkbench,ae7d1e8d69d7420cabd400c221a4f423523abc06,README.md
LinDA-tools/LindaWorkbench,c2bacd6c274ca232afde8883f76b37cf85af0313,README.md
LinDA-tools/LindaWorkbench,d449a4fa98ee41dea95b68410757ab30431960ba,README.md
LowieHuyghe/edmunds,236d087746cb8802a8854b2706b8d3ff009e9209,README.md
LowieHuyghe/edmunds,3663c573be0dded628874058664791e213b4bcc5,readme.md
LowieHuyghe/edmunds,46186de3918fd4fa52ee4cfbe2b42627b9cb6eed,README.md
LowieHuyghe/edmunds,5533f1a28d4c645f4d7642a345e768d8dbcbb8de,README.md
LowieHuyghe/edmunds,561c234baecb813ea0e516ec79ec0d770c649c45,readme.md
LowieHuyghe/edmunds,5e6e3ba4d76b44b1a19786feaa8a5011e613e452,README.md
LowieHuyghe/edmunds,8340ff06cd614772112b118e11848ebc1be00dba,README.md
LowieHuyghe/edmunds,85e6b6cc2eac6c7fbc658db9df01ad72db29ee33,README.md
LowieHuyghe/edmunds,a0dba6b5cd587ecdb18a8f4d7af416b94dc2eb42,readme.md
LowieHuyghe/edmunds,a791f11a7a66f1d5a46ca888b7d18507b196e76a,README.md
LowieHuyghe/edmunds,a920d1b3275035e92b2f138eb2ad7d75010fd238,README.md
LowieHuyghe/edmunds,ac1e9125f9b67d4b213796e56721af2fdd6609d4,README.md
LowieHuyghe/edmunds,b618736de0926082b66f8fd495b2548a0743ddd3,README.md
LowieHuyghe/edmunds,b7d114d19d00b27e1c5cfd3f78094d0cb87bbb60,README.md
LowieHuyghe/edmunds,b879d2936cb629b646f60e69f5cb9950863de856,README.md
LowieHuyghe/edmunds,b95c3d34b5379e3670805ab92c2435c6d2370167,README.md
LowieHuyghe/edmunds,c301c6a6bf70626cf267d90157f7fceb8d26c70a,README.md
LowieHuyghe/edmunds,c5c2bb76182424a9214fd23e27e8ad7cd904eb64,readme.md
LowieHuyghe/edmunds,de3b93ab7448734c4d803070165f1b5ae5eacd8c,README.md
ManrajGrover/halo,02a6c44aa941031b322ee353bf9c7a2225da6fba,README.md
ManrajGrover/halo,033d8c307569421457c34dddb80b3ebcad1e14da,README.md
ManrajGrover/halo,0f7e071ec70e8b239c33add28875af6756b5b929,README.md
ManrajGrover/halo,1049092ef7d86b45461634f532425a5003c8f76f,README.md
ManrajGrover/halo,105fb6115a1e7cff8820af9699050c7b39f1c869,README.md
ManrajGrover/halo,14edc8d88ce8a8552d62d668c77cb0977be6fd29,README.md
ManrajGrover/halo,16c6e3e70ebcb066cf16d1908c24d88270bb14b3,README.md
ManrajGrover/halo,2d291bc3d7fc7b29447d12fa14976804c48a5501,README.md
ManrajGrover/halo,40c3e6d1a4c4969d4dc6d915cd78e8da36f04856,README.md
ManrajGrover/halo,492f2de845b3bae725c927cc0c220b2bf42f5700,README.md
ManrajGrover/halo,4bc6a076c81901259efaa9d74628a96a652040e0,README.md
ManrajGrover/halo,4c16a198a4093f8e8ce882934e22072a4f1d8cdb,README.md
ManrajGrover/halo,4dbaa1a52356281cdf18cc1ce19016ad9276c09e,README.md
ManrajGrover/halo,58aa60c8e0b5cc275ec2584cfed9c20702ff6777,README.md
ManrajGrover/halo,5ac8873320e1abc09e019ba9b2a5c5bc3cdf467a,README.md
ManrajGrover/halo,6e1ef16179f3dd46f12592ba43d45b5cfed28b86,README.md
ManrajGrover/halo,713d405257ad12268a3010b752d3ba6924324c55,README.md
ManrajGrover/halo,72f23dc1729b917450b461077d73ca812952aee8,README.md
ManrajGrover/halo,81e731fb50fdde352a3c6c140d041ee2e6fb2f00,README.md
ManrajGrover/halo,85f53199dbd9e27414d3e97175e1a6b7e2836ab1,README.md
ManrajGrover/halo,8a32d277750ccd2c9bcf407cce6ba12a09f896a3,README.md
ManrajGrover/halo,9729f69379ec90137180ce216b0c42a8a7264a04,README.md
ManrajGrover/halo,a48d3f887618a765edc83c55c2b2bdc2696a0310,README.md
ManrajGrover/halo,af0cb2026241281ab1047770193e8ef0da8846e6,README.md
ManrajGrover/halo,bcc271417cb7728ff22c37e3dbe8b8189e47739a,README.md
ManrajGrover/halo,bf5d447e3a19735c25cf6ea5409786ded0a9576f,README.md
ManrajGrover/halo,c6107df3cdbb09060185a9a457779f5af6bc8f59,README.md
ManrajGrover/halo,c770065f2c1a28766834a430a1fe0c568adc08bb,README.md
ManrajGrover/halo,c862cc69df3b2fb458bf2730d0d9672b3d33ee0a,README.md
ManrajGrover/halo,e0140825a2e52985a84b7d830037c2d676ddd8a5,README.md
ManrajGrover/halo,e773f3b492f2800c7321c690eb3478d6528964d5,README.md
ManrajGrover/halo,e774ba743b6fc7bcd0f6af97521d2e58aab748d5,README.md
ManrajGrover/halo,e7bb3654e4dde4b9adb5395d4ec945f9e833809b,README.md
ManrajGrover/halo,eaac0591c1e9d70f25b29e1140ace64f7f9431e2,README.md
ManrajGrover/halo,f40913096284e980a890bec4ce6b2436b68f4bc8,README.md
MetalPetal/MetalPetal,06e7d0d0d5da45cf7aa65fd4944a8044494a170e,README.md
MetalPetal/MetalPetal,0b5d6a25286af47ee468abd0317568292e614403,README.md
MetalPetal/MetalPetal,0e244f7d6f0096b824234d063df08156e4781d21,README.md
MetalPetal/MetalPetal,0e2d0d466b588d32637df4296abcf57f1318f701,README.md
MetalPetal/MetalPetal,0fb0a75120d44067c878e4ef569ab91a6adc3e43,README.md
MetalPetal/MetalPetal,0fca327da3d15dbb9a464b2033255cabc3e4964a,README.md
MetalPetal/MetalPetal,111e1870c44c547ce09cd9c2e94d3de3cc931970,README.md
MetalPetal/MetalPetal,14ac6c1e49864bb76edfcb2a42c981ccea96c427,README.md
MetalPetal/MetalPetal,19236ed27e1a2cf88e1778f4901c66d00e7626d1,README.md
MetalPetal/MetalPetal,1a02c4bc8ad0478178c0345b3eae4c1900970162,README.md
MetalPetal/MetalPetal,1b38009abae5a66f7e4a47c65e9a65d68b7de44f,README.md
MetalPetal/MetalPetal,1cac7c3c7e4a77f2f8e737b5b334347c21407cc7,README.md
MetalPetal/MetalPetal,1e3f4f8e3e86bed6d3d521e5e873ad5aa41d12d8,README.md
MetalPetal/MetalPetal,1e6a9a0ae8b664c4ee5275b8c21073877814506d,README.md
MetalPetal/MetalPetal,1f86f0e97174a1ad86db782fbe57612ae9818a8d,CONTRIBUTING.md
MetalPetal/MetalPetal,225fb64d42a58eb8ecc9f5b3b48399c6a920d41c,README.md
MetalPetal/MetalPetal,2632ec6bfb5b098ea597321c9f5026404e835597,README.md
MetalPetal/MetalPetal,2a9f1f0271f21237d2ba9ec88b8a68faf8ae60ec,README.md
MetalPetal/MetalPetal,2bca52fb8e0754898ddc4e80269eb895f826fb0c,README.md
MetalPetal/MetalPetal,2f9e6b88c62f881384c4fadf78de06e8f1f9cfec,README.md
MetalPetal/MetalPetal,2fdd5ea906330a39e435348d17e5f2714a7623b8,README.md
MetalPetal/MetalPetal,36e59e164a935410ccf14b7ababd656c3f4ef762,README.md
MetalPetal/MetalPetal,392a3eb32691110bfc14fc26284e4a1dd05a3e4d,README.md
MetalPetal/MetalPetal,3cb78d5a43bb0ca2a42d9d5df776b68a42cb0f53,README.md
MetalPetal/MetalPetal,3e2217c7452331519c832be463535ccbdfcc3257,README.md
MetalPetal/MetalPetal,41d0461ce47e1142ba25c0be46d518e5b416a9af,README.md
MetalPetal/MetalPetal,46f17dcfc8c388e1ba7e301537f56dbf432c0fe1,README.md
MetalPetal/MetalPetal,46fb13a36b034e30ad795011d33ca927c485a59f,README.md
MetalPetal/MetalPetal,4a6acd0998d151aa0b9755cea95d491f95663fbb,README.md
MetalPetal/MetalPetal,4a9b74375aa56c8c1b9b5e24fe1b086afc08cc2b,README.md
MetalPetal/MetalPetal,4db669b6cc8ecba2622d924b185dbb8c5514f333,README.md
MetalPetal/MetalPetal,54c6c1651b5c1c48ce004204b4eebad0a0a215c9,README.md
MetalPetal/MetalPetal,5760089ac29a102ca25ab95857d97c617eb2773b,README.md
MetalPetal/MetalPetal,57d6882895d5446710c809170314cfd7c5316aca,README.md
MetalPetal/MetalPetal,5f12d081bc81c6806f430b31fc0b0301bf972c50,README.md
MetalPetal/MetalPetal,5fd676b7c3177bbd161a634f3837f1f7bf63d3f0,README.md
MetalPetal/MetalPetal,613b060c026c051cbf2be25fdedbda66e5e01474,CONTRIBUTING.md
MetalPetal/MetalPetal,62be02b690445804bbb210ee4a3abcf54fb82844,README.md
MetalPetal/MetalPetal,63cd1b22003ae1563006e020d074eda2d122e5a6,README.md
MetalPetal/MetalPetal,644ed864257fdba7ff9dd5e285f27ecf83df89a0,README.md
MetalPetal/MetalPetal,64b894ff8d2e0fa1605ed6f77cbb5c821726c1fe,README.md
MetalPetal/MetalPetal,6e19af585fcb57ac95dfeaa633765b278a646b5e,README.md
MetalPetal/MetalPetal,6f421d792d56e56d12a8c80d6666f1129927b6fc,README.md
MetalPetal/MetalPetal,7027c4953283448bea29cdf1cbe8f5b6563fe595,README.md
MetalPetal/MetalPetal,716538fd93d8b04a5047ab0c3ec8fa35911c7b88,README.md
MetalPetal/MetalPetal,7510fc09d82c7f0a7862b861ce03e97ac2dfac84,README.md
MetalPetal/MetalPetal,7c9c0e0048f117badc262c9d2682ef7531096360,README.md
MetalPetal/MetalPetal,7da1519f31dd4e7145f7f70797633b4b59441d74,README.md
MetalPetal/MetalPetal,7fb0150637af0258e8709579479fb826780f8ebe,README.md
MetalPetal/MetalPetal,8a143f957993fd8f2136d4962af7772054304eb2,README.md
MetalPetal/MetalPetal,8d5c5ad5c9e9c25bbc179aa73582a8c615c99950,README.md
MetalPetal/MetalPetal,930422b0950cc57c21fcb6ab7f67763e5ab457b3,README.md
MetalPetal/MetalPetal,97280b5da46ea0015b2c2e0ce2e89bfb72acbd2e,README.md
MetalPetal/MetalPetal,98a190836211a9a8f064ea5df434cfe31e019494,README.md
MetalPetal/MetalPetal,99be66ce833df174fad0e8d1f6a9d6ada28f6a20,README.md
MetalPetal/MetalPetal,9a16bd3efb1aa05aa29e6afbdbde1c257007027e,README.md
MetalPetal/MetalPetal,9abc8507e591b1de7a5878a40c6ac3b826c16eac,README.md
MetalPetal/MetalPetal,9c33bad433d69ac97b18b9aa2626bb5a7a7ce5d4,README.md
MetalPetal/MetalPetal,9c6a5c9e1dae05fccf8990a06476cd54dfc219d6,README.md
MetalPetal/MetalPetal,a55d1f9d5bf21f2561bd0b1c9e261b7f7f5487e0,README.md
MetalPetal/MetalPetal,a6a695178d625974f899bcc128295baa783edeae,README.md
MetalPetal/MetalPetal,a77619285872c5dfc47407a21e0e0e1df8bed200,README.md
MetalPetal/MetalPetal,a92643fadb79d4662a3591b24d7a0ef472c9ba0d,README.md
MetalPetal/MetalPetal,aafc0e2a17a2d20d07644599c966f1be3330ce10,README.md
MetalPetal/MetalPetal,ac07bf7355d29760b857f9d08dfbf797bc1718f7,README.md
MetalPetal/MetalPetal,ae6ee01976748f22afb6d58cef035b5cd182c612,CONTRIBUTING.md
MetalPetal/MetalPetal,b00a5ee7549d554f05d7eb0d03efebcc830201c2,README.md
MetalPetal/MetalPetal,b134c618c79152f8c2734a7dd03f9f675c1d8b47,README.md
MetalPetal/MetalPetal,b5a82c1fef56b6c42e77015b0fc66ac068d48232,README.md
MetalPetal/MetalPetal,b63cec9cee0dde88088516e06a413d4b6308c8c2,README.md
MetalPetal/MetalPetal,bc1462b1f7544085dc3ecd17f217fabdbc6f7f1a,README.md
MetalPetal/MetalPetal,c21c31cfa05826e56efc6d98c9209beecf569683,README.md
MetalPetal/MetalPetal,c25e3b131e1a3eede98219e8227f0ad876666f70,README.md
MetalPetal/MetalPetal,c3cc74d383f3c6a52e7e3e6fac30925e9b3e4aa7,README.md
MetalPetal/MetalPetal,c41285e3f2de9d25e128c4d642bf1f06a98d69b3,README.md
MetalPetal/MetalPetal,c97c69b2fcbf4f3851b4e53c4a468283a76d4f36,README.md
MetalPetal/MetalPetal,ca14962cb5fda9a7dd4c46440b59758ee9749057,README.md
MetalPetal/MetalPetal,d403162c4a09d21ed5a049a05fc1b9fb6a16f3f2,README.md
MetalPetal/MetalPetal,d91fbd9807178950772ff3b28e137c5d234ff6e8,README.md
MetalPetal/MetalPetal,d9f891e09b773fd582e17321521a4bc806d0f745,README.md
MetalPetal/MetalPetal,db7be7ffcfa75341e53420293c3d8ea0ee415950,README.md
MetalPetal/MetalPetal,ddbfe3811be207217fc7fac347443fa216b081da,README.md
MetalPetal/MetalPetal,deeecb22f65ab00fd6799285a08f56e7857284f9,README.md
MetalPetal/MetalPetal,e57cba51fef90711a489ccbd5dbc2a834c8f0580,README.md
MetalPetal/MetalPetal,e7b023765b80d851ca7374dc697489d33e4747fe,README.md
MetalPetal/MetalPetal,e7e0d0fdb222cb98757732ddb4546ba87f0684dd,README.md
MetalPetal/MetalPetal,e8cc214e77259941e4b6ff29e8dae50e9f86d72e,README.md
MetalPetal/MetalPetal,f57b891e55e8d0dfaa05ba9dcbd0bbd6d23d0cff,README.md
MetalPetal/MetalPetal,fd28d7ec6d8458ba5be2ae3d3c3909376410ae8b,README.md
MetalPetal/MetalPetal,fe5850f22d411659ee736c19970c9dcad459e88f,README.md
MetalPetal/MetalPetal,ff216004fb4b54d426fb22fd554bd2cbde54abd8,README.md
MikeMitterer/dart-material-design-lite,00ea299f4694635eca585399588e8801bf81894c,README.md
MikeMitterer/dart-material-design-lite,0332aec096e9ac9b5a41464da801a61c4b8f6bc8,README.md
MikeMitterer/dart-material-design-lite,0d5b3fe138d81e89bf7c2c96f68be32d6c8521a6,README.md
MikeMitterer/dart-material-design-lite,0fadfe79bde35f3144b5b3ac29f9301132994dd2,README.md
MikeMitterer/dart-material-design-lite,10dde77070b6e9bae92876ae976c50a5d8b10c56,README.md
MikeMitterer/dart-material-design-lite,131a58dc8e877a11f627950e88e7d1954e5106d4,README.md
MikeMitterer/dart-material-design-lite,16be5329c52bfcd31d16a68e2adacfd5c76f4c40,README.md
MikeMitterer/dart-material-design-lite,18907af79a62d69d31bb7d7fd8b39c737dc83407,README.md
MikeMitterer/dart-material-design-lite,1b193762e882dafdab26e2f74cb1f197a3cf7a44,README.md
MikeMitterer/dart-material-design-lite,2a743a806fe00baf65f57526e45aad09c8d66a64,README.md
MikeMitterer/dart-material-design-lite,2f6085ad94867aac2ddfc0fd4a7c1f30d3630c8a,README.md
MikeMitterer/dart-material-design-lite,2f8dcabfa20500fef5c0ad9b5f5a9c9c4593b0b0,README.md
MikeMitterer/dart-material-design-lite,39e96d460a9e9354210138a90ca82f324f2dd910,README.md
MikeMitterer/dart-material-design-lite,3a02fef2401205c82a7e05ae99f7f7b823ee66ce,README.md
MikeMitterer/dart-material-design-lite,3e17ead5bc01275f0e969bfc2512e9908c2b3e0e,README.md
MikeMitterer/dart-material-design-lite,40cfb9bfa70a8bc2d71d774bd5298622f983544f,README.md
MikeMitterer/dart-material-design-lite,458d07575b9012d8a85f890f94f5ecc86ef1505a,README.md
MikeMitterer/dart-material-design-lite,460a3a27aafa8ae31666fe00c0fbcb09c7443a13,README.md
MikeMitterer/dart-material-design-lite,4b638a1d4e4630f0af4a66b84515f76439ca521c,README.md
MikeMitterer/dart-material-design-lite,4c30055fabf3dd1752c3b3fe9c367b12abfd9a1d,README.md
MikeMitterer/dart-material-design-lite,4fd2f45d4eb4b434e065934a2aada74ab7b8a58c,README.md
MikeMitterer/dart-material-design-lite,5107eaed94042e6b6c9f3426eaa205c7d2d989a1,README.md
MikeMitterer/dart-material-design-lite,511a9510699cd7f607d7f38b8cd9a91d2daeea35,README.md
MikeMitterer/dart-material-design-lite,54201609dff2cb434d07aa0271ee9802393d55f0,README.md
MikeMitterer/dart-material-design-lite,54d7a1cfd4fb1c4c636394eeabd9b67849a250cf,README.md
MikeMitterer/dart-material-design-lite,579fc181a77f0adcef8ff4744e736b019a214ef2,README.md
MikeMitterer/dart-material-design-lite,5f70ce8ac3214cdd477f2ad92092595f2b1c1de1,README.md
MikeMitterer/dart-material-design-lite,5fd73b91ac57dddbc1769f018d6b982bff89829b,README.md
MikeMitterer/dart-material-design-lite,620ed5ecedc2748f90a57921826f0623335484fc,README.md
MikeMitterer/dart-material-design-lite,672ef61b348f75f323c26ddb0769366c3d2d221c,README.md
MikeMitterer/dart-material-design-lite,700fe022b3ba923376fd96ebc5497595cef8d3de,README.md
MikeMitterer/dart-material-design-lite,73538817656717ea436292018d19bd1ad2ed3fd1,README.md
MikeMitterer/dart-material-design-lite,749cbdb668df136e240fedd3c7022dc3e2cf5965,README.md
MikeMitterer/dart-material-design-lite,76c1004ca6c5f759c2c2f048490017690fecc73b,README.md
MikeMitterer/dart-material-design-lite,77175a9787adc53d8f9e83d009be21cd942d3e41,README.md
MikeMitterer/dart-material-design-lite,77ec0c3daa4f99ff11b7bb0f2f62ecbf412d2d3e,README.md
MikeMitterer/dart-material-design-lite,7bef3b321dd4c47648fcf191ab6f9cb4d5d613d3,README.md
MikeMitterer/dart-material-design-lite,7d3eb71273662d57cd99f9ef8a2dbdf53d871c61,README.md
MikeMitterer/dart-material-design-lite,8259dc4265ff5442ad7f7f12f5c5ec99977a4b6b,README.md
MikeMitterer/dart-material-design-lite,86d2207126c6ebb4a19fca6ef86c137ad500c7c5,README.md
MikeMitterer/dart-material-design-lite,87e0015c695f0660cd1acb0f766750e7033faecd,README.md
MikeMitterer/dart-material-design-lite,8b5a1d72b38f8cace5799545bfc2b9c53ec6cfa6,README.md
MikeMitterer/dart-material-design-lite,8c3bc5218ca78709a35e5a88db8b17d53c7a8316,README.md
MikeMitterer/dart-material-design-lite,90eacc05150d264eebaf05229b374df062134526,README.md
MikeMitterer/dart-material-design-lite,9a7df6a0f16fc03c3bdf7846e631186d6e11dd4f,README.md
MikeMitterer/dart-material-design-lite,9f08358bfb0aab9f4c499d6acd47372780865fbf,README.md
MikeMitterer/dart-material-design-lite,a09eeb7b08a30946e682fe6662188700257bacfe,README.md
MikeMitterer/dart-material-design-lite,a792fbd65e1a4bb6c36598c1b267780ed028c424,README.md
MikeMitterer/dart-material-design-lite,a8a9686638e04898ff9ad7f47f03072d6c7d8422,README.md
MikeMitterer/dart-material-design-lite,a8f491760bcfcbaaf31dc45f7b4caa6aaf8e0a3d,README.md
MikeMitterer/dart-material-design-lite,aac4ef4e14446050aadb7cb57d4b90f86c9a004c,README.md
MikeMitterer/dart-material-design-lite,ade29b514ec2a53aefc0fe0d5bb400fab30934b0,README.md
MikeMitterer/dart-material-design-lite,ae7e52c787c39891f82067bed83dda00c0cc70f3,README.md
MikeMitterer/dart-material-design-lite,b6f72aa275c146701f6a3c1bf5e6cb9bec994769,README.md
MikeMitterer/dart-material-design-lite,c1a00abe0d944cf9149033dd00aac52dc3de9194,README.md
MikeMitterer/dart-material-design-lite,cd7b5d09bdd1edb62c071156c16e2bf9069ebb16,README.md
MikeMitterer/dart-material-design-lite,d33c6d5ca81edadd592ac928d3bcf9241f11e22f,README.md
MikeMitterer/dart-material-design-lite,dd059691ce9d0940b323c72653830a9cdc181ba7,README.md
MikeMitterer/dart-material-design-lite,ea97dc2ff4f278b02af8d7acddff597aac6263e3,README.md
MikeMitterer/dart-material-design-lite,eaa1b499fba885bf6f05e62026229347c0809b66,README.md
MikeMitterer/dart-material-design-lite,eef01331919cf1f4bf492f482ee9fc806ae0019c,README.md
MikeMitterer/dart-material-design-lite,f0c27cbaaea1e91ebeee957a0797070a615f1fb5,README.md
MikeMitterer/dart-material-design-lite,f4b703e77cc740ec7a15ba44c44e56483c23dff0,README.md
MikeMitterer/dart-material-design-lite,f6bc62327d5605f9d160e7e119e5d13a2c67163d,README.md
MikeMitterer/dart-material-design-lite,f98429bc61b9c87261b56283bb8034debdaca919,README.md
MikeMitterer/dart-material-design-lite,fcc644e51e6deb491dd4b497a078d164f5f7524d,README.md
NetCommons3/NetCommons3,045041b9ce9b5baa5cc82462549849ed7ec2fa03,README.md
NetCommons3/NetCommons3,0533b03bd2f5c08beb553231a898cdd16f2c583d,README.md
NetCommons3/NetCommons3,0ae49fd100d151c22eb77c5859b6f869c22da655,README.md
NetCommons3/NetCommons3,12bcbc0f22ec41cfd5e75c6495415b81ce8c2849,README.md
NetCommons3/NetCommons3,13994325bf47cc68f19a1cc8511cfdc7f578a5ff,README.md
NetCommons3/NetCommons3,1c7a8e19425ea443e2beb8c5134b89defae92d8b,README.md
NetCommons3/NetCommons3,2781ec95b3a920a0000420e731cdbf8e1fdcf837,README.md
NetCommons3/NetCommons3,28e2b9ff320c25a14591ead09e5bee28d66d8946,README.md
NetCommons3/NetCommons3,2bb642b5c1e009d5e5c8bbb21cc6f5d9eda5e085,README.md
NetCommons3/NetCommons3,2d4ef746c0a5ba448ca3c6b6628a6cfe5dbdf061,README.md
NetCommons3/NetCommons3,2fac6984e8dfa843871e00144350d9dec06c6fa3,README.md
NetCommons3/NetCommons3,304049da2a5e92b444b9001f35fe6f93453b6d66,README.md
NetCommons3/NetCommons3,307572b335d101441d2b2a3484dcf9f1f924bb74,README.md
NetCommons3/NetCommons3,38601984a9aa01c0433211160d0ce5329d8eb3b6,README.md
NetCommons3/NetCommons3,3a66db04faa4ceb694611588ce754d5d69f3ff8f,README.md
NetCommons3/NetCommons3,3a6d503983dfa46a122acc6d2d19230aca0e44e5,README.md
NetCommons3/NetCommons3,3c15472b78bf75e99b6ab89c6fb336535e11360e,README.md
NetCommons3/NetCommons3,4023a27669424883bb0b998f6e86dcd5d3b24de8,README.md
NetCommons3/NetCommons3,40c3ec6c675c7e029d2a53f0231e7cfbb3087447,README.md
NetCommons3/NetCommons3,433035854c3e68d52196f0fd65b1afd66ccae1ff,README.md
NetCommons3/NetCommons3,47174b55b26758bf81707c8768d24be8c9b477f9,README.md
NetCommons3/NetCommons3,485dfcf6bca6424f65d725296be4281df7eb0085,README.md
NetCommons3/NetCommons3,4ec4dc924b9a7c568091df3fa07caf9e5a6c153c,README.md
NetCommons3/NetCommons3,51e99bb0468853e560d60d1ce16b6712486055d6,README.md
NetCommons3/NetCommons3,5b706ebda250e58713fe1f994687fd101940210f,README.md
NetCommons3/NetCommons3,639149e488031dc907dfda7f663a63279b9c6602,README.md
NetCommons3/NetCommons3,6f4fba2ef21eb0fcc6c9678ddbd8f25b18dfacb0,README.md
NetCommons3/NetCommons3,7627df72123e7753aeb67e57582ec573bb2567ec,README.md
NetCommons3/NetCommons3,7d70e488d85600b82a34ec447f0ecde5fe042979,README.md
NetCommons3/NetCommons3,8c7429f86da40da696c9a5042a14ba944438b2eb,README.md
NetCommons3/NetCommons3,92ecd5a08475801f5e692690f7c10625abb30244,README.md
NetCommons3/NetCommons3,9634cbd40e47bfcf1888228b11b6611003bd4735,README.md
NetCommons3/NetCommons3,9cabab7b71aacb7eaa9c1ba8288e68de0be3908e,README.md
NetCommons3/NetCommons3,9d8800f4eaa980be83e65abca66b8a1ce2dc9591,README.md
NetCommons3/NetCommons3,9f61ff8059c6e007ca0abcfb9fa0f82df649eaec,README.md
NetCommons3/NetCommons3,a306b4be6dc05a6d82d517929ea4dc3adb6d24c6,README.md
NetCommons3/NetCommons3,a4360fc933a2540d6b5d970958243447d4e80748,README.md
NetCommons3/NetCommons3,aab343b2094395ec63a595dace1dc8431debced5,README.md
NetCommons3/NetCommons3,ba47e37ca0aa9649883a25baddc4e10efdb87c24,README.md
NetCommons3/NetCommons3,cb90f8143eb2082d17856a589fe2acacd207db5b,README.md
NetCommons3/NetCommons3,d2ac7b1cf2c68371ef2168b890a88aa2dc756be9,README.md
NetCommons3/NetCommons3,d82206ad161d599bcb7876980750b1e2e25cc782,README.md
NetCommons3/NetCommons3,d83e87438330821949287f16552afd9c8fdc93e7,README.md
NetCommons3/NetCommons3,d8408fa44224129f4e8cb2f25770ee41549aaca9,README.md
NetCommons3/NetCommons3,d88ffc104e5d3cb1daab049e468a7ec33ed2ca9e,README.md
NetCommons3/NetCommons3,e19066009e1c4bcac780f15a220c52ecfb443534,README.md
NetCommons3/NetCommons3,e38dde6b51f93e909084b81a228ba89e72f46430,README.md
NetCommons3/NetCommons3,e3db093f352a88dc1fc579a47f1983aa2cd7465a,README.md
NetCommons3/NetCommons3,e6876624f2bad8bf47bb34b9a92154fb198e3a8c,README.md
NetCommons3/NetCommons3,efc654cbe7caec20abcf8e92424e48ebc77dbc63,README.md
NetCommons3/NetCommons3,f34e21158173f44b2f4c0fac5ebe4ad3df881d80,README.md
NetCommons3/NetCommons3,f6e9ebedd923a647c25273cd9bb7598c063f4147,README.md
NetCommons3/NetCommons3,fe1d20fe5d9e60817addea0d581724980b4015e2,README.md
NetCommons3/NetCommons3,fe213a102945cd374e6255cf309f0f394e8fcee2,README.md
NyxStudios/Orion,071f4546a9409a7bb44575544c2b4d76431254a4,README.md
NyxStudios/Orion,209c8a9c56da6d6b9db46a6b22876486c824ee10,README.md
NyxStudios/Orion,5bc2502089d0f63e1382c38818b9f59b0f2d8c2e,README.md
NyxStudios/Orion,62080218aacdd1f006ed0443e2ebd67a7a517c6b,README.md
NyxStudios/Orion,623516ffd80dd5105bbb679255df9ca95b6774d2,README.md
NyxStudios/Orion,6e629fb563d2f6aecf2baa62460d58888ebe0761,README.md
NyxStudios/Orion,9668d6bf5c810d233af3013b56a3e87f33968587,README.md
NyxStudios/Orion,9983d757560909fd65eccc9b145c7da09782d3eb,CONTRIBUTING.md
NyxStudios/Orion,9983d757560909fd65eccc9b145c7da09782d3eb,README.md
NyxStudios/Orion,a5145aeb55d38998241d02942a63724f7628d18d,README.md
NyxStudios/Orion,ad4730432cdc49540f0769d6511282d3d23e67f7,README.md
NyxStudios/Orion,b04c90c356ee322e1d26e0bf3c598843b828a407,README.md
NyxStudios/Orion,bf8b1da4b976a11227af4fc98862504b16b1cdfb,README.md
NyxStudios/Orion,cd286a67c87c6eafcc922258b78c0fe3d86dd60b,README.md
NyxStudios/Orion,f9742a119b46c90fe933eb3d6d889b289b10df28,CONTRIBUTING.md
OasysFoundation/Oasys-Toolbox-React,363e6c049a2e551d49a033da2e2ba1a5bfc5f5e1,README.md
OasysFoundation/Oasys-Toolbox-React,909af32835cc63fb8b43297f56391d4b172f5043,README.md
OasysFoundation/Oasys-Toolbox-React,a677baf400eb3f5373fcffe0eecb4bab2355a258,README.md
OasysFoundation/Oasys-Toolbox-React,bff91c75e80799626a73ba487282d463ba4237d8,README.md
OasysFoundation/Oasys-Toolbox-React,d7eafe613eab5104a874c57cf5ef27e3fc46b587,README.md
Olivine-Labs/busted,00ca2c28c264935c40aef1f71bf53d5e341cd29d,README.md
Olivine-Labs/busted,07ddd48e266bfa3d321ebadcaa31e18f8f95336e,README.md
Olivine-Labs/busted,1c0ffff2dd521bf97032c7114db0f4b4d12aaca6,README.md
Olivine-Labs/busted,2410e93bbc8f33fe662302f2a7ce67900b63196a,README.md
Olivine-Labs/busted,2c6f027e277d29e59c24c114bb2dc2e3f56a6908,README.md
Olivine-Labs/busted,2fbe39cf412ef72591e96027aa7ed6d9a724bc6f,README.md
Olivine-Labs/busted,30020208fe9c19e5078cb4666aabd71b61c7b60e,README.md
Olivine-Labs/busted,3371e51161822ee4d8c65ca26df287647eca68e5,README.md
Olivine-Labs/busted,3696e27a409221758da5d1e2098157e441bb8571,README.md
Olivine-Labs/busted,38e3990f9680b0588a7067ff43328a682d46e358,README.md
Olivine-Labs/busted,3dc706dc6a987982528eb5c5225756bd476a8a57,README.md
Olivine-Labs/busted,3f08199bc9b3294eacdbbc9091ffe257b0120365,CONTRIBUTING.md
Olivine-Labs/busted,3f08199bc9b3294eacdbbc9091ffe257b0120365,README.md
Olivine-Labs/busted,49821879db7458462ce987a6089bdaa7296fc184,README.md
Olivine-Labs/busted,49cccdb0efa73176bd6c8490c496057bd7f5157c,README.md
Olivine-Labs/busted,4b55da737cdf87cd6806afb37624405f2b1d0ce8,README.md
Olivine-Labs/busted,4e13e5917aa5735122f81eab3be1f256f8ab6135,README.md
Olivine-Labs/busted,51095ad2ecbddafe838b467878a0d9032b8925ee,README.md
Olivine-Labs/busted,5d9382322d5fbf4c7427bc0e80b0e5c041030806,README.md
Olivine-Labs/busted,61f98594a260236ffab7e3c7ce7aefdf293ce18e,README.md
Olivine-Labs/busted,641dc46c5a2ee12875b24f786b7b8b3df568f663,CONTRIBUTING.md
Olivine-Labs/busted,6ac24b040d8b89c1f31282b6a674b8770db2fdfa,README.md
Olivine-Labs/busted,6ffb1537a6360e999a90f37655bb388c99d8d17f,README.md
Olivine-Labs/busted,71f0cd98b7130cd89e0a9235c3302e7aa1e81eec,README.md
Olivine-Labs/busted,73d39dc3fc456aa52388a26cc4564eb5c02490da,README.md
Olivine-Labs/busted,7a3aa2269e88f13b264bac66b747ce456f5779a8,CONTRIBUTING.md
Olivine-Labs/busted,7bb05f37d16d4f723c11ca9dce6fbb221cd54bad,README.md
Olivine-Labs/busted,7f8a1e6e34e0866291ad54c23893cb326641e9bf,README.md
Olivine-Labs/busted,80bb831cfe03e45bbdfb504d7b82df94308dbb3a,README.md
Olivine-Labs/busted,81fdc468e3aa3ef35e232fc8af47ef14a1097ee8,README.md
Olivine-Labs/busted,829e23a34026d815b6a85bdaaf3e744a895e3304,README.md
Olivine-Labs/busted,856cbe5b7d158f49b14a0a48e5e85a40f748a565,README.md
Olivine-Labs/busted,8765ca523e79162a03883b2603d18f99af1a6512,README.md
Olivine-Labs/busted,8ff2ce96b5048f91984f7524d6021171b1e5fdc8,README.md
Olivine-Labs/busted,95f3261a0a17da1661a98805767f68dbf0343876,CONTRIBUTING.md
Olivine-Labs/busted,960b75b01d4f3a481986e4ea44572a30509934c3,README.md
Olivine-Labs/busted,b04c449bb694a3d250dd2cbe26465229939966b4,README.md
Olivine-Labs/busted,baade0c889b640a2fdb5b5cdfa288ef7baea901e,CONTRIBUTING.md
Olivine-Labs/busted,baade0c889b640a2fdb5b5cdfa288ef7baea901e,README.md
Olivine-Labs/busted,bb105b202294c8b287c9f0334f7ad719793dd6ca,README.md
Olivine-Labs/busted,bb392bfb4b200066af010c4515114cae70026269,CONTRIBUTING.md
Olivine-Labs/busted,bb52a35fb992e6bc220763b52caa54a160ebc555,README.md
Olivine-Labs/busted,c75bc4beb9d6b659dec58ff5991fdcb6f0078809,README.md
Olivine-Labs/busted,d9dd556b3ee0277f97f7be59eecb059fa3551cd9,CONTRIBUTING.md
Olivine-Labs/busted,d9dd556b3ee0277f97f7be59eecb059fa3551cd9,README.md
OpenESDH/openesdh-core,0db7afd189c476a47cd809d32fe6dcab3622d3cd,README.md
OpenESDH/openesdh-core,13d4d5d719160b29e7553189c15d805258935a97,README.md
OpenESDH/openesdh-core,858efb82e52c70be3f71f3dcbaa3c10d200e73bc,README.md
OpenESDH/openesdh-core,d85e828f4eed83a31dcc216910a2276d244e53f0,README.md
OpenESDH/openesdh-core,fdbcb25ffb2484a17c09504ca27392d952ab3c8c,README.md
OpenQBMM/OpenQBMM,0b22c2b154ed114113d4d19a95dffea2ea4ccd3d,README.md
OpenQBMM/OpenQBMM,1fb6f492a96505693da2221b3a579119adfb49a6,README.md
OpenQBMM/OpenQBMM,27b31794b11eacc5ea32ad852e3f6e997794fb75,README.md
OpenQBMM/OpenQBMM,3d77e88eb7928f31e8ced0fe956e8a72e364acec,README.md
OpenQBMM/OpenQBMM,7313812e863e036d764ab47a595151face40ee13,README.md
OpenQBMM/OpenQBMM,7f6277c83f403f91644cb1aac471e0e16319aba5,README.md
OpenQBMM/OpenQBMM,b86b1ad71a5380d12f373a873719047f7e50986b,README.md
OpenQBMM/OpenQBMM,de9b86bdc5eb784571ee912011292e1eb6d6e8b6,README.md
OpenQBMM/OpenQBMM,e125f46728b91865b02765f889401be6f0d6732a,README.md
OpenQBMM/OpenQBMM,e9b8a7c4d0de0d50c08635163634e868e62b4f14,README.md
OpenQBMM/OpenQBMM,ea36f7d79d3d50a64dceb29d8108a4118838acb6,README.md
OpenQBMM/OpenQBMM,f40c1e5cd5901894caaeee37aec1f67fc170d120,README.md
OpenQBMM/OpenQBMM,f57eab5d7ee1554eccab70d03e744b5f4a6fe5ad,README.md
OpenQBMM/OpenQBMM,f73be662615de93db807facb2eeec48e1d188f17,README.md
PaoloRotolo/AppIntro,015057eb270cf328defe5cf373984e3c3bd12d3b,README.md
PaoloRotolo/AppIntro,01ed90c4106a1ab68502f9f70d71192b9e68b49f,README.md
PaoloRotolo/AppIntro,0202c598afe13ee36a9072bee50b3ef2af6242c0,README.md
PaoloRotolo/AppIntro,04ac7e3fd8c67ab2d0ec810f707e2af4c747b196,README.md
PaoloRotolo/AppIntro,04fa2891b1acd76019c742674beffe4c8bdeadbf,README.md
PaoloRotolo/AppIntro,068ccd2424e4c626c637ad1ca8dda662c4b3f1cd,README.md
PaoloRotolo/AppIntro,087ed200b103feb96998a92f9411bbdfde153288,README.md
PaoloRotolo/AppIntro,0a0e6263c75782268b86f7f502f0f274ce788297,README.md
PaoloRotolo/AppIntro,0a7de0716786e466ccd4ef0795e027d2a1a86470,README.md
PaoloRotolo/AppIntro,0b64e1db2be680983251b7b697cff28bbe070dc1,README.md
PaoloRotolo/AppIntro,0b782dbcfe0c4f0fa43b0b87bc736852c5e1ab40,README.md
PaoloRotolo/AppIntro,0db85f25b1ba6ca5eec375c07120208b4e132b2b,README.md
PaoloRotolo/AppIntro,0dda4e80ca94b41f383161711bfe786a31630ef2,README.md
PaoloRotolo/AppIntro,11f3e0637be0ccd6f01beee6b632ce441d258db2,README.md
PaoloRotolo/AppIntro,123fc49cc994a15f29b8abe95778fb90cf39e664,README.md
PaoloRotolo/AppIntro,1611720684506c99b64bfcee554b83c11577ddc4,README.md
PaoloRotolo/AppIntro,19767ea05433aed78f25e892879c169a3d998d80,README.md
PaoloRotolo/AppIntro,1cedf9bcb6c8c5030425a9312b0e5096e6145960,README.md
PaoloRotolo/AppIntro,1f36220e123a35dbd85097a531716dbae63fdbad,README.md
PaoloRotolo/AppIntro,2053e01b6003227c8af6e820433b7972c8e10f2d,README.md
PaoloRotolo/AppIntro,25140c041ffa617a1c308b963ed208ae8d4d4ad0,README.md
PaoloRotolo/AppIntro,2528860e7dd0f1340670dc5be1f05e43933b0bc1,README.md
PaoloRotolo/AppIntro,25b72f761a82751c4292aa4cc6f80112694158a5,README.md
PaoloRotolo/AppIntro,25f7582c0ed31523b876e5a1dcab812c477f726d,README.md
PaoloRotolo/AppIntro,2617c75a1792819d6ae72ead09ae0c3b5940a5c0,README.md
PaoloRotolo/AppIntro,26e271a2fabcf7f330307bd14f6ffd5fd367caa8,README.md
PaoloRotolo/AppIntro,275c5058a5a8453906003b4293287a53ad17be2b,README.md
PaoloRotolo/AppIntro,276326c7f2e9b0ab9dc9050ae79b7498ae3c7828,README.md
PaoloRotolo/AppIntro,2c4cb1df36199c7090302d28b150133d3a5a1498,README.md
PaoloRotolo/AppIntro,2fb1236f1c53e811606cfd111d1589bf77d406e8,README.md
PaoloRotolo/AppIntro,2ff7b67cdac377cf18c42ca443531fd7528da9f3,README.md
PaoloRotolo/AppIntro,3153d47ab433d617636303984b064024cfa68188,README.md
PaoloRotolo/AppIntro,31b0840544331c6e91e7261587696d82c179042e,README.md
PaoloRotolo/AppIntro,332c2cb57b4ad99e8b83d7033ec85e74e5be6b78,README.md
PaoloRotolo/AppIntro,3479f4f5916a8f11e7ec6c7d7efe25b0affe9d03,README.md
PaoloRotolo/AppIntro,347bec6043553f16fe6f9cd6e3157c1721c021a5,README.md
PaoloRotolo/AppIntro,37d31d97ffb39444bac6e7f6b7f767fa94a100d7,README.md
PaoloRotolo/AppIntro,399558af03e20778f5669b2ad06ba73a7145323e,README.md
PaoloRotolo/AppIntro,39d06277b7717291fa12ae9d3321c62e9dfbea5f,README.md
PaoloRotolo/AppIntro,3a95c37e51edc50288dbd56d4c5377b9aefdbb52,README.md
PaoloRotolo/AppIntro,3b7fc3ccce15c30a4603e8e489f257ff9f4de886,README.md
PaoloRotolo/AppIntro,3bdce25e593f546e6726e1c80e87e37eb0a02f13,README.md
PaoloRotolo/AppIntro,405681ed808d4d98db1eb1678a47a16300041abd,README.md
PaoloRotolo/AppIntro,4229f7c74fb53763b89e1c322fc0e88c62d847d4,README.md
PaoloRotolo/AppIntro,42fa7c15d47e820afa139dfef5c194206068e8ff,README.md
PaoloRotolo/AppIntro,44625bd2ad298fbf031bd7b5671c2936b83d01de,README.md
PaoloRotolo/AppIntro,44bc9645fce70cd96fed46c1e69ba2c1e2a749e9,README.md
PaoloRotolo/AppIntro,45cf7ca622f5463402a89c6d54dd0aa7243ff721,README.md
PaoloRotolo/AppIntro,462fd289f649d8cec40dba6a9f205d73c754e2dd,README.md
PaoloRotolo/AppIntro,46c3e3dc7acae59eff110aa41fdba5f612f05a9b,README.md
PaoloRotolo/AppIntro,47882399d9fe25386f5681d02d5fcecae1753a62,README.md
PaoloRotolo/AppIntro,4ae75b4cffafdc4554d0fe052de1025518499029,README.md
PaoloRotolo/AppIntro,4cfb464a98f68c313e52590b02be361ab93b15bf,README.md
PaoloRotolo/AppIntro,4f0923751740e4238d5b815dcfa966676126e05a,README.md
PaoloRotolo/AppIntro,4f5212faa8d97f5688cbfe1015daaa6c5e53da64,README.md
PaoloRotolo/AppIntro,50b52b1627c7139e8ea628e1b7c54abd92461408,README.md
PaoloRotolo/AppIntro,538b4d707994fc01c8379d5e8494364253848f94,README.md
PaoloRotolo/AppIntro,543f66c0d2dcdfaaa75b6db38aabdff2864c5714,README.md
PaoloRotolo/AppIntro,5513fbd6f5c8ebf463a653b41e52ddff6934fd2e,README.md
PaoloRotolo/AppIntro,55f691dfcc39ecab010aa578d133614640d76362,README.md
PaoloRotolo/AppIntro,561a7af0c64c3bd10735e90f385e35a99fa610eb,README.md
PaoloRotolo/AppIntro,5625b7928f4f870572d813b21829f943e84f856c,README.md
PaoloRotolo/AppIntro,57920ccf33c7a4130a4279d4641ec010d8807c4b,README.md
PaoloRotolo/AppIntro,57c10e18453569e0d54db2b90c7b6bbf878813c1,README.md
PaoloRotolo/AppIntro,57dac33682597f8810ed5e69ac4b8ce090515ec2,README.md
PaoloRotolo/AppIntro,59a99948106c068a9d48f2a220c2c6196f4f6524,README.md
PaoloRotolo/AppIntro,5b2d43cf1cab650703b926129cb2e3c2f1f367ea,README.md
PaoloRotolo/AppIntro,5e246cb3b070becdf993db2a454e0a602cb738ed,README.md
PaoloRotolo/AppIntro,60b4f645d2b7f056d3586941ace8804880eb2816,README.md
PaoloRotolo/AppIntro,6108c418e12cd4ee5142b774e8d9465c6ea55a2c,README.md
PaoloRotolo/AppIntro,619f00568335fb1a21e8d005feff0fd0303f4bc2,README.md
PaoloRotolo/AppIntro,63a9bea2b69efb7ca0ca714949c0b32eb71579f7,README.md
PaoloRotolo/AppIntro,6560cd0ab56986149b85d6d65dcb41eb1c949925,README.md
PaoloRotolo/AppIntro,65981e52426a21fb3fdf419e6bbcf86e5c8c685b,README.md
PaoloRotolo/AppIntro,688a7144bc69f819edade99db52e63109098e323,README.md
PaoloRotolo/AppIntro,69e0c9686ffbfc1360693d6cf40b412567b9a1fa,README.md
PaoloRotolo/AppIntro,69ff9f9e2c91f5ce0e5de0227b0f4e0f53a77082,README.md
PaoloRotolo/AppIntro,6ea9e26a0e96c50882bbca96e5d6f31fc4c02ab1,README.md
PaoloRotolo/AppIntro,6ef7188b15cdfb5f402b2cdff82d4376f0860cc7,README.md
PaoloRotolo/AppIntro,6f649add31ed7051e03dde90da503968bf509b1a,README.md
PaoloRotolo/AppIntro,6f844a1108226640a7de7125d28609f52697175d,README.md
PaoloRotolo/AppIntro,715644878b86f0c0b5fd005747c18d21257796f9,README.md
PaoloRotolo/AppIntro,716e487438fa2402b2f0296c1cdf035ea98e6e80,README.md
PaoloRotolo/AppIntro,726261aa421a8a27b005b8f078b3f8a0aba8fe79,README.md
PaoloRotolo/AppIntro,738620863f84ffb60227605b438fc9fbff838b8b,README.md
PaoloRotolo/AppIntro,765db42b6c086791f2f17bd1cf2394f9596f9f31,README.md
PaoloRotolo/AppIntro,77ef9aa33c1dc217b875b48fa9129da1d5073b17,README.md
PaoloRotolo/AppIntro,78174fc683b0995f8bd305226bd4625ebee52f2b,README.md
PaoloRotolo/AppIntro,79fae201074d21616e5fb72ed968e498a49ab7b7,README.md
PaoloRotolo/AppIntro,7ccb2fd105d40fd9c42502c741f07e2bddaa6948,README.md
PaoloRotolo/AppIntro,7cffb7c40744b0027729aa86995accd839a80a02,README.md
PaoloRotolo/AppIntro,7d329e7ecb2e52317b5194bf213000af6198deb6,README.md
PaoloRotolo/AppIntro,7e79b3838b07cb6b1a8c635be52b0d6ff24f07b6,README.md
PaoloRotolo/AppIntro,7fe6fdd54a83be502cacb32d4562d43d5adbb0d5,README.md
PaoloRotolo/AppIntro,82495894279ed6deabfb2dd6421eea39075c606b,README.md
PaoloRotolo/AppIntro,8531516840d4a7f628d27b85cc1feff0a0d35c12,README.md
PaoloRotolo/AppIntro,87b0ec95061a930761dee7deb78d5b22a8ab77df,README.md
PaoloRotolo/AppIntro,88f4739e39e54451d1376b4d61d02f64905bda6d,README.md
PaoloRotolo/AppIntro,8bf61953765bdd7d4ca64c5d7e2a3c90bbf263ef,README.md
PaoloRotolo/AppIntro,8ce44555689b3e90a27d450c12a1c23cae04afbe,README.md
PaoloRotolo/AppIntro,8f5646ce0f8e594b1695887ff5de00157058c6b9,README.md
PaoloRotolo/AppIntro,9111081273c2223278398cade073d592791e2b6b,README.md
PaoloRotolo/AppIntro,91f6505061363f7c091f2895dddccaf6e5e510bb,README.md
PaoloRotolo/AppIntro,9391f7a85192bd6ec1804c4c437448eafe774fa6,README.md
PaoloRotolo/AppIntro,95b97abfaaa0e151101b54b4a64a94cc46e24a15,README.md
PaoloRotolo/AppIntro,960545513dc2aba339fe76f2f9eb69af6635a304,README.md
PaoloRotolo/AppIntro,969039e5aadafbc4fd0b1b33b86142a2dbfc2869,README.md
PaoloRotolo/AppIntro,9d1e96bc21733f78dcc3944b03d27457703db48c,README.md
PaoloRotolo/AppIntro,9eeccbf143c9074d87024cfe2934190297ada374,README.md
PaoloRotolo/AppIntro,9f1a534db4c1a72d18a97dd790953e2d67e6186b,README.md
PaoloRotolo/AppIntro,9fa973ea6ddd45546729967fa25696635fe6eaac,README.md
PaoloRotolo/AppIntro,a07dce81a52d7c104c2c47ceb0b9305f114a2654,README.md
PaoloRotolo/AppIntro,a44080dbbf669d654e405dcbcbc1413125a07e66,README.md
PaoloRotolo/AppIntro,a78ef62d318992251fbf922ebef2d1da64cdd45e,README.md
PaoloRotolo/AppIntro,a7ce334ba3143a7753ea842f660253de84770974,README.md
PaoloRotolo/AppIntro,a92161af9437605f78d58a38c3c1fcc46bad9837,README.md
PaoloRotolo/AppIntro,abf06651b3057ba3467a3c57b344d3e1a1244234,README.md
PaoloRotolo/AppIntro,ae230a89cb5d4f3d3e5124cbeedc61d10c418abb,README.md
PaoloRotolo/AppIntro,ae49bcb087f2b7296b9a8c5640e922498529d5a5,README.md
PaoloRotolo/AppIntro,b228024ec611d68fb48b3418576fd9189ca8ab1e,README.md
PaoloRotolo/AppIntro,b360a8dae88079b727e12040d30d06e2930b2241,README.md
PaoloRotolo/AppIntro,b6282e4d2a249726d6f4869b5c60495b04e7291f,README.md
PaoloRotolo/AppIntro,b699738a8adba77f07beaa64231acb89e4bb7410,README.md
PaoloRotolo/AppIntro,b924ad69aecd61928084d54f980324d670b0c567,README.md
PaoloRotolo/AppIntro,b99e4bbf0f8b1c5ab7b81b7e98088730c5ec1815,README.md
PaoloRotolo/AppIntro,bc8d45ef74a7589355d95ff959307798e63b5fdd,README.md
PaoloRotolo/AppIntro,beb8f2f7e50d79c7744fa6a538ea7600bf0528a7,README.md
PaoloRotolo/AppIntro,bf70be68d30431f6e371db19b9548b3c0b5c049e,README.md
PaoloRotolo/AppIntro,c16d152c94a44dbb1fc34f045f714dc10c647893,README.md
PaoloRotolo/AppIntro,c1ecf9611e9a5ffc05f786c289c62b8a982856dc,README.md
PaoloRotolo/AppIntro,c225e563ce489a4f1eec575cb589eacbed6884c2,README.md
PaoloRotolo/AppIntro,c2cb9880dea6cabd68946d1b8eef841b58a890af,README.md
PaoloRotolo/AppIntro,c5e30890ef2dfeca3ac475249ca50ca0778bb710,README.md
PaoloRotolo/AppIntro,c6bff3b42d9ab4fb1977d3a2918c1f430cd78d0c,README.md
PaoloRotolo/AppIntro,c6d09620391279452e65864132e2a035ad6b2f29,README.md
PaoloRotolo/AppIntro,c8594e4f553e0db2c75985a2f5c44d7b365ce88b,README.md
PaoloRotolo/AppIntro,c8c26415c761e56fbc0330fdeeace7c3e8210216,README.md
PaoloRotolo/AppIntro,cad4c14e0cac4d2ebb850324e0f5e8e8f59fbeee,README.md
PaoloRotolo/AppIntro,cb0944095cfbca76b1a882e90c01890e35230789,README.md
PaoloRotolo/AppIntro,cb1d7b9c33e2b42e1d8059bc0212b73fe729d863,README.md
PaoloRotolo/AppIntro,cb488db2eada0f384df1bb1369648354897903c1,README.md
PaoloRotolo/AppIntro,cd1ef86766141fbac91b7ce8961c7ee4ca3ba074,README.md
PaoloRotolo/AppIntro,cd517ed4678c698086bb4447a49dedd02abab129,README.md
PaoloRotolo/AppIntro,cded7de9b7c57fdad21ac72024296e60ff35ca15,README.md
PaoloRotolo/AppIntro,ce32572d7f2f8118d6865e9caea645dbe02430a2,README.md
PaoloRotolo/AppIntro,d11b3988cdb8f952dd3cc628d41ba6bb6ec61653,README.md
PaoloRotolo/AppIntro,d3a2108407cf3b2d3ac0bffa57128966719fa4aa,README.md
PaoloRotolo/AppIntro,d4dd3bf3b50819acde40fdc660bd9d1e3351de01,README.md
PaoloRotolo/AppIntro,d63bf35f5fbc0e425fc000e0084074a0fa549558,README.md
PaoloRotolo/AppIntro,db5b5c170f0f4d1731961c21ffe5621d788d2c3a,README.md
PaoloRotolo/AppIntro,dcd2633e1c8ac41721fb1141c08e36cd1d022b50,README.md
PaoloRotolo/AppIntro,df91bf55c870b8d51d44392c54a5bd9c23ddc539,README.md
PaoloRotolo/AppIntro,e0682119111635ace0bf6630574c727a65cfc392,README.md
PaoloRotolo/AppIntro,e12b3c05f781414c1f880bee98f7718c99b7f4a3,README.md
PaoloRotolo/AppIntro,e2e5b397a9ae5c684ba7736d9f8119231f807ccb,README.md
PaoloRotolo/AppIntro,e2fc45f06a3f8badd6c109a43674e006f5dd3c95,README.md
PaoloRotolo/AppIntro,e35e642d2ece9d7ca791f9d0b799e4530fde2354,README.md
PaoloRotolo/AppIntro,e635ec9f91c9703461a4e137f3327315afc3d9a9,README.md
PaoloRotolo/AppIntro,e6ca5b3deb688d3d5c30cca40876929a1c15de2c,README.md
PaoloRotolo/AppIntro,e6e64d82ed20382071be87b712595606bce51ae8,README.md
PaoloRotolo/AppIntro,e762546d37c4de2e14fbf7395ff8632bb5007d8b,README.md
PaoloRotolo/AppIntro,e819b286cd63475382ee81a05d4fc406f476bf08,README.md
PaoloRotolo/AppIntro,e94e843cd85e8de3b1eadf8f33c149b7dfa43494,README.md
PaoloRotolo/AppIntro,eba3b84e580abc6809e43d80b69801e66800c991,README.md
PaoloRotolo/AppIntro,ec90172c95c8dfeda625f0a61b49baa8a0c9a445,README.md
PaoloRotolo/AppIntro,eea71f91b56a6649eabec7d7f1d9432f412b1143,README.md
PaoloRotolo/AppIntro,eee429da56f53bc5429a8069864ae89f4d334a23,README.md
PaoloRotolo/AppIntro,f03d17fff21ad23de37239257c3021e5130c9539,README.md
PaoloRotolo/AppIntro,f2d210e5c80718ebaed6356b0efaf704d917085f,README.md
PaoloRotolo/AppIntro,f2d8b4d9be637260c46c2bef1d8ef59c4d66858f,README.md
PaoloRotolo/AppIntro,f50b9ce0d4fa99e5eae55fa59064128eeb1f62d1,README.md
PaoloRotolo/AppIntro,f68e3e83d30716b14503b4fc494e1feae9bc80b7,README.md
PaoloRotolo/AppIntro,fa419912cc0ec39c90ea56d7c4e1663babb495a9,README.md
PaoloRotolo/AppIntro,fc1312b12129da493c06114ba1dea225653bca01,README.md
PaoloRotolo/AppIntro,fe157bf222d44d170b2f586ef8b5c8535dc4ebed,README.md
PaoloRotolo/AppIntro,fe8ae4078bc0f3564c3d89b9371ef6d419eeed7f,README.md
PaoloRotolo/AppIntro,fecba33a306713d5561fa591b2d4381999821d48,README.md
PaoloRotolo/AppIntro,ff1d9d697f96ba5b30a68d5f303245cf34d6feed,README.md
Prismatik/redbeard,0aec6c2a423104d6e50dd651cb02d5a3928ad9f7,README.md
Prismatik/redbeard,106182e1c2da77985b9e4d4416b7b18f1e340743,README.md
Prismatik/redbeard,1171b8731acac67e02f9e28f19d31c83bf5fa700,README.md
Prismatik/redbeard,1259b8f80f70e03f3794c0b0ebbe48c89f9ef278,README.md
Prismatik/redbeard,1932f6b249d241d24a697b3aa952b2dbf24fe180,README.md
Prismatik/redbeard,2d538dd17e41195c6c36c5a1f28011ea1bbda5de,README.md
Prismatik/redbeard,3b4abe01c4038b0439d2636b3ba36a4c7f45e39d,README.md
Prismatik/redbeard,3d64bf69d4123acadb81824a53eab0619f383965,README.md
Prismatik/redbeard,4003a542ae1cc0172bcee473671d9234b3dfdabc,README.md
Prismatik/redbeard,4480177beb767ae142ded8e1d3412ee22c357f03,README.md
Prismatik/redbeard,44c6455a1c859ffb8d2845002547bcb0eb20a763,README.md
Prismatik/redbeard,4becc63e6b4d69f182b40e05cb7fd4d17c12f0c5,README.md
Prismatik/redbeard,6494c813d0bb0c9410e2df310ceebbc038079668,README.md
Prismatik/redbeard,662d65d27ad0d7d954ff2409283aec4e3bfa9ac1,README.md
Prismatik/redbeard,6f59b40d3a087fb4f37d41d62736694413dd8aa5,README.md
Prismatik/redbeard,768315cc5529cbd2b42a901e74575781bb9182db,README.md
Prismatik/redbeard,8a3eb6aa9302c2881984df5770be429497bdf120,README.md
Prismatik/redbeard,8c3d1b66123dee4739afe2681ceeced20fa2b086,README.md
Prismatik/redbeard,90170ace0ccce6cb836554dd54f2b8d3fe002c2a,README.md
Prismatik/redbeard,9975ed1da57adc1fb39b504cfd89f7533a20ab9a,README.md
Prismatik/redbeard,a6857b2f8a3d283eb77921707137e3440126c933,README.md
Prismatik/redbeard,aa91dadb7e76ab656a5b66d23b9f0a8a4f26ee7d,README.md
Prismatik/redbeard,b7c652c372fdab5b6fb83aff1b6409d53467df41,README.md
Prismatik/redbeard,bc59ec5de1e8d5ec6640188991ae37db15ff78ac,README.md
Prismatik/redbeard,c0b003d836e094d308bc92340fcecfa36ade4d7b,README.md
Prismatik/redbeard,ce301e10aa1b8ab33fab0961d2c6154e5a9898da,README.md
Prismatik/redbeard,e4ba3cbe8f74c1eb79d3cd3151d8ba6f0a578e06,README.md
Prismatik/redbeard,eaf3c55d5f7303b9d76c2d9ff6cb05fcadda95ec,README.md
Prismatik/redbeard,f8266f66ce8479a3933dc33d527d875ce65d373e,README.md
Prismatik/redbeard,f8fac0705c44e6b6a0d2a28087c490a008c3c763,README.md
Prismatik/redbeard,f9294401f3c00afd8d845e12e9605d9b401407ca,README.md
Prismatik/redbeard,fe579b3badc9f87c615af295cee833f49b708b49,README.md
STAMP-project/dspot,01543ee5c7eaaf9cd0fc0199a879367ced7f5c6a,README.md
STAMP-project/dspot,02d09f7a66262901a5d2dd7ca279bc2c62bd9614,README.md
STAMP-project/dspot,07923f796884003c0a70485eddd090505997245c,README.md
STAMP-project/dspot,0ae3f69deeb8c74dbaafd56daab2de8d553d36f7,README.md
STAMP-project/dspot,0d6b35cfa42b829fb743328948f900f066e579ec,README.md
STAMP-project/dspot,106119b93dab5d34bc36416b27cc23bed36d98f7,README.md
STAMP-project/dspot,120548d1764658a3ff98312383a0fa6b0d877e60,README.md
STAMP-project/dspot,132f509b68bd518f4965178f494795fcd750a7ae,README.md
STAMP-project/dspot,16543b17b42d7599de6d1da334b64af2b5b84b82,README.md
STAMP-project/dspot,16c04c923df20f9024507fab396f2ee11f873b38,README.md
STAMP-project/dspot,186d221b18f29ed5231257b1c264ba8ba4264131,README.md
STAMP-project/dspot,1953cbdc6f7cc9dd37ef110e0cfe525289256787,README.md
STAMP-project/dspot,1ce0a85a9c878e1e364e305fa9aa0a4e2d36f81c,README.md
STAMP-project/dspot,1d8c4991bccb8049cccc76e6a053718be7899262,README.md
STAMP-project/dspot,1ea176d68c3884ad2bbcbb59cd585a9e669445b7,README.md
STAMP-project/dspot,20d8f9b7312f130475f151cf8a19eaef9c6eff76,README.md
STAMP-project/dspot,21b7be5936355b37fe7400813b87767a28e062f4,README.md
STAMP-project/dspot,25d9fc2d550c5b51c1356b26ed3ffd5a3533cadf,README.md
STAMP-project/dspot,2844be37999f63b8f00b2c52e5aa386205db7986,README.md
STAMP-project/dspot,2c49006ce27a2433d4ea650006d315dd91c66133,README.md
STAMP-project/dspot,2c64de975336cc692fc290efc2f7426067d96762,README.md
STAMP-project/dspot,30610bddaecfd6b295454fb666726fee7ff478c1,README.md
STAMP-project/dspot,333adde4a7eb1979fe87a7999d5fa282e7a6c298,README.md
STAMP-project/dspot,352e747a8d74a0bbf2672671abf3e3bc59586b89,README.md
STAMP-project/dspot,3562b1058416d4bf6154b6e42a6896232504c8b5,README.md
STAMP-project/dspot,3751e74d7214bcbc0107158a520595826b78eed9,README.md
STAMP-project/dspot,38fe7141385a70c82fd8673fac37c6406f78ddbc,README.md
STAMP-project/dspot,3eb28ae1c77fd8a34a61bd56039401a942279d73,README.md
STAMP-project/dspot,479f24d2b60e9329491f8ee9a1a04f438cc20190,README.md
STAMP-project/dspot,481a6803e192af3226b8aa097e14135c21b425b1,README.md
STAMP-project/dspot,4830c4c6bdcf0d9521805c9c7c2bb7a4380cd569,README.md
STAMP-project/dspot,4ac30361826ef5778293015741573dab18113180,README.md
STAMP-project/dspot,4ade61967699a8fa4d24159e0e689500978e850d,README.md
STAMP-project/dspot,5195d0a6413f5fe22bfab2b84ea7ac2c3ab98d1a,README.md
STAMP-project/dspot,5213618bfaa26a0399f76a111db60fd0f770f173,README.md
STAMP-project/dspot,53480bef4a1c20523a4d72b5ab4df0a8eda49b82,README.md
STAMP-project/dspot,5790911ceb494a19b37bedca689c59f4984f4a37,README.md
STAMP-project/dspot,5fd6f1d7f7743da3223ac9044bd7a566338fa443,README.md
STAMP-project/dspot,5ff568f8e5dff5e591fbfcdb04a8ea763de8db77,README.md
STAMP-project/dspot,618d8f77d0929590cc550b1fe663977805e7676a,README.md
STAMP-project/dspot,63938d501948c642ebaa33c5076d0ae8d2a8f9c6,README.md
STAMP-project/dspot,63ec56cd35bdda6d4dd7c116d36d1487b0ee9042,README.md
STAMP-project/dspot,6d86c8736899d9a1ebd8de8b77cb4ccfc2f5ff45,README.md
STAMP-project/dspot,6f3af52f54f8749167f74e12d350881883ee40dd,README.md
STAMP-project/dspot,7469c84449f2b461bde6c2b2253a742eab3209c6,README.md
STAMP-project/dspot,74a5d0414d3ec90dbc0b5f2417d67d519a9e5a74,README.md
STAMP-project/dspot,74b220188f4095a4371a5db072ead32f8ecdef51,README.md
STAMP-project/dspot,75cb6d40c17a77bbfee5c4f28c18ac6ce2de39c8,README.md
STAMP-project/dspot,78e59c6c7a4941c7f4a84528ef961907457a9a33,README.md
STAMP-project/dspot,7a5a4be6e9c20424cd9bfb1370d828608820b175,README.md
STAMP-project/dspot,7a740ee44d09e7ecff62ad7a0bb8a557ce228997,README.md
STAMP-project/dspot,7b9cd8083b797500ec5f0204f7ea7c7af34d70e6,README.md
STAMP-project/dspot,7cdd69980cd4213cad87e46e123e95983ab2eea9,README.md
STAMP-project/dspot,81c49efb9b13d550c0cdb9df16545a5840c2bad2,README.md
STAMP-project/dspot,81cee70a7537682695e04097268b33b36c75fa9c,README.md
STAMP-project/dspot,8643dfe8f4b055ba34860433ce786e06287667ec,README.md
STAMP-project/dspot,87d04b6ced450f0b77d24dd6f3945bbe304dcefb,README.md
STAMP-project/dspot,8a844f95d5b653da8388afbe99c8f79c0dd68508,README.md
STAMP-project/dspot,8e7a08b96bd00c348ff2db2a4ec69957083b9b53,README.md
STAMP-project/dspot,8eaa6eed685e7d68c70db9fe51d05ee644fd96f8,README.md
STAMP-project/dspot,8f5dd04cbcbcf5a3a81872ce877c1b903c16f855,README.md
STAMP-project/dspot,94133546284ccdaece448c16e714af3a77dd33d4,README.md
STAMP-project/dspot,95f0b44ce86e90d2e1c2f2edd9c6ea5d650946c8,README.md
STAMP-project/dspot,9ad9607c974257b5423a6976e590a159405d77d3,README.md
STAMP-project/dspot,9c2f6cc8be6bc7a68308fa33aaf2c2e2130825b9,README.md
STAMP-project/dspot,9e7e4d389177f396e782cd536be6b40d8b6077fc,README.md
STAMP-project/dspot,a085fd274db827e7a6916bccb5798c54ab37a588,README.md
STAMP-project/dspot,a8633d6f6ab18968c617038194e7eb66bb1525e6,README.md
STAMP-project/dspot,ac5eb9a4c523f7fb334cc03f1ca6970640f1d38e,README.md
STAMP-project/dspot,ac7022d51fcf2a43053b69eac6df1347432a7419,README.md
STAMP-project/dspot,ad73e2028bd0cd007946b211311193a6b04c470d,README.md
STAMP-project/dspot,ae3ac890d14dbdc1ed57e112fc458b80ba2812cc,README.md
STAMP-project/dspot,b256e9c8cc57a728f548b4901517bd0e580643a7,README.md
STAMP-project/dspot,b4c2bf64f6f4c12d7bd6803a7b027401c04b582a,README.md
STAMP-project/dspot,b8991582a9463cbdb4a68a4726fa8a0be0b5721d,README.md
STAMP-project/dspot,bc9e1df04f751090cce47e940f7e394df0daacc1,README.md
STAMP-project/dspot,bd0a52972cacd7e03afc80d7ae553b820c0247a5,README.md
STAMP-project/dspot,bd38061152180bc1d1579379daeb1e4c2044e721,README.md
STAMP-project/dspot,bdedc8b969a13d65ec793795ab744035626dcc19,README.md
STAMP-project/dspot,bf79830abdde807b4d466511e8cb4eab62f47f0f,README.md
STAMP-project/dspot,bf9e437309cc04c0770ff203cbdfb007d31f2799,README.md
STAMP-project/dspot,c030e835d32a40d44d2c4f4bda2e1c386b404626,README.md
STAMP-project/dspot,c31a355f1dd07f1b0825ae0e4432f36783b5656e,README.md
STAMP-project/dspot,c8988a2b66d2bcd3d365ff63fc4b23980f8056ca,README.md
STAMP-project/dspot,d07b4b2bff0cbde71793c38b2503c39ade1240a7,README.md
STAMP-project/dspot,d23f3221a6da3f6601a88e031cfe4f843583434b,README.md
STAMP-project/dspot,d3f9ec378eca346d05680aa872d25be1959edf1a,README.md
STAMP-project/dspot,d9ea6f68eba281cbb15107bd6a9c2cd08af8b0b7,README.md
STAMP-project/dspot,db8b0ba64d9aa1eaf39132b106d1874568c5953c,README.md
STAMP-project/dspot,dba1509ce7ff9028319a030c30c52f8f25560577,README.md
STAMP-project/dspot,e274671d79020987b619f844a199afdb0a3a4efb,README.md
STAMP-project/dspot,e28c4e3db6d440492413ee75f0ee36f83f5fe330,README.md
STAMP-project/dspot,e39fb7ee5b96545439f7df1320298eb102252b9f,README.md
STAMP-project/dspot,e4a1964216aaa1d9175b8af750b6412796c3a667,README.md
STAMP-project/dspot,e63859257d9531b03054a3c4dad1a903298a80e0,README.md
STAMP-project/dspot,e7dc7eeedafa27dccff1a983af025b1ca37811b3,README.md
STAMP-project/dspot,e920fa2233ac19e66a713d26712d5db98029b06a,README.md
STAMP-project/dspot,eba8b35f0885735177e682bdfca5950623a99268,README.md
STAMP-project/dspot,f10ef1d18dd6120f1ccebaac8155c0cb13f17ae7,README.md
STAMP-project/dspot,f356da00ec4a66131aeb092e61dbbacaffb43b12,README.md
STAMP-project/dspot,f4a9cdcfeeb531045dedeee1b26a90af080d0a36,README.md
STAMP-project/dspot,f4bac924065ecb146927c94c7ae95481f64ff431,README.md
STAMP-project/dspot,f7e4a3b31d5836b9de24956ea882b334f24227d0,README.md
STAMP-project/dspot,f9312eef1182f291f1b71a58c00bb01122192c2e,README.md
STAMP-project/dspot,fbf27a9a6fc19b72ae7a8a1741b52331dd32ceb5,README.md
Shopify/turbograft,023951504e82796bfa5dcb711159bcb5e743b248,README.md
Shopify/turbograft,05b425706708dd032be81f2840b77ef3ddcb7784,README.md
Shopify/turbograft,08db6c34dbbbbfe30ddc3a972852cb9ecdef5b74,README.md
Shopify/turbograft,098ead7d84ff22b9f4350346e292f99e3ab55f33,README.md
Shopify/turbograft,0c6cff88f48cf0b87f54618938f3b63d060f9d34,README.md
Shopify/turbograft,1920a114e67fda4c615147ee1be3c5b5a9e90bac,README.md
Shopify/turbograft,193be7ddd66d1ab1fb274b8a5b031e02627fa8ec,README.md
Shopify/turbograft,1e375c9403f3d25a475af42dac80f08d90e3925f,README.md
Shopify/turbograft,2b52ef052981d1b2517601d89fede52e301075e3,README.md
Shopify/turbograft,2cc2845952dde03ca2355943998282b9a812bd29,README.md
Shopify/turbograft,31ef2dfea8918dc8916e00100179af2c5b892802,README.md
Shopify/turbograft,35752b74f1141798394e9873d5855d5b9ef3d70e,README.md
Shopify/turbograft,3e5040d1bacf6207ec639461c484a180a3e7db93,README.md
Shopify/turbograft,51f401d2d6862359df211bab2f51a5e9c95cc8f1,README.md
Shopify/turbograft,54afd3edda6d9508787318c0266c2d3ccea03472,README.md
Shopify/turbograft,56bf70002b5775469b3b30a38bd5e333c832de11,README.md
Shopify/turbograft,61aab39511d3d7222b4fbd2b188e91b44e7bb4f1,README.md
Shopify/turbograft,7c3d134493a38b82a412387a4bc5ba786d1febf9,CONTRIBUTING.md
Shopify/turbograft,7f812362c8e4c7dc3f373e69dbb4bdb48a037c05,README.md
Shopify/turbograft,8e85231d9e0f49281ed2f08090faa7f28aca8d21,README.md
Shopify/turbograft,99b85aeb70138ba276fa48e8a334ce47124145ce,README.md
Shopify/turbograft,adb70bdc239673c53560c8c8c6d345eea86e3b66,README.md
Shopify/turbograft,ae22c32a4574ee36138333c0947ab65feaaddd39,README.md
Shopify/turbograft,aef9523811f87e96deeb886619b131dd3271d487,README.md
Shopify/turbograft,b31db925b1fa49053178de9c434c5862a2bf68e9,README.md
Shopify/turbograft,bbbd59f2b13a75c9ad81e820194460bacf5910fb,README.md
Shopify/turbograft,dafb3a7f2ee851b64a69c22086ddb6c3c9b9e00a,README.md
Shopify/turbograft,ee9cf256cfa0a36122281c19ecab1a79587ebee7,CONTRIBUTING.md
Shopify/turbograft,f507002898c0c789f0dbc651012af51d5b66cf0e,README.md
Shopify/turbograft,f55434a0c9c3a2105b27fc09229a1906302be269,README.md
Shopify/turbograft,fe2565f26e4c4761cfb0b298ce13f87a5db50fa9,README.md
TechBridgeWeekly/blog-starter-kit,0336078b7d41fbb8f9488775930fab2e1d50fc9c,README.md
TechBridgeWeekly/blog-starter-kit,15a1fc183f6e11db0e9b6cbcb6550ae9d4df0f88,README.md
TechBridgeWeekly/blog-starter-kit,19de8f6273a27a3943845eca14a19db7223183b9,README.md
TechBridgeWeekly/blog-starter-kit,278686db1915f68710fb28abccd0b228d1593c33,README.md
TechBridgeWeekly/blog-starter-kit,2f3354e25ec5f4975087a2981fc98146c9568c5b,README.md
TechBridgeWeekly/blog-starter-kit,3fe57ec29733697a8e76e14072083d94950a552e,README.md
TechBridgeWeekly/blog-starter-kit,4550c53e5eecd5b542bdedbe4d8813cfd62d46fc,README.md
TechBridgeWeekly/blog-starter-kit,6ddecead4e7b935c85b7039f9a480a468a7f3b5f,README.md
TechBridgeWeekly/blog-starter-kit,77c6ce57235836ba578a58a5600d115b77d869d7,README.md
TechBridgeWeekly/blog-starter-kit,7d87ca4cdabc190ea09a0a46b6d2e13130673cc7,README.md
TechBridgeWeekly/blog-starter-kit,7f24fbd3ad27a32aec6f2eb1556c3100bd9d82b8,README.md
TechBridgeWeekly/blog-starter-kit,8efa1e353dfb07464c3e54b8157e324d180aae7d,README.md
TechBridgeWeekly/blog-starter-kit,93963542f526fc823a8d8f84c5e8221ec0c9bfeb,README.md
TechBridgeWeekly/blog-starter-kit,ea1b5ca1208f85ded323b2eadef9f175cb4c6242,README.md
TechBridgeWeekly/blog-starter-kit,f5ede62853f5516eaca8cb557e0da5ad70930120,README.md
TechBridgeWeekly/blog-starter-kit,fbbd16663aac2ab02b1a007afa7bc5ea6bff933e,README.md
UCHIC/iUTAHData,0e445632af87a65da28fdc6a32250c06a923e5a6,README.md
UCHIC/iUTAHData,89b68de36cd7a37a201b27922520a7868540e75f,README.md
UCHIC/iUTAHData,9d09834996496c14cdbb84d67ec307ccab3a98b3,README.md
UCHIC/iUTAHData,bf6b8305a1afe5f71ae5dd1d36a96d60a33be5b8,README.md
UCHIC/iUTAHData,c8f2f9b76dbbea69f9c125eec974fb9be4e48ccc,README.md
UCHIC/iUTAHData,d342d31d0b83316bf55f5f0a6be7f1c90cdab8af,README.md
UCSolarCarTeam/Recruit-Resources,091b6d88616902d3bc622903d42226898c0377b2,README.md
UCSolarCarTeam/Recruit-Resources,29219fa55269fac055cd3a9584006d2bbf680286,README.md
UCSolarCarTeam/Recruit-Resources,dbb58bb9c159eecaa7a4c7025748cd2b10bc98fe,README.md
UCSolarCarTeam/Recruit-Resources,e432ae9d9132cc613dc221b1f891af64c38e9ad2,README.md
UCSolarCarTeam/Recruit-Resources,e5a488a1b2381a9118624e3e37ac428c71a7d079,README.md
aframevr/awesome-aframe,013a823f26ecb28f85009aeafa9638bd4dd7315b,README.md
aframevr/awesome-aframe,02513eba0acfa92f6f44bc1f8929085555d9eaa0,README.md
aframevr/awesome-aframe,02b90b1ab7c6a2045c3654e3031c0d3ed12ccf5c,README.md
aframevr/awesome-aframe,0323c6978a90fd9f7def38d77b7e8ece6f63cb59,README.md
aframevr/awesome-aframe,03487d335c1c29e084b4a2c7cab5a5595f615b8c,README.md
aframevr/awesome-aframe,038667d896af0c4322ec83d834904b3d2ee63f58,README.md
aframevr/awesome-aframe,040196879e970e025e45ed1c52e72376df69d4cf,README.md
aframevr/awesome-aframe,094a7842537eb6602f5be28b07392e587cea8e15,README.md
aframevr/awesome-aframe,0a6a26a886727074a0f72d8cd3e4d0dc942c974c,README.md
aframevr/awesome-aframe,0b167a96e1b60fda1e4a16c3dda8162187c006e6,README.md
aframevr/awesome-aframe,0cc78a4b7ba63641cc8e4821fc0f62b2a0316426,README.md
aframevr/awesome-aframe,0d8cb30c4faac444b17a7d093df7bfb8106c9198,README.md
aframevr/awesome-aframe,0dc9b015ff8b36da865ff8fafefe9df935e0c87f,README.md
aframevr/awesome-aframe,0e6fe8969480b8918f4db618fca3c7911026cad0,README.md
aframevr/awesome-aframe,0ea56d5d113f5c1d6165406c069742824adecd8c,README.md
aframevr/awesome-aframe,0f5805ed49ffe2e7b9881bce9ff7f2a165fdc1f1,README.md
aframevr/awesome-aframe,0f753d5559c2096d1148c4a5897c061598ca6703,README.md
aframevr/awesome-aframe,10f29ac71b544ab7db55be1fd37b7ff9440092f4,README.md
aframevr/awesome-aframe,10f4af9e065d6ab6581b502a3c091675d59fbb48,README.md
aframevr/awesome-aframe,11435dc9fbda93b71821a7dde585974a80360673,README.md
aframevr/awesome-aframe,115e788550067f92755afdc114d7f2d3dadfd078,README.md
aframevr/awesome-aframe,116d607435c94784a9dc2cf1c6cf1177623cb29e,contributing.md
aframevr/awesome-aframe,126bbcb1ed5a3df659ea4442918544c37f6d781f,README.md
aframevr/awesome-aframe,1280900a18e51497b921af64bf362ff3c0cdfad6,README.md
aframevr/awesome-aframe,1328fc91dc6330e74a931ffaa226233ae2070f29,README.md
aframevr/awesome-aframe,1339d87cda197bf834d788bd926745f98d5f2030,README.md
aframevr/awesome-aframe,145e1bd98aee200f58727d178b6264f9c88f0299,README.md
aframevr/awesome-aframe,14cb9a6aa8aa10f9da42deed74e27e92c7e7763e,README.md
aframevr/awesome-aframe,1555fb4d91d5788388fcd54a2bef67ec005a4574,README.md
aframevr/awesome-aframe,15bc78bf6ab3da634923e82eeda74f21361c7a9b,README.md
aframevr/awesome-aframe,165b19cd3328b61996e4d3ef845e151e73e00b0a,README.md
aframevr/awesome-aframe,16f05d0a22c26f179ac5f8d8563557c63f968278,README.md
aframevr/awesome-aframe,179ad187fa4894df0a186aa3c71710cf859baa9a,README.md
aframevr/awesome-aframe,18d27b8085cdab8140de746f3f75931f140a335a,README.md
aframevr/awesome-aframe,19eadaaf437d253315a8f0925e8f9d55cd5bebdc,README.md
aframevr/awesome-aframe,1c0f36f36dbd817eb66806b87533353fc0a01191,README.md
aframevr/awesome-aframe,1c477b60d516185611bae80d7714e4caf09280d2,README.md
aframevr/awesome-aframe,1cd44f3963304f3fd132887883ac0a57f77d2bcf,README.md
aframevr/awesome-aframe,1ce12129a3b60edbbbef866bdc522debb4dc2034,README.md
aframevr/awesome-aframe,1d9e6f0d63bd3cff4a00b267106f943db3a360f8,README.md
aframevr/awesome-aframe,2081545153b619ad477894751235b9d6a3b067dd,README.md
aframevr/awesome-aframe,214ee89cdd04b29d42a63473442e72529419a340,README.md
aframevr/awesome-aframe,227585695ddf40e2b05a7838e6afd64b6362d078,README.md
aframevr/awesome-aframe,236c9d7ffca537b9861758c21da7b42b07531ac9,README.md
aframevr/awesome-aframe,2410cdbea0cee16b736ac6e592c2bf0c3bad841c,README.md
aframevr/awesome-aframe,2414bc4c7bb16ac4d8d920b541f2af4c8c7ef54b,README.md
aframevr/awesome-aframe,24c33037647ab50e5138a43a8212345caab565eb,README.md
aframevr/awesome-aframe,257bd3e275d2f029510080aeee6fedbd73131ddc,README.md
aframevr/awesome-aframe,2647711076c5a74cbfc8b62ee2ca998ddd0249b3,README.md
aframevr/awesome-aframe,291bc46fffd547cb8eb41ff49e5bba3379453789,README.md
aframevr/awesome-aframe,2ad0188908f0e201dabd1daa38badfc257f43c54,README.md
aframevr/awesome-aframe,2b0f52314ebe463d1ca8e8b09470879101bf442b,README.md
aframevr/awesome-aframe,2bc8313ed028604082f35c3841adc1e48f2a3c1c,README.md
aframevr/awesome-aframe,2c108595b5c561fb16c6cffc2554f50aa8ecf01a,README.md
aframevr/awesome-aframe,2ccdc0bf386d10bf19d92054a405037573034f03,README.md
aframevr/awesome-aframe,2e853b170ab285458d835a05d555a05106c0720d,README.md
aframevr/awesome-aframe,2effca646f67dbece4760007571a6874cf5e5e19,README.md
aframevr/awesome-aframe,2f8da08dee089a70502252437278691f3e6edef3,README.md
aframevr/awesome-aframe,2fc95a0c3dc489ebdaa5dc2638a654b3fb07ca5f,README.md
aframevr/awesome-aframe,340964bd945bf3126c8433481f16e08cd300688c,README.md
aframevr/awesome-aframe,3485ec01310a7500f7249ae34e4d729d3479fe01,README.md
aframevr/awesome-aframe,357cb4ecd7608959b2e6be9e7d67189796b1cbda,README.md
aframevr/awesome-aframe,36034b63ee7edd3ff8b78b1890d66601565d1ab2,README.md
aframevr/awesome-aframe,372dd53795b4caf08d90a809ae6e8d3c9340f619,README.md
aframevr/awesome-aframe,39466373588feee7fc3d40cbab608f659bd83aa9,README.md
aframevr/awesome-aframe,3b865e99e386153108baf7e518275d7a292f2658,README.md
aframevr/awesome-aframe,3bd9ad589daf1c119e9d276793b186e98a2f0992,README.md
aframevr/awesome-aframe,3be3c30c504ba707279c2e5e7d628cad302d5806,README.md
aframevr/awesome-aframe,3ea38dc43378dea4457f8abe6527b4a4725a371b,README.md
aframevr/awesome-aframe,3f17305556aa8a2da4b0c9f09a0a7cfdfb1b75bd,README.md
aframevr/awesome-aframe,4079e200df4cadaca15d773c981fee05e183d8b4,README.md
aframevr/awesome-aframe,4091e2aee1d0dc4e20cc92d00a1ec794592f33ec,README.md
aframevr/awesome-aframe,41d0d5ef3c6b08a70ae50f29e50b143c60e56559,README.md
aframevr/awesome-aframe,41f6bae42ed1285527b1163644600126f22c2fb7,README.md
aframevr/awesome-aframe,432a9912457ecaf2adc958ede731bd5699dd4fb8,README.md
aframevr/awesome-aframe,43d7264889006123017b423b7d253390fa1836b5,README.md
aframevr/awesome-aframe,43ec2180aa8539f8f223890dfebf930962a3ab8c,README.md
aframevr/awesome-aframe,4550d43785603190612e9cd6bb9fee1015d34bd0,README.md
aframevr/awesome-aframe,45b1c3f33f46a66b63fb2f7a95d4dce6d9ae4818,README.md
aframevr/awesome-aframe,4669d39fef19c031003ecc841ac9a6b846e5ca14,README.md
aframevr/awesome-aframe,46a4f4ea0768ff7a73e88810b497230fac40b919,README.md
aframevr/awesome-aframe,46bacedf09267203add9cff7f94bd5a6fd87d7eb,README.md
aframevr/awesome-aframe,47363036b33e03b14e10fb7e0e324de3bba7694d,README.md
aframevr/awesome-aframe,4766066e06c7c217e464299bfbcb46cadea78e36,README.md
aframevr/awesome-aframe,4cf1ad59ae682520648d2bb643f75209ddc57444,README.md
aframevr/awesome-aframe,4db05d329c93b543b96abc48a2be4c01cb43e5e3,README.md
aframevr/awesome-aframe,4dc702250abf2311254531155ec28a3c8631e35e,README.md
aframevr/awesome-aframe,4e2d2b378d7015fb9b29af8140e924d57b09bb15,README.md
aframevr/awesome-aframe,4e424f0d86e4b98b6aeb5852d464131b1d0d5f7e,README.md
aframevr/awesome-aframe,4e47ea7473e4409a4d35d6fc5d52ab369ba99dbd,README.md
aframevr/awesome-aframe,50cc80c2dba09fafa4280f6ede694fad4776c825,README.md
aframevr/awesome-aframe,526f124c13b5dfe2e9895122cb3313600b4fd5e3,README.md
aframevr/awesome-aframe,52d286841a75360bf33e405fe67b75371adf4f92,README.md
aframevr/awesome-aframe,5485e0a31cd5d4df539aa9b99ff36108181b590f,README.md
aframevr/awesome-aframe,54e49ee75078b125a8553535782dc49af8e0786d,README.md
aframevr/awesome-aframe,54eab8d4e9750d9a27f53d07bd478dac6f521dc5,README.md
aframevr/awesome-aframe,54f54ba2b4dc085aaa7eca3eb1ad4dd2a3bb472f,README.md
aframevr/awesome-aframe,5565fd9a2c5672c46d79d5dcf5fbf94cf26afc1c,README.md
aframevr/awesome-aframe,57a12f9b1027980863d57602ca0e19f1923e30aa,README.md
aframevr/awesome-aframe,585f77df336d6afedeb41a7d5a2aff8682a102b4,README.md
aframevr/awesome-aframe,58e441eb54e2c9a3721082f9dc0bac73a14d92b7,README.md
aframevr/awesome-aframe,594bb49903e04fa1fe8b4e7fcb408afacf5a7ace,README.md
aframevr/awesome-aframe,5a766649c0e043d3c90e8333b16a8c063f25081e,README.md
aframevr/awesome-aframe,5b15b81d876e8c01b71e4b789b53a30c83e6ff1b,README.md
aframevr/awesome-aframe,5b1bf8fa7c50ebaab3c5b30f7c910744c34edba6,README.md
aframevr/awesome-aframe,5b7070987746bc9bb2ab5be7501ad59a218c129e,contributing.md
aframevr/awesome-aframe,5b9d96c860c5efc7ddeea201fd8d3589ba64a0a1,README.md
aframevr/awesome-aframe,5d01b91f4f22c276dbe5525f32e32cab015d10f0,README.md
aframevr/awesome-aframe,5d76433ae4574339f3d765580db246c9465afb5f,README.md
aframevr/awesome-aframe,5e6b4610010866b89da700ad4b56032905822b9a,README.md
aframevr/awesome-aframe,5ecec30f5943888577c3a5e6b405e727ff0c8ece,README.md
aframevr/awesome-aframe,5f052422991d4ef60fb5912e4c09abc5aba44a8c,README.md
aframevr/awesome-aframe,603a73bae12a92771d6eeb238f6b11e20b3b2ed4,README.md
aframevr/awesome-aframe,616b701652ff839e2fff191c445b39dc71217db6,README.md
aframevr/awesome-aframe,6261e6396efd579e70c606a3663ebc61455e7b22,README.md
aframevr/awesome-aframe,644ab908061c32bc3128cdf09302d2f69d1f7985,README.md
aframevr/awesome-aframe,6457e5f7fa6a70e9342b94ea446454e8baafff13,README.md
aframevr/awesome-aframe,699a02e90ed9c1960fefb0511c4ea6c5c649edef,README.md
aframevr/awesome-aframe,69df0d7882467abd2e4953b8c0962e53b66c83d0,README.md
aframevr/awesome-aframe,6a3e135d27839c6a6c64312e228a72d5ace6bd88,README.md
aframevr/awesome-aframe,6a59aa6de9491d6645d4a91f827075d2dea1c47c,README.md
aframevr/awesome-aframe,6b2cea558743868c3a91579c700d0496ae9ead9d,README.md
aframevr/awesome-aframe,6e00be9edf7424d7c0edadf8a0e7531e74381ce4,README.md
aframevr/awesome-aframe,6e4d2930654fabe188885b0d0f8e65e698aed9d2,README.md
aframevr/awesome-aframe,70a4f37324a06300b9e615e996bd11425a3f89ef,README.md
aframevr/awesome-aframe,7256262411a22425117dda177845c1ac572f1ffd,README.md
aframevr/awesome-aframe,726fcca1282832c864f6f37d6c0b25f2cd67ad3f,README.md
aframevr/awesome-aframe,7300df1f9621f087cc0ecdbe0a701eda5dc41192,README.md
aframevr/awesome-aframe,73aceed953fcb8fe6dba1fbca997586a7a0e1f0b,README.md
aframevr/awesome-aframe,7414c0748885467efba91bfc6b54d938460d60e1,README.md
aframevr/awesome-aframe,7505e6fd420ad0be7589c4f637eea03610039b58,README.md
aframevr/awesome-aframe,757b2e4d4ef3611c93ee07385bc46edc6ea696fb,README.md
aframevr/awesome-aframe,762b4214c0e55abe7644cc3c5e27383641646880,README.md
aframevr/awesome-aframe,766f2bf9986c7dd517cc914287a65cde6b12d9c6,README.md
aframevr/awesome-aframe,76e1457cfd9e8266bd6a71e15ec3e1153fa56174,README.md
aframevr/awesome-aframe,793285299624526bb1604eb03394c628f680fe26,README.md
aframevr/awesome-aframe,7a59aa9128486182350b0190b7821e7bfcc262de,README.md
aframevr/awesome-aframe,7b1092afbd85aa5a30975c1918cbcde504938687,README.md
aframevr/awesome-aframe,7c6803a2cf3b451b781ca1fd2dd640d266d162a9,README.md
aframevr/awesome-aframe,7cbb32daaf5d4ef85dfe4061dc16f6820cf4bdbf,README.md
aframevr/awesome-aframe,7cd29a5aa1ae87d9eb7713ff75796e5c51a8c69a,README.md
aframevr/awesome-aframe,7cd6d84aa9857db2b65c5b0ed0f21fe82e1690a4,README.md
aframevr/awesome-aframe,7d11ae70f7dd0857c95c944dce59201ae1df6ad8,README.md
aframevr/awesome-aframe,81e1ceb59e9a6ec61d19fa571419b48bd3abb7a5,README.md
aframevr/awesome-aframe,821dc2207aa85bb7bec5dea8007ffd4fb8320a8a,README.md
aframevr/awesome-aframe,83210764a1f433b866360824cec75bfda98bd6e9,README.md
aframevr/awesome-aframe,838f2714a422f549d891299c2cea74023cad3685,README.md
aframevr/awesome-aframe,83d7066f72dfb4cb4b141bc8ff86e0f8ba70d996,README.md
aframevr/awesome-aframe,84189e804eb206c49f2144205fc69b1084733c93,README.md
aframevr/awesome-aframe,846e2b9cd46be053b0582edc54600d39f70c5088,README.md
aframevr/awesome-aframe,84b324698c584bea589743fb976f084b180ad60a,README.md
aframevr/awesome-aframe,8654587f3841acb8e423149c58ede21f25e0701b,README.md
aframevr/awesome-aframe,86de4a44f129a22d0bd4459fa3d5450b7d8ef8ba,README.md
aframevr/awesome-aframe,8757b84e9b3fae32fd2f5316c227983f1e59db25,README.md
aframevr/awesome-aframe,8866ee63c5a0177a1989b659a16d168fe257ace8,README.md
aframevr/awesome-aframe,88bab59855c9ffd16ece9ac35e2f06bd7551079e,README.md
aframevr/awesome-aframe,88c9f6ddbf5d2fb5507252153b6176bf6c5a94a7,README.md
aframevr/awesome-aframe,88dd86ce874133796e4600ee1e6c5d8cc804f6d9,README.md
aframevr/awesome-aframe,8a6defce671cf9bb8b89a2100ba5872c3c2a49b8,README.md
aframevr/awesome-aframe,8affbf7631a5cd6d29d2e9cadfd3f06bcad2d76f,README.md
aframevr/awesome-aframe,8b38856e569b9c4d93dfec9c6affb81f08d58b0e,README.md
aframevr/awesome-aframe,8b7336fc0c489da34abeadf77c5c6417c1c34b66,README.md
aframevr/awesome-aframe,8bf92f2fb43bcef5b3686872f46677b618ebb30b,README.md
aframevr/awesome-aframe,8c386118cd9b0156e99c641d6bd5ca7b3b6bd3ca,README.md
aframevr/awesome-aframe,8c783474cc96ba3ddb1edef1588131f51c7ceb7d,README.md
aframevr/awesome-aframe,8e35130401ff261554bc6453b4d91dfee2f7390c,README.md
aframevr/awesome-aframe,8ee5bb4c4c512079eb4855bf0463d81352e2f12f,README.md
aframevr/awesome-aframe,8f8845389cecfba9961c887644c68692db5adca2,README.md
aframevr/awesome-aframe,92099f4e97ea3834e21d97da89540d151d3535d8,README.md
aframevr/awesome-aframe,921f4a6c15f830f37a4559741be2cff7f6fde054,README.md
aframevr/awesome-aframe,9285356009e5093934fe39b9b0940d8066c6c110,README.md
aframevr/awesome-aframe,92d9673e28255873cff16d0c0698b609f9bb9eb3,README.md
aframevr/awesome-aframe,92da77c548910ffd2855799a859833861b8a112e,README.md
aframevr/awesome-aframe,933b2bf93db4bb958524dca45774ed336cd49973,README.md
aframevr/awesome-aframe,93bb6a69cfca976ad2adf6ab0753bafdb5e014fd,README.md
aframevr/awesome-aframe,9436a4c301e12a5651e21bf4907591851e210538,README.md
aframevr/awesome-aframe,94d4df35a7a152ee3927bdbb4d9fbbe2763c8163,README.md
aframevr/awesome-aframe,95c92d692035b2c100b7d27ab82699c493b17270,README.md
aframevr/awesome-aframe,95f609f9c6d026f064c2bd2968904e08d2de005e,README.md
aframevr/awesome-aframe,960bfe940d65ca013bd31df8db06a420fd7f391f,README.md
aframevr/awesome-aframe,96f7257031cd7f2271355241f14a83afa68ce5c5,README.md
aframevr/awesome-aframe,97cd63596689f3d60269427d2ed8004765fb6558,README.md
aframevr/awesome-aframe,9800be94ec623bb49a928045ba50ad88af8bd0c5,README.md
aframevr/awesome-aframe,9890011395c88df5cb1e32d3e45652b4e811edb3,README.md
aframevr/awesome-aframe,9918a70e1a2b1ac4b28a8bb42b8bfa398b8a4be5,README.md
aframevr/awesome-aframe,9af0da85c754a5381e2dc447a254d61bfda62c86,README.md
aframevr/awesome-aframe,9af88cce663400f99a58fa3573f4bf858217b777,README.md
aframevr/awesome-aframe,9bfe4a6e14e3d23ef214a42d33b53742250fedba,README.md
aframevr/awesome-aframe,9d8651e2e74919f31faabd60631930dae45e1ba9,README.md
aframevr/awesome-aframe,9e51fb7f7ef40778fe60a0e0dd684853f2c5c55e,README.md
aframevr/awesome-aframe,9eaadefe66c124302fe96d600cd6cd8220bcaec0,README.md
aframevr/awesome-aframe,9f3638f79c5a34925317e4614160e15636400065,README.md
aframevr/awesome-aframe,a019e811f58ad6d98e5aab361112588fb08d5aed,README.md
aframevr/awesome-aframe,a02d75b1131a50a14a240ef7bedf32ab582ca007,README.md
aframevr/awesome-aframe,a035dcd4763d4bbf0bccf82296ea49f43b665fb8,README.md
aframevr/awesome-aframe,a0fa1d60b0fc51ec3b46229e3a4704ea87376272,README.md
aframevr/awesome-aframe,a1ce4dee4a7679fcb26f34679de28d1dda86a824,README.md
aframevr/awesome-aframe,a3028b8941b73f1551251347efa2f9db28cd737f,README.md
aframevr/awesome-aframe,a3de365731a1881ae75de1ea6cfbf1d0224efb2d,README.md
aframevr/awesome-aframe,a3f44208b4de500d9f286857d2fb952a3feae7c6,README.md
aframevr/awesome-aframe,a44fb8dff78787a99924f5261c11cac46d153967,README.md
aframevr/awesome-aframe,a4c1fa79c996fcc245b70c1b1b21bd3e93fcd80e,README.md
aframevr/awesome-aframe,a59b258e384eda57adbc66754e103dc1ed9d2ab3,README.md
aframevr/awesome-aframe,a6e8d9db522fa751265d2f69e11c2f1d458a8f92,README.md
aframevr/awesome-aframe,a7c649246d280c6b2b9c27fa204baf5e5bc36b60,README.md
aframevr/awesome-aframe,a87205a816fa8f8df6c84db312ab043cfa685803,README.md
aframevr/awesome-aframe,a88d871b7c7a424304ad27a79665667cf6bd4802,README.md
aframevr/awesome-aframe,a920d9145ee1c1f6aab5869ce5ab1066dd4aba31,README.md
aframevr/awesome-aframe,a97fc8aa61c952c958720cf7303611464a302852,README.md
aframevr/awesome-aframe,ac2d7c2d6d4ae010eb285d782fc23c361bc56455,README.md
aframevr/awesome-aframe,ac84695a4cce4ac677909c24b5e02e66e79bbe4a,README.md
aframevr/awesome-aframe,acc6e046a2bd6409026e731dbb3ab0815d01d63c,README.md
aframevr/awesome-aframe,ae0c922c499d272379c71fd66f498c1f18060409,README.md
aframevr/awesome-aframe,ae82e74f927728b4d8d99f5f6e7f35192e89d504,README.md
aframevr/awesome-aframe,af220f3cafa20b316ce08579eadb887212657b18,README.md
aframevr/awesome-aframe,b13bd98eb7d58cc5112815947a069f15c3653349,README.md
aframevr/awesome-aframe,b1b0cb36e6e3ff35a60074970d5c9780bc98b4c9,README.md
aframevr/awesome-aframe,b37ee2d2be8dc58cbf7239f7e3be0c9d0cfbb7b8,README.md
aframevr/awesome-aframe,b3ee82437b751740a5879541fcf62ee805feb2ac,README.md
aframevr/awesome-aframe,b3f48ab9501bb774c5ad0e06c40618fa678e3717,README.md
aframevr/awesome-aframe,b513ed6350d3b3e5c69096ced0430f4cc870eec1,README.md
aframevr/awesome-aframe,b53a37326d3cb7a138be1db226703968681f153f,README.md
aframevr/awesome-aframe,b88e2b1c46162b0419c95ca789f714b866f11127,README.md
aframevr/awesome-aframe,b8c83b120d1450e073c0f32ea2218395784a23f7,README.md
aframevr/awesome-aframe,bbd075cc2c6b531f5bcd8e689eab9f2d8a684321,README.md
aframevr/awesome-aframe,bbf22076d77667afca5cba715303b116f3bc7ac0,README.md
aframevr/awesome-aframe,bc517c0f1f20012571b9cf68900ed61ef2ba08e1,README.md
aframevr/awesome-aframe,bc91fa36d0c881c74d5d369caf081f8286530f40,README.md
aframevr/awesome-aframe,bd414174d18aad9691c8a9200b95b9cec31b17db,README.md
aframevr/awesome-aframe,bdc3428108d7b1eaecd688860a41c077117bd394,README.md
aframevr/awesome-aframe,bdf54e06536fbb5fd176f98e0914b55c35b83936,README.md
aframevr/awesome-aframe,bdfa9f159d8d68eeb73f8407a260cc0d8d9812a4,README.md
aframevr/awesome-aframe,be2d85eeb1782c89003d9eb69a0732d2ca7fa43b,README.md
aframevr/awesome-aframe,c0f8712834f29425a732d98655d44691af493a74,README.md
aframevr/awesome-aframe,c3a99c8ec829f636b573fc6216d0a3960d413394,README.md
aframevr/awesome-aframe,c3ed83ce3048a1be535763724291bb25f6f19cf0,README.md
aframevr/awesome-aframe,c4b6680dcb909e0df236fde51987340af96bfbe3,README.md
aframevr/awesome-aframe,c4f63bd132e2fa2ff4e098b8bb09457f27ac7b36,README.md
aframevr/awesome-aframe,c51f6d69cb89f07971427afdaf8484822f8ef6d5,README.md
aframevr/awesome-aframe,c57fee6e74fbec52feba34a4ad829ae38e9f3dfc,README.md
aframevr/awesome-aframe,c754834f2a5916e8284b3aaf9bacfb38ac77310b,README.md
aframevr/awesome-aframe,c7bdaa87beb18dc23ff95f2785ef720a78a8111e,README.md
aframevr/awesome-aframe,c7fe1c6eea7b47a6596f0e3cb5fb22ea97ee129d,README.md
aframevr/awesome-aframe,c8960cbef7a744ea03504275ecd1744e61fd9172,README.md
aframevr/awesome-aframe,c94bb6fd1f32ceaacdae6bb99eb91638b5fcb6fb,README.md
aframevr/awesome-aframe,c9dc82088c081f82714fc052b6d39183c2e3d39d,README.md
aframevr/awesome-aframe,caf3dd8612c2947ce3a439ab13b0b58317f0f29c,README.md
aframevr/awesome-aframe,cbeec94667e41a8d6ff2d44de7313e5b47224a2f,README.md
aframevr/awesome-aframe,cc275e170d040e2521c64765ab91408760987266,README.md
aframevr/awesome-aframe,cf217c9c7c9df044dbffb521b339a62a941ebe49,README.md
aframevr/awesome-aframe,cfeeb004e75df5a631879c20799fa84f35b95ba7,README.md
aframevr/awesome-aframe,d065e64c0c5127e1403f675ead048b77af4b6db6,README.md
aframevr/awesome-aframe,d07eb3b1e60074dd4de933d98fce3a3298307bf7,README.md
aframevr/awesome-aframe,d07eb3b1e60074dd4de933d98fce3a3298307bf7,contributing.md
aframevr/awesome-aframe,d0b07daef35a08f2bf51a55b456db13d71717b2a,README.md
aframevr/awesome-aframe,d1d8bec2cd5f365ae2fd724811316dca0daf0b62,README.md
aframevr/awesome-aframe,d32cc234f5b8c39dddd4ca9c5cb3fe6bc2f714f2,README.md
aframevr/awesome-aframe,d35f0eeae2189c71cdc6533f65b3f2d6c21d858e,README.md
aframevr/awesome-aframe,d5267e4fd381e85be264be603213b3a736667a05,README.md
aframevr/awesome-aframe,d61d297ddd36d5a72ee9a89415359860eda8d75d,README.md
aframevr/awesome-aframe,d64cf4db50ab3fbdd727d7d632668841395ab44d,README.md
aframevr/awesome-aframe,d6b48969f04fd403e6b9089d5f6d2fdcb90473fc,README.md
aframevr/awesome-aframe,d6c9a0f5a761215e055f3b34b2abee9aabb8b263,README.md
aframevr/awesome-aframe,d770c19d37ae1c7b98b7f4c98e1e53c7cf3a307d,README.md
aframevr/awesome-aframe,d7c4212a66d58de04f9091d3d58aa8663345dcbb,README.md
aframevr/awesome-aframe,d878b0b666bb148231fbb88222e141a7ffaf4d5f,README.md
aframevr/awesome-aframe,d94a90e39d6db9daa9f0c972110f396f0f24e84e,README.md
aframevr/awesome-aframe,d9a53c01793b3c726afe78e781d16518084997b4,README.md
aframevr/awesome-aframe,dc08c70747658499746ed38338085b5db6fe251b,README.md
aframevr/awesome-aframe,e133cc590a41c08e11670b99cab5d26d1d4b6d16,README.md
aframevr/awesome-aframe,e15dd77a517e1e7ec366ff602f777b85c7e8b663,README.md
aframevr/awesome-aframe,e331214bfab622ac374a39e5adaa312297b1ef10,README.md
aframevr/awesome-aframe,e3c8ba72bf1de5b707b25c8d58234e3afad4d101,README.md
aframevr/awesome-aframe,e3fdafb1f25281fdb6f937d07bc54bb32e0b9741,README.md
aframevr/awesome-aframe,e406a8466636633e59ec919969bc32719a7a82a0,README.md
aframevr/awesome-aframe,e4345ae8c0c3dbc647fafc3d3b5cbbaab72b7f31,README.md
aframevr/awesome-aframe,e4e42619d974f0642d1c2b1c71748c9cb297e56d,README.md
aframevr/awesome-aframe,e5a01ab2db1ae21808aeb88315125541445e0127,README.md
aframevr/awesome-aframe,e7f3844daa8a32e79cc30a846a7f1334cb82c389,README.md
aframevr/awesome-aframe,e8080128fca0e0bad7b64ff98ffef9dde7153748,README.md
aframevr/awesome-aframe,e808c28539d08057241cb0e343eee19fa367b595,README.md
aframevr/awesome-aframe,e81b20a6a3cac68bb3910353821ec6eb54f12863,README.md
aframevr/awesome-aframe,e9350301afc110d901bf84847d05f2e31b6ebb20,README.md
aframevr/awesome-aframe,ec66b03f3571b02ffa29d1fa726fbffb673da591,README.md
aframevr/awesome-aframe,ed4348906514b05efd93f19460332c851bbab6c1,README.md
aframevr/awesome-aframe,edf48cc7befe78eb49f85712f40d8f147cdd5c4f,README.md
aframevr/awesome-aframe,ee1d2e5081e6067083e53eaf19901dc7b1ce06d3,README.md
aframevr/awesome-aframe,eeaf5f70347351ceae960d692df409fe8a177e90,README.md
aframevr/awesome-aframe,efc6db1f709951aa92f6b280889399319bad0b26,README.md
aframevr/awesome-aframe,efe2fc86a32acea51d1167ab85d4fba5fb3367dd,README.md
aframevr/awesome-aframe,f06f352438207f73635628b1444103258c72c094,README.md
aframevr/awesome-aframe,f0709f77fc40ffda15e26dee0e1d4bd517c48fcf,README.md
aframevr/awesome-aframe,f137dbfaa0aedc282c456805d098d6cf9277aaf6,README.md
aframevr/awesome-aframe,f2e458c3ef71f5014fb18699ca4e862c95dc7b54,README.md
aframevr/awesome-aframe,f30672cc7e75a799f99754a43242971c349bd0e0,README.md
aframevr/awesome-aframe,f32357c83147ae6dcbaffd99727ba315022cc3f0,README.md
aframevr/awesome-aframe,f3c57970126910aa54e9410794d38716d1421c61,README.md
aframevr/awesome-aframe,f3f0ecabd65fe0e6e1e0ddf20e7a1ae4c2e13af4,README.md
aframevr/awesome-aframe,f5163e79f3e432a7a33a367fd37a7c3570798d74,README.md
aframevr/awesome-aframe,f5d2c48b1e911bd955521c4ffc6aeed2e3392810,README.md
aframevr/awesome-aframe,f6412871f457eabcf25395f7c12f6e575e79624e,README.md
aframevr/awesome-aframe,f6466805386ddbc29ec402a905028dda6b525983,README.md
aframevr/awesome-aframe,f67271a31154ca283add08591eeb8844155c9ea9,README.md
aframevr/awesome-aframe,f6c8f4ce8198401369d4856af9f1f12f2b3952f4,README.md
aframevr/awesome-aframe,f7400edf3eec05f8a20c66a7e314550f0987ddad,README.md
aframevr/awesome-aframe,f8db6aba7f60aadf59149fa66c5b0aba84be64f2,README.md
aframevr/awesome-aframe,f8e45f76e592568426b5168d80393b85be6f01b5,README.md
aframevr/awesome-aframe,f9b57b270c076de048f9bc94b9c39fab9bf170a3,README.md
aframevr/awesome-aframe,f9e919ffcd4ff57aadb2b7ebde6eea91b112d1b3,README.md
aframevr/awesome-aframe,fa626a7e662e57d223afc7583a49523ec1bb64ae,README.md
aframevr/awesome-aframe,fd3b1466d3a09068dd6c6c3d50e07152d415cc18,README.md
aframevr/awesome-aframe,fe47e1698806cb55c12e7ef0cf13bdf13dbf90ce,README.md
aframevr/awesome-aframe,ff42553b230d270e4881841bd3abeb5e9ede123b,README.md
aframevr/awesome-aframe,ffb124cc0be4b854d69bdfb295bbb9454dba1819,README.md
amitshekhariitbhu/Android-Debug-Database,06084d19f590eb96cddbaafb932125aab4012a92,README.md
amitshekhariitbhu/Android-Debug-Database,07dae33ba62701a407d3511373a8e86876586113,README.md
amitshekhariitbhu/Android-Debug-Database,085290086889d5a9d78ded4cc39b1268ec52c535,README.md
amitshekhariitbhu/Android-Debug-Database,085b8d5b675a2ad8c968c7f7fe002663053bc435,README.md
amitshekhariitbhu/Android-Debug-Database,0add109bd840aed23060bc26ad4acc4c7735e521,CONTRIBUTING.md
amitshekhariitbhu/Android-Debug-Database,0b346c8c8db165522936e53c54f504b677cc29a4,README.md
amitshekhariitbhu/Android-Debug-Database,0b5a143cf0437f888ca3d910b2db5e293024837d,README.md
amitshekhariitbhu/Android-Debug-Database,0dfcfd7cbabd09df2ab00c436d5a74b5dce30439,README.md
amitshekhariitbhu/Android-Debug-Database,0e5ff8f3b69f5a716707dc23b388a0049d6f2645,README.md
amitshekhariitbhu/Android-Debug-Database,11b6745c71788d30389a640b6d005a5c75afd692,README.md
amitshekhariitbhu/Android-Debug-Database,1feb3f550cae50919b2412cb04dc577e0bde765f,README.md
amitshekhariitbhu/Android-Debug-Database,2005200e2476731402c0cd203f2145e80efcb45d,README.md
amitshekhariitbhu/Android-Debug-Database,2128485df978941375ac5ffed5758a645e73fa4b,README.md
amitshekhariitbhu/Android-Debug-Database,2cbe9f93be94976f1b6789edbbc2336010c1ed5e,README.md
amitshekhariitbhu/Android-Debug-Database,30cbc73093ace9a13be57a2b1220759a5cdfe1d4,README.md
amitshekhariitbhu/Android-Debug-Database,331778fbdb20c8d06ede7061a8f104a93b0a61f5,README.md
amitshekhariitbhu/Android-Debug-Database,33fc429d463e26b0f9ff6818ee54a91f913b4dc6,README.md
amitshekhariitbhu/Android-Debug-Database,361a22f865fe14c1ef71dc408a5285519d10dd5a,README.md
amitshekhariitbhu/Android-Debug-Database,3a642bdf465354cb87e42d99e07297172b4503cb,README.md
amitshekhariitbhu/Android-Debug-Database,3d3a2320e039da86cdc5ef67353899410d9c2227,README.md
amitshekhariitbhu/Android-Debug-Database,43beb2e52f510cc7f80beba0f8a48a642851d437,README.md
amitshekhariitbhu/Android-Debug-Database,47bfc0055f0afda7b33b013082803bc00970407d,README.md
amitshekhariitbhu/Android-Debug-Database,48a6623168619c1c54b979196961e7ea2f2b1038,README.md
amitshekhariitbhu/Android-Debug-Database,517d9de5a10ef7307616ddb6a85bece6f22b82fa,README.md
amitshekhariitbhu/Android-Debug-Database,5553cdd37fc4e940e7f158f81ebb6e52762786fd,README.md
amitshekhariitbhu/Android-Debug-Database,55f72f5614f5afa30babceb9602ce454bbdf030b,README.md
amitshekhariitbhu/Android-Debug-Database,566a5e4ee2598a7aa0d261e7760a4a6800d0d185,README.md
amitshekhariitbhu/Android-Debug-Database,5b83f6c960612a49f2e9a087a535e0b535adf7c8,README.md
amitshekhariitbhu/Android-Debug-Database,5d6981ce6efd2aed98b22695145f5103bdf4a61c,README.md
amitshekhariitbhu/Android-Debug-Database,67d18bb0e33998b40295fbd24f5585e7c3a02bd2,README.md
amitshekhariitbhu/Android-Debug-Database,6853a9f4e5dbe6ad07e3b8c01e8fc14a8c1199ef,README.md
amitshekhariitbhu/Android-Debug-Database,6da79615ddf692039de6b8f6f58f9e8aefbb5428,README.md
amitshekhariitbhu/Android-Debug-Database,6ef446c5d6d523cd37e5e626ee1d2c8e3cc62daf,README.md
amitshekhariitbhu/Android-Debug-Database,70acc14c34b46fd986e226a0a9a7a28d72c4e9f2,README.md
amitshekhariitbhu/Android-Debug-Database,73656b6702a8526676c738fea99973b4d6919b6a,README.md
amitshekhariitbhu/Android-Debug-Database,74861b0a03978e18a6331b1e1732cdfbf3ddc0f7,README.md
amitshekhariitbhu/Android-Debug-Database,7595b16d2f31a0e1ae641d25f1b17ccda408d195,README.md
amitshekhariitbhu/Android-Debug-Database,7dc83cdc40d8cecab5e8f941234ddebabcae376d,README.md
amitshekhariitbhu/Android-Debug-Database,7e609eddf44a20201c9ff9050c21798cb09525e7,README.md
amitshekhariitbhu/Android-Debug-Database,7ee994a54e8005d94776f57780b65e41c66c31e8,README.md
amitshekhariitbhu/Android-Debug-Database,7f054d4f8f089d61a96c2e3ce5edceeaa2671bf4,README.md
amitshekhariitbhu/Android-Debug-Database,804652f8b990d1c4fa50d04406bc6c6a78a7d9d0,README.md
amitshekhariitbhu/Android-Debug-Database,8090576d5e4bcd3284fb36a1bc1c9cc1b2c326b2,README.md
amitshekhariitbhu/Android-Debug-Database,809369f6dd9d22beccea1cb64b8923fe978f93ef,README.md
amitshekhariitbhu/Android-Debug-Database,829ddd046fd57b80df20b43b0b4b17e4d8160bf1,README.md
amitshekhariitbhu/Android-Debug-Database,844ba6b5e450284417ac9998a8dc34110c484158,README.md
amitshekhariitbhu/Android-Debug-Database,8cbb669a82cd9863d00b28b93ba44024d88bb592,README.md
amitshekhariitbhu/Android-Debug-Database,93bb3ca068c59d1190cece97eb2f737b9b66bfaf,README.md
amitshekhariitbhu/Android-Debug-Database,94775dde90c42a7335ea1983407a6696a0b2ec9e,README.md
amitshekhariitbhu/Android-Debug-Database,94efb5a7b0f22ad9ad2c4d650367952efd457367,README.md
amitshekhariitbhu/Android-Debug-Database,9bc3a26ec49c474cd7c1aaf07825ac7547d49622,README.md
amitshekhariitbhu/Android-Debug-Database,9f085dde550af694ba0a871e3ba5395905d13e38,README.md
amitshekhariitbhu/Android-Debug-Database,a7c07b63852e97e4b54b7f6159bcaba065574f9b,README.md
amitshekhariitbhu/Android-Debug-Database,a8a1d7c69ac33c11ab78315c11d2ad8c0a720d9c,README.md
amitshekhariitbhu/Android-Debug-Database,aa4c2ff37851116306ed879ad3d2ec3038e71e74,README.md
amitshekhariitbhu/Android-Debug-Database,aad988f491db6bae783140f0132ea5be7268b9e7,README.md
amitshekhariitbhu/Android-Debug-Database,b2343101e72f3bcff5aa4b64d28da0788cb5e60b,README.md
amitshekhariitbhu/Android-Debug-Database,b6d1dc602a11d3f22d940913054ccf2c80c69e19,README.md
amitshekhariitbhu/Android-Debug-Database,bb722b08786b65d76d0461ad41062a5f9c138ac2,README.md
amitshekhariitbhu/Android-Debug-Database,be35c42683c7cac6242903d30b01906e4f183b37,README.md
amitshekhariitbhu/Android-Debug-Database,c138c1121e8ffdd94e97aa25a3f050dd98c791ab,README.md
amitshekhariitbhu/Android-Debug-Database,c19d1a5527fcb154e66197931e89c122f77b7bd6,README.md
amitshekhariitbhu/Android-Debug-Database,c205bd9208ad6d2d73bd23da4f5a619511365b68,README.md
amitshekhariitbhu/Android-Debug-Database,c272c33e6d2f6590e618aea4b19d20062318613f,README.md
amitshekhariitbhu/Android-Debug-Database,c7358511ed68835af38a70d5e0c363ea7dc9aed6,README.md
amitshekhariitbhu/Android-Debug-Database,c9a3fd445f7864d8cab32f6e97bbb202da506b8a,README.md
amitshekhariitbhu/Android-Debug-Database,cc87f7eea70ee19798f49bddfb10e915bd9fa041,README.md
amitshekhariitbhu/Android-Debug-Database,cfdf936f764aedcaea3d4b28da4904ddcad8a69b,README.md
amitshekhariitbhu/Android-Debug-Database,d054464a399ca12d51e9673fe0c0f91ce1cb36f4,README.md
amitshekhariitbhu/Android-Debug-Database,d70de09f6160016914e48b507c02076e2ebd1f47,README.md
amitshekhariitbhu/Android-Debug-Database,d8d197f468c6e3ec1b93ca504c2195d579795263,README.md
amitshekhariitbhu/Android-Debug-Database,dbb4a311052db3a038e6cf75d691ed9129170f79,README.md
amitshekhariitbhu/Android-Debug-Database,e276f16bc495a5247eeef954254084e41ff80146,README.md
amitshekhariitbhu/Android-Debug-Database,e3c5471b6cc391650567284f103677ac26b6771c,README.md
amitshekhariitbhu/Android-Debug-Database,ee9f0484edfd0db628988b1e1f909f7b9694d684,README.md
amitshekhariitbhu/Android-Debug-Database,f03f150489109071d24f18a913377487b7bc0655,README.md
amitshekhariitbhu/Android-Debug-Database,f0ebaf0b502713e97a169dfe612174856e198be1,README.md
amitshekhariitbhu/Android-Debug-Database,f2992f8ec1104688eb758684dc0adf8ec5a56eb0,README.md
amitshekhariitbhu/Android-Debug-Database,f56a7bc2d40c507d4120e513cedc3c463f9d4965,README.md
amitshekhariitbhu/Android-Debug-Database,f8237830ac1f540e918bd6fc07104b97cad049fd,README.md
asrob-uc3m/robotDevastation-robots,0bb640394567d4d6b4055adb6e119419b1f98d3d,CONTRIBUTING.md
asrob-uc3m/robotDevastation-robots,15260dea17ef7a048d01cc3e2dd74c01473e4e7e,README.md
asrob-uc3m/robotDevastation-robots,2815ecfb68d5511797b6a6ae3e50a382671c47e2,README.md
asrob-uc3m/robotDevastation-robots,2978ffdc89ea64f2eec79c05a366fe7a8cf06f17,README.md
asrob-uc3m/robotDevastation-robots,384bfd40021c170980fa37906e1361aa677eb1eb,README.md
asrob-uc3m/robotDevastation-robots,4b1100d3dca66dbfc04d77b6e609a719f7d338dd,README.md
asrob-uc3m/robotDevastation-robots,58a25a3cba71ce49fb594d2f952ed99566322a55,README.md
asrob-uc3m/robotDevastation-robots,66690e3d6dd894fe5ef8ab1198526c35f04bfa8f,README.md
asrob-uc3m/robotDevastation-robots,703be437f2a7e26455a12cad60197a65de9ff07c,README.md
asrob-uc3m/robotDevastation-robots,747f88c97bc85ed16fa8341b85911fd8b303bba1,README.md
asrob-uc3m/robotDevastation-robots,750d66dcb3837d2e808b6d6a9d2fc7391c33b4c7,README.md
asrob-uc3m/robotDevastation-robots,7f3bfe1229216d8e449520c0e88fa1aae03f36e5,README.md
asrob-uc3m/robotDevastation-robots,806923a00566681b0ddb575b48ef9bdaaaa9d99c,README.md
asrob-uc3m/robotDevastation-robots,8cf6e76659cbfee10ab5e0ffea54c7ee74ff4171,CONTRIBUTING.md
asrob-uc3m/robotDevastation-robots,8df66482530e5a84b2e0749941e2f506978d55a1,README.md
asrob-uc3m/robotDevastation-robots,a598d168d60b6198e8a771f9615a2ecc239b7a0d,README.md
asrob-uc3m/robotDevastation-robots,a759a166b0d1ba919eaf8ae3447332fbe1e7dd5b,README.md
asrob-uc3m/robotDevastation-robots,ab9cfe3ae6d9b53894a44f5d57edf25c51034c76,CONTRIBUTING.md
asrob-uc3m/robotDevastation-robots,ab9cfe3ae6d9b53894a44f5d57edf25c51034c76,README.md
asrob-uc3m/robotDevastation-robots,ae91f6c77d5c584b2daf09cc5c09edeee94312e6,README.md
asrob-uc3m/robotDevastation-robots,c28eac507402dd85493f0bad9c5c3d627dc07461,README.md
asrob-uc3m/robotDevastation-robots,c70ee317b8771408a7d65f08dbc79b9564f61da5,README.md
asrob-uc3m/robotDevastation-robots,d786216bf4327299db5a2dacc91c3857923c1a1a,README.md
asrob-uc3m/robotDevastation-robots,e2bc64dabf27abbd6cb17e986103594920342b54,CONTRIBUTING.md
asrob-uc3m/robotDevastation-robots,ff74bb9ac5e5f17baa5a180960b16f3c2bbf8c8b,README.md
atomantic/dotfiles,04518f0fb111a9f0f91f4ae1d49ab5d3a005e4e3,README.md
atomantic/dotfiles,0762bbf5f7d60adab3f87b21824326d28e0953d7,README.md
atomantic/dotfiles,0f93a5d2131fd43566bea8025b5b2f1b3371841b,README.md
atomantic/dotfiles,1050d5e29946d4925a458d94242cc7bbf5f190c6,README.md
atomantic/dotfiles,128955bfb21ecc1c0797a3f65b341e4895d97682,README.md
atomantic/dotfiles,140d22fc1a09d60e1cd7d72a062d4e0961ad921b,README.md
atomantic/dotfiles,164e8ec3bfcf1db64649a3a3c4e880120e4efbcf,README.md
atomantic/dotfiles,1707c2a79ff668338b235745cff125227f4e78ea,README.md
atomantic/dotfiles,19c26dc95a49882a4840cc68e5f5b1846455dfc0,README.md
atomantic/dotfiles,1a9a8a60a7e2c552690e10fd9e08368ba59c9cd0,README.md
atomantic/dotfiles,1db0cc0c5d28e72fae4032472fa6c5480d2442ea,README.md
atomantic/dotfiles,24246ca55818a461678f8bbb61c5e63f0a0f42ac,README.md
atomantic/dotfiles,30293784c461f7082682242e5d84b0ca2efa596d,README.md
atomantic/dotfiles,32873dec8ff48d5a6eba042e2c873b3631b8bcb7,README.md
atomantic/dotfiles,3a39168629bc56ba4ac55aa04b5cd45846fa0549,README.md
atomantic/dotfiles,44b0a197f71311bfb2aa23d2f3aecdc87d3743ae,README.md
atomantic/dotfiles,459be49cd43bbc3546cfb34ef10a5253923193ee,README.md
atomantic/dotfiles,463cb92e35682459f4d999ccdcb2efeea9cf7553,README.md
atomantic/dotfiles,4ba8fa952755ca3267d8df7343dcc1921b1eecaa,README.md
atomantic/dotfiles,4d0d079ba45f113fa619825670962de88a668427,README.md
atomantic/dotfiles,4d9f2349f76775419b870f87f0015e6cfa8f5e06,README.md
atomantic/dotfiles,4e225892862eecfb849a07773d8f902fe247ea35,README.md
atomantic/dotfiles,52215c2854de2300aa60c66ea52220d9077656fd,README.md
atomantic/dotfiles,5346c79bcd330b48e6f3af4600b0e71d2e1dfa9a,README.md
atomantic/dotfiles,53fe3159e4cff35becc9706176b0527eae3fe5c9,README.md
atomantic/dotfiles,5458409b9119df97d2373facafb7f8869d304318,README.md
atomantic/dotfiles,59effc67e4d8ba4e4bae5918139ede0a42428fa5,README.md
atomantic/dotfiles,5c1c6f3078bc56a6f590c58d439e9793d17acea1,README.md
atomantic/dotfiles,5cd3cfb617ec519e4d24a2b8daaa4d30b6eb193f,README.md
atomantic/dotfiles,5ddbd4df64d55d97d6e23bc6ed8726a5f3fd71e6,README.md
atomantic/dotfiles,5f8d9477b51dd9044fff5289f965f5e3a9b93eda,README.md
atomantic/dotfiles,5fc6a049271c45d2b9f2205508adcc387dabbd76,README.md
atomantic/dotfiles,6939effa7e3ff377edae17bf75e34af55f27ccd3,README.md
atomantic/dotfiles,6c5b6dd92bb837a6ac449cc6929a0613d153a8e5,README.md
atomantic/dotfiles,7383d8b15b34f93ce31fc4794502b8bfd201daca,README.md
atomantic/dotfiles,74f17976390b528f8e7ee6d05538fabf200c51f8,README.md
atomantic/dotfiles,770b6df6ffa94bffb1aaf8716bfbbf6c1960ad61,README.md
atomantic/dotfiles,771b1886914ab7083f3ffec96babf7c6578b9276,README.md
atomantic/dotfiles,7951578fe6ade6763649cbbc27dc22dab465fd59,README.md
atomantic/dotfiles,7abbfd35cbb02cb51b0517989927e89d886e0b28,README.md
atomantic/dotfiles,7c1dd075a925d0fd7f1e6419d194440877cb83f7,README.md
atomantic/dotfiles,7fffd3a68ef4712da4baab9646c7fc3ee019506f,README.md
atomantic/dotfiles,82fc546267b6b37bfbaa2c6605f8ccd3e1b37b9f,README.md
atomantic/dotfiles,84f573d7a7239f8df21e66c05f7704bd3aa3f873,README.md
atomantic/dotfiles,8abb058c9492d776beb5296938027854f32353c5,README.md
atomantic/dotfiles,94c90be947b4137a9a8a37150f4cd669a9025b80,README.md
atomantic/dotfiles,94d4e48111b83b11171a359b7d787dfcbfd89575,README.md
atomantic/dotfiles,95b5949977637b6c9d5c91edabe1ea072c6b11e9,README.md
atomantic/dotfiles,9619b5c85c4324baf671d0ff4fb91ed7d20b645d,README.md
atomantic/dotfiles,97adcc9fa1eddb8c87c4ae55752c67ff9096a595,README.md
atomantic/dotfiles,a15f6c95021f3718a2989814b02adce146366f28,README.md
atomantic/dotfiles,a65e0414bb7052828d0c3d65663715fa02d90604,README.md
atomantic/dotfiles,a80855917337145962d1bda8e6f04826f41a80c3,README.md
atomantic/dotfiles,aa03b4d113a5bf04ea1162b49d2dcda72ed94c03,README.md
atomantic/dotfiles,af3a2044b3486c1de3e5356835d475ffb4cc3249,README.md
atomantic/dotfiles,b669cab588d26eff487730a3a4796580eae1454a,README.md
atomantic/dotfiles,b70ccfa57fb4b8b3e9b8f737835543ab185d2361,README.md
atomantic/dotfiles,bde6b276d3a599fa3d6827e9625fbd7e20967ad0,README.md
atomantic/dotfiles,be2070efe70c12bbadcb6ca3ae17cbedf158a3bd,README.md
atomantic/dotfiles,c2b59278c1ccd4687cd5e15e8382c50375b2282a,README.md
atomantic/dotfiles,c9669eee8c346439a87878e911d9203bc28a4d3c,README.md
atomantic/dotfiles,ca5b63a5355c755c2675998ca6d60eaebeb56c65,README.md
atomantic/dotfiles,cc7ffcf6ba223adf67d71e6c7757db2530b8f653,README.md
atomantic/dotfiles,cf55fbbe44967c50b8d4fa29cba0406c61e5df45,README.md
atomantic/dotfiles,d3211ad5ca0b9b2448970de9ef708473508843c3,README.md
atomantic/dotfiles,d66b292da37db940ef0a17cabafbff6934216c14,README.md
atomantic/dotfiles,ddaad08c551570fe0530ffa1620152e51a262b9f,README.md
atomantic/dotfiles,dea0d7b1068d2372ac921a287a98d20a4311dfef,README.md
atomantic/dotfiles,e0006974bf5656cb402a7e989a225f6fbd42237c,README.md
atomantic/dotfiles,e27f75e255e3c3641872284fe289bcea29221d21,README.md
atomantic/dotfiles,e65785057746f6ebd4a4bbc768fc9615826a96b5,README.md
atomantic/dotfiles,eae96e9ad4d0a85279e737b92cd80d97d7123a21,README.md
atomantic/dotfiles,eb2e39d088105c659f9ea1c2b1716d7a6499f6e4,README.md
atomantic/dotfiles,ef5f9eb671f0f83b721b7293c4488478c242c880,README.md
atomantic/dotfiles,f5b8c71d448dd2819edbb5797e6e384524af6964,README.md
atomantic/dotfiles,f78be423496c4315e7d981eb9ac5c3168308bcf5,README.md
atomantic/dotfiles,ff9ba9630306acb84b97e2234a2bc853745528e4,README.md
basho/riak-ruby-client,08ad212bf5b7d13991213debfefdaa6b385f2888,README.md
basho/riak-ruby-client,3c1c5b369da807759fae3139afa7c1a70b88478e,README.md
basho/riak-ruby-client,57cd964830ef34807549e4abe8d89d2eb1047354,README.md
basho/riak-ruby-client,a81128231516055296d5164c9104291877981bd4,README.md
basho/riak-ruby-client,a932e543f10c3525558f3e48259840e239b6638b,README.md
basho/riak-ruby-client,aaf02b5d6599d1074ba3a058621956811f1ff6c7,README.md
basho/riak-ruby-client,becd93950bd3b52e6297e6c93d9d743e33819360,README.md
basho/riak-ruby-client,ca0acaf70d0ebe92a74f9a86c7507a8164c04e28,README.md
basho/riak-ruby-client,dcbf15eece7501fad38cc2bef223db7efae5a94e,README.md
basho/riak-ruby-client,eb38dc0e3a8f88ea93ef8a78ad0ad342d950f81e,README.md
bc/frontiers2017,0edfbe589bc0df467c3fc20cfaa3378f5abeb037,README.md
bc/frontiers2017,2903c9bc3e6820954189a8c9892a4cbb3b66ca2a,README.md
bc/frontiers2017,2ec7eca8a082840db5cd7fdc9247dde3e1669d3c,README.md
bc/frontiers2017,46f5e77c4f500f7ad9c43c495b8dfbbe12ea64cd,README.md
bc/frontiers2017,583ebda645748c119dd768432b1c66ba711ad6ee,README.md
bc/frontiers2017,89215da8571b5cbb4333a4caed58c6458fba04cb,README.md
bc/frontiers2017,8aac942780d802372d47b3a1406e4d6a855662cc,README.md
bc/frontiers2017,af37e0dd6fd6ed8875daea68edd0f6bf4f579ecd,README.md
bc/frontiers2017,b515545e88997a1bdf0625342acc24f29f733445,README.md
bc/frontiers2017,bc688198034ab525def6d5f6332b1365b8a56e55,README.md
bc/frontiers2017,d1717af81d44db070456142de183769563dc7e5d,README.md
bc/frontiers2017,d75a95e98873a86b12bbdce2bed2e4b2b8f6969f,README.md
bc/frontiers2017,e1d6acdc85a62ed075fd922fcd60da22affd902b,README.md
bc/frontiers2017,e3497c705d41e5d8b0323b527b3c8648fd48369c,README.md
bc/frontiers2017,ff23165d44f5a593b3b3c59ee8d24fd9d9aff099,README.md
billz/raspap-webgui,026a385adde4a9a1a2653037d9196dbe3f3ce3d3,README.md
billz/raspap-webgui,031df3195c3c740f5488e4a4fa6fa5cc7b9bcc9b,README.md
billz/raspap-webgui,03c280bb82e13a9462c1f11f5b89f7495c9a7cc0,README.md
billz/raspap-webgui,04c778a92cc0354f6b1f7a038e1b95391b2b54ea,README.md
billz/raspap-webgui,04d8433d1c8952ce24433cd1740c69808c430c1d,README.md
billz/raspap-webgui,04fc73326bdbafe02b0312eb09097cb5eb5277de,README.md
billz/raspap-webgui,057b91d9ba2180d3af267032b4a208aa9337145b,README.md
billz/raspap-webgui,057ccbc9c1e3c853e1c7823b9064e493711cc308,README.md
billz/raspap-webgui,06a3b9386f857a729d2a58d5595066b216303387,README.md
billz/raspap-webgui,078c8d4a4f145736dac99745db03b89bca9a9d1a,README.md
billz/raspap-webgui,079191b660418eac364c012debe7e39867e664c5,README.md
billz/raspap-webgui,07caa334a0b153f169b3c4c183f0cccaaa7534e2,README.md
billz/raspap-webgui,0886f16f432837c5c6186f0c9aa69638c7404430,README.md
billz/raspap-webgui,089c986d0a8c229cb42e01951b7a368ba84e74ca,README.md
billz/raspap-webgui,0a32215b39a6bfe6945c1ebde8ddc62e326edde7,CONTRIBUTING.md
billz/raspap-webgui,0a9b2363de6863dd8d2023b47ef6642bf1d7e18e,README.md
billz/raspap-webgui,0c58a6c92c2cd841008841645590fadfc5ce55cf,README.md
billz/raspap-webgui,0c5ecb549d9bf9672425503908be3ab52a6ac2df,README.md
billz/raspap-webgui,0fbccabaf57ecaba8c13a49dc1715c630119dafa,CONTRIBUTING.md
billz/raspap-webgui,105ac35306d7c45e078da7e587e95b34e55e2008,README.md
billz/raspap-webgui,10f09a346fa09ff5659e20342afd9aa1784e71e4,README.md
billz/raspap-webgui,12d52dfd3ca14d7b01727aea829fc5cc5db1558b,README.md
billz/raspap-webgui,14f79604308bbf3ceac9e9444112d70eb2f669ea,README.md
billz/raspap-webgui,16161dd7b0bc440ffd804b8a375f52863be19937,README.md
billz/raspap-webgui,16309a1fbc2b06d0bcf8c2adb5a7fa6575583e35,README.md
billz/raspap-webgui,168ed2448f4335eb3bdf7b5ef572b209733302de,README.md
billz/raspap-webgui,16afef3e13f7637066c72abf2d4b892e91d6093d,README.md
billz/raspap-webgui,16cd2d0c0f101fc5dda1210abb7c9cc0e2aa0ea4,README.md
billz/raspap-webgui,16f146b0da277695059c2d265730659823782d33,README.md
billz/raspap-webgui,18bcc3032a683d0a34c6257412fc212c261872aa,README.md
billz/raspap-webgui,1917d8cc0a3fc104d690ac1cf307d843061666aa,README.md
billz/raspap-webgui,1a59c06d42ea28ec7265bf8916f159f83baec680,README.md
billz/raspap-webgui,1b136946e9d9d38956c1ac1963f798eff6f6113a,README.md
billz/raspap-webgui,1b387b0f6d2012a9d3b5d404ee48056c0e4ec21b,README.md
billz/raspap-webgui,1c23389270ee545dce59d04c6fcb9aced9bf1028,README.md
billz/raspap-webgui,1ca57260e1bb89eda54773786fc58384809e6cf6,README.md
billz/raspap-webgui,1ce4c207a65f101b0f1fa894cdb0e255f291346d,README.md
billz/raspap-webgui,1dd203e974747d1fe4d738e0060161dceba598b9,README.md
billz/raspap-webgui,1e6b604e7fb1346b0c3fed3deae2767956a6ddf4,README.md
billz/raspap-webgui,1f16791d550933a166fce1ea3b2d9d39154b1fdb,README.md
billz/raspap-webgui,202804c294d3abae5b19a85a5314fa8d9b9db3e8,README.md
billz/raspap-webgui,20bc1830b4898a23768168413a9c48e9824469bd,README.md
billz/raspap-webgui,2209888a5d3b77fa5b4a438be5462462902ce877,README.md
billz/raspap-webgui,223b20ddc99b872cf3032089bc594e0165c0137f,README.md
billz/raspap-webgui,2270fe49530e4ac4ee942b3b18fb19734fed3e6e,README.md
billz/raspap-webgui,246fd32058c74425d6581ffeffbe6add34aa8c33,README.md
billz/raspap-webgui,2480259520dc8428d936f3939fadf295dbb9f12a,README.md
billz/raspap-webgui,24b0b6a5d25ba2a6f6c2460755962ac2b83df13f,README.md
billz/raspap-webgui,24fd53f8de8c14e2de26cca54fe4ac7c662a15ee,README.md
billz/raspap-webgui,252f445a942351d7308f7ad5a4a3dba8c9043a88,README.md
billz/raspap-webgui,272af5ffd2a792fc3222ed4a9bb7104781b1236f,README.md
billz/raspap-webgui,28b586ab4fa0924a209d9869cfaf365c9d8c6bc9,README.md
billz/raspap-webgui,29775f0374f825d8dc60117c5f8f2f99be374a38,README.md
billz/raspap-webgui,2a1e39a8807954ebaf9695cba9dceaa7a24900e8,README.md
billz/raspap-webgui,2c34fef61fd3adea38d76f7d12d9cc55de8f1407,README.md
billz/raspap-webgui,2c896bbc128be55cac623aef2f1575c4f6e6b5e3,README.md
billz/raspap-webgui,2ccddf3f0afa90dd33a7c5e017121cb5efa1e9d1,README.md
billz/raspap-webgui,2d992fb4ac8d6b3688a8e0a31d16d4caad82b599,README.md
billz/raspap-webgui,31e623011289e6ed46e96c8a330a29bb21191baa,README.md
billz/raspap-webgui,320379e449729c6e4f3805f70bbe529bfc103962,README.md
billz/raspap-webgui,3218d87b1be0795a853a65781ba80df7cf7e2ab3,README.md
billz/raspap-webgui,321c98de2427c3bb0b8047592507d2ff1dce8870,README.md
billz/raspap-webgui,32d398f07d1f98a2a52d8e3905c0250aacafb12e,README.md
billz/raspap-webgui,334e6f0b503995f7253a79ea1045b43fc2f3a08b,README.md
billz/raspap-webgui,3417115a84ac7c435613c9b34a15ea0c32d9bff9,README.md
billz/raspap-webgui,34859daa63e1dbd2a4aa4c724ba13dbaa6f0daa9,README.md
billz/raspap-webgui,34d4358326a1abfac4feaa095445ef40c0fd652f,README.md
billz/raspap-webgui,34dd95f34120b86c04da02a3997bca0ed12653ed,README.md
billz/raspap-webgui,34de49c6aa00afe0e10193c2b39e40943a9a75d4,README.md
billz/raspap-webgui,362a08c00f75af6618cc8600e03803b54373e58f,README.md
billz/raspap-webgui,372da249af7a702500f4075c387348364b203b11,README.md
billz/raspap-webgui,374192ebe1afdc38788c9096bb3451c0cd797c90,README.md
billz/raspap-webgui,3874a15a2976a9cb48b13f4d84eeb5d41872d247,README.md
billz/raspap-webgui,38ac3f904c8e5405ea4552b4dba2a88e7ada8850,README.md
billz/raspap-webgui,3a63ea0d90809b179f6f94c8df7f2e1677ec6819,README.md
billz/raspap-webgui,3ab90f64b7ae81131c9817bbb4e31c29358b73cb,README.md
billz/raspap-webgui,3b52d0f2119dceec76733198403f642815c6b537,README.md
billz/raspap-webgui,3bf3e0baa3e3e4323d07eb9caf6ccec43c0e5eac,README.md
billz/raspap-webgui,3c83dde059c017059246f900f93cba3c9da2fdb9,README.md
billz/raspap-webgui,3cb578ab3020b91b48c8584cc36cd7847dd221af,README.md
billz/raspap-webgui,3d07bfe70449aa72dfdbd3c1d566b4bdc20b3d50,README.md
billz/raspap-webgui,3dca072b4cedc874e1e5c9e7ab5dac0301731d18,README.md
billz/raspap-webgui,3e5ac1e2672cc8f78637abf69377b0b26ce68875,README.md
billz/raspap-webgui,406ff39ef8c8cf16baa8a42c4221eb69a46413ce,README.md
billz/raspap-webgui,40a1b46dfce55cbe92f37b97dd71fc2cf52c2d18,README.md
billz/raspap-webgui,40a526f2173b28796e1b5d3829e1823ab8199b14,README.md
billz/raspap-webgui,41bca8e581fc3af52d9de1811f7214bb520b5b3d,README.md
billz/raspap-webgui,41fcbba5cc84ee0fe417a1e896215e9f5f443f05,README.md
billz/raspap-webgui,4299d4d7ccfe1da42d7505a47ffa03ad542ddbc4,README.md
billz/raspap-webgui,42cb0a93bb2bf44a424ceadb4f93fa3a1b26ffb1,README.md
billz/raspap-webgui,42ddc46a21a79f3c6e5ef0a74e4bb9b47565c0e6,README.md
billz/raspap-webgui,42ecbde8383639e9d0888fbf94a7c077abc33731,README.md
billz/raspap-webgui,434b4830dca2d9475d7bdf03b034aecbb6d70ac0,README.md
billz/raspap-webgui,45c96cbc04ad6b8c76e677f1b34980a66cfdf5f8,README.md
billz/raspap-webgui,463b1978d00109d3512b935be53fcaccf79db0bf,README.md
billz/raspap-webgui,475fc347d26ea58bb954b5a24f685394cf8022ff,README.md
billz/raspap-webgui,479ac2ce1c50462fe07479722f73c81e60a87277,README.md
billz/raspap-webgui,47d07a95be32d0dd9a6011e47a93bf279bdd35f0,README.md
billz/raspap-webgui,47d19fbc592788f5222b7a4b347ebeb64a2eef39,README.md
billz/raspap-webgui,486425d389ca84aa3dd9a3afa60a08824c78f41e,README.md
billz/raspap-webgui,487cbc8db515c23892d79bf66d059521d925d56e,README.md
billz/raspap-webgui,4a083a727569d774478d9f87fa0ee6de3ebb638c,README.md
billz/raspap-webgui,4a89cb3b0704093204ecf3a28894fc1db1b4806e,README.md
billz/raspap-webgui,4b1144b61be6728fe62a859d9df586ce7d4d0717,README.md
billz/raspap-webgui,4b4e2514f78ac990559a7678054d76e52f359a12,README.md
billz/raspap-webgui,4c37739914b3151b768af47a4d4a24ec999378f7,README.md
billz/raspap-webgui,4d1b746932afa694d26c713bc9edc0354b5f89a3,README.md
billz/raspap-webgui,4d208d0bf9cac757be77155991eaf9ce4dbe94a1,README.md
billz/raspap-webgui,4d8cf545af9412e7e790b577427f4fd5de754373,README.md
billz/raspap-webgui,4e77adce33f89f5cfd23218a1a293d16cdf5d673,README.md
billz/raspap-webgui,4ea015c6ef0f03368ac66b4593cd4c76b8f477db,README.md
billz/raspap-webgui,4f6a28a81ff7c1becd66e947d0972ce668dbad9a,README.md
billz/raspap-webgui,51da8020eed302d65134ae2dbe0d8d6c3ee49517,README.md
billz/raspap-webgui,54b9d7ec5e0679effb5ad3c42678010f32038d66,README.md
billz/raspap-webgui,54ef4de29126f4e54f5c07090814d13a8fb719ce,README.md
billz/raspap-webgui,557cd260e613ba99d4c66431c7f6b1ddf6a3fbb3,README.md
billz/raspap-webgui,56b9ff5a3b2d64566d44735702ec5467841e9fe0,README.md
billz/raspap-webgui,57199def06df6bac47f200f993697f6bb29a4b7e,README.md
billz/raspap-webgui,57a73e39bdaadeab67707d26fde175c0db6a8cd1,README.md
billz/raspap-webgui,58229148900ba91c6e0932d4977e39eea3b6802e,README.md
billz/raspap-webgui,58bd439b4dfd8b1177f3d6c0e1d4a697b766ed7d,README.md
billz/raspap-webgui,592bce02bfee1169ca92e5e93ebded66bac42c6e,README.md
billz/raspap-webgui,59a76f8f049352c30207c58f7c195b5059f7f8c5,README.md
billz/raspap-webgui,5a3e464c23f9def0967988903cc1bce03a8843cd,README.md
billz/raspap-webgui,5b07efc5c388b21003aaaa701bd6697edb8d1784,README.md
billz/raspap-webgui,5b27f528c902e7f17fbc199468dd43049ec19bf9,README.md
billz/raspap-webgui,5b83249fcf7e80c9c4cfe87387dbee73d0cd0bc4,README.md
billz/raspap-webgui,5cbe0ba2b703511dc8e5f2b30d308820d49348f0,README.md
billz/raspap-webgui,5d13d75ce7a927fdb3799d1d3ce9c089ce28026a,README.md
billz/raspap-webgui,5d265ed284092f22804f170c234427b6885ae76c,README.md
billz/raspap-webgui,5dc1545573d6bbc62265f1b61c1aca2a63c77b36,README.md
billz/raspap-webgui,5f66ff8c4d0807411367d217fb3a94abef77297b,README.md
billz/raspap-webgui,5f748c4b8478e90866cd123d67f65f1a77f6f016,README.md
billz/raspap-webgui,5f7df3accb9d211cf69a01d214f1ff0c0fb63692,README.md
billz/raspap-webgui,5f8a1516821eff57835954e9405bb294caa5c79f,README.md
billz/raspap-webgui,6045f0a505d275dbd5f36154db071b3908bcf462,README.md
billz/raspap-webgui,617f2232cc36a0b89fc3fd2e0091432c2f0ae07d,README.md
billz/raspap-webgui,6294a620c0cba0a367cb0c87ddfd25f0a33ff7aa,README.md
billz/raspap-webgui,62a5e423938ce6c17bbaab4f416e0bf192908348,README.md
billz/raspap-webgui,639592a706d8b6687a07f8a446cc4a217852b633,README.md
billz/raspap-webgui,63ec96dde3b2c7caffb69d484f7a3524cd3089ef,README.md
billz/raspap-webgui,645c336c97d9b49f67b995fab84a3dba6769cdf5,README.md
billz/raspap-webgui,655b126a59a0bbc3406919df02240160012efc79,README.md
billz/raspap-webgui,6772709141e1e884ba6ba82b5ed6a42a3f9d8030,README.md
billz/raspap-webgui,67811c078baad9a6a05438cb6238c32e350c44a8,README.md
billz/raspap-webgui,67caedc9924fd2444a63b7c6db661e54fa995bfc,CONTRIBUTING.md
billz/raspap-webgui,68f1ce5f0a3dabea7503f42998f27f5e9c703b70,README.md
billz/raspap-webgui,68fb14c390509b65bf44c4ac4b7b191984f41170,README.md
billz/raspap-webgui,6905dd36bdb0aeb5937ecdfbf12e1354e23e00d0,README.md
billz/raspap-webgui,69387f196ce921cf3ad5ee3605fa1a7e97de0d69,README.md
billz/raspap-webgui,6a295d46b898fb2f7c24f102392040b1640a341c,README.md
billz/raspap-webgui,6a9a2711e01294a3aa2411cfa484f08f51ad1e1b,README.md
billz/raspap-webgui,6ac7642c335d69d22eb66a6c0c4c01a0b99d4a4f,README.md
billz/raspap-webgui,6b6496d9ff056231ace426eeaff7f79661463f85,README.md
billz/raspap-webgui,6b777ff8c25343834ae34d129cb032ba7332a48b,README.md
billz/raspap-webgui,6c6722ae882c9840fe6956f073aac726d624165f,README.md
billz/raspap-webgui,6d3966dd8a54dad2b85b39f2ab0fa476143f2059,README.md
billz/raspap-webgui,6d635a96d52ec7eae2de184a6b382c459293e3e0,README.md
billz/raspap-webgui,6e5d69affb8852f0fd32681bb648bd2722181f10,README.md
billz/raspap-webgui,6e881dfa98dbee57feedb5fed4e8d66c053868fa,README.md
billz/raspap-webgui,70989202d154647d4d0a539cabff8aa3763ffcaa,README.md
billz/raspap-webgui,7156edc857cb3209567ccfcdb45f78bc083bf9af,CONTRIBUTING.md
billz/raspap-webgui,72515b0734b6977bca0745a74af5874a2c79c8e8,README.md
billz/raspap-webgui,730c3c3cc8cb7cc16cb4f73f0f1893ff748ffe22,README.md
billz/raspap-webgui,73651d2b87bd2107d21a17b8041ef01b1b4ed0e9,README.md
billz/raspap-webgui,7393d220ef8933f63ed8715ad77c700f4b317ca4,README.md
billz/raspap-webgui,74b6e80728203673ca54d6ebebccd944188bb2ab,README.md
billz/raspap-webgui,760ff5630ed7baad528f2077ce0ef4ac2aff0a0d,README.md
billz/raspap-webgui,763b22df0e1acbb42e12a0f6c72a54d103d97524,README.md
billz/raspap-webgui,77eb23b0e874e442b6930c608a14f59d1a2b3a7c,CONTRIBUTING.md
billz/raspap-webgui,7831afa29a265ae0b9cc4d66601ad3ae8e37b166,README.md
billz/raspap-webgui,785b43b3ba316e7a96c128c662df768fe56c35c9,README.md
billz/raspap-webgui,78f115b181f9cfafbcf84d8e2104ed7a98b59afb,README.md
billz/raspap-webgui,795838662d329232b6ff81e81cfa86937af6113f,README.md
billz/raspap-webgui,7a2d6b907b3473c0d2c3624086322bdbccb390ea,README.md
billz/raspap-webgui,7aad037cf445a93292ee47a998ef13dfe8900344,README.md
billz/raspap-webgui,7b85bbdafd43e2fecdf49742900c914f2edbe5f1,README.md
billz/raspap-webgui,7cc196f4f5284255ed8173e928cb5f6793fb82e5,README.md
billz/raspap-webgui,7d938de1a42985b44eb86b2ff21be474bc763c84,CONTRIBUTING.md
billz/raspap-webgui,7e85af65976f91f47c5e06a60954641a4302356d,README.md
billz/raspap-webgui,7eec560a7c21be8e274c25dc28423f42bd4110b4,README.md
billz/raspap-webgui,7fcc5464140d6c178c5fd4cc9eab7f28b1da3f74,README.md
billz/raspap-webgui,801ca5a788a087020e3de2327b0435cd2e853ce4,README.md
billz/raspap-webgui,8082430c30f5a2688eaa13fcac4cb487db3e7109,README.md
billz/raspap-webgui,80a5d97eee857af0bf04443c9e27109d6c767fca,README.md
billz/raspap-webgui,810114613b2a82638624d70d554353e9942b4c65,README.md
billz/raspap-webgui,815a479ca5159ca7287668a3c583f1630e3a4eed,README.md
billz/raspap-webgui,815e4639a1bcd20e8c8c12a268490fe6e9db1db7,README.md
billz/raspap-webgui,816f760dad632f8baa54db07ad0b22f560db474c,README.md
billz/raspap-webgui,81875fae109d7d359338774b65775bf59bdb83a2,README.md
billz/raspap-webgui,818e833a93875a2af5dd43bb33f5df4b2e954432,README.md
billz/raspap-webgui,820621d30194d10659812a537ef4eaef9bc5d450,README.md
billz/raspap-webgui,83373cf1c8385a777d928a0417770f5cd0e3cc2d,README.md
billz/raspap-webgui,84bd1410259bf1e6d02dc950dc327fe470cf96ca,README.md
billz/raspap-webgui,8530280a987cb211c0ebb07f410a2e6a18afe058,README.md
billz/raspap-webgui,859b99fd60c545a519991b157592eeed7ebc79e1,README.md
billz/raspap-webgui,85aeeba7a28551d58f3d9170bd7488b4db8da323,README.md
billz/raspap-webgui,860a5d21d8c77aae358c0382fc045926dd9d038a,README.md
billz/raspap-webgui,86a3796321742d88c40b4f91f097b38c12c23101,README.md
billz/raspap-webgui,885891f6f50f2cc0634f39ad95f686d557e89d61,README.md
billz/raspap-webgui,88d91b6063ba387b060fb6455f1db3de195fe8e5,README.md
billz/raspap-webgui,89852cc63348f40d9760158ed2f19634e81d17fa,README.md
billz/raspap-webgui,8a4453b0f5ab98cab64607c65eb87c2c7aea5560,README.md
billz/raspap-webgui,8bd98ed5186862e1e59b4c4c9b9cca1c2a5688f0,README.md
billz/raspap-webgui,8cef08cc81851c302d494a412908042adc6cec0c,README.md
billz/raspap-webgui,8dc0308a1db21c220de392fe0eac3e6053236a75,README.md
billz/raspap-webgui,8ed6561c416859eb0090dcdd159f864f818f345e,README.md
billz/raspap-webgui,90470cbaf93cd4dbdfd1cb7b798d2cf825599f8c,README.md
billz/raspap-webgui,90d63a679d1c92b3d71d816c1ace82092c849476,README.md
billz/raspap-webgui,90fe706fba4a69f0afae8ceb3635d6e84d15b895,README.md
billz/raspap-webgui,91c535ddbb9bea1b5b7c28eca0d24152de6b7f22,README.md
billz/raspap-webgui,92051c109012a58a46428635fd01f10dffde7cf4,README.md
billz/raspap-webgui,921d5a0c5fd9560f4bd2581f53119cab381936a5,README.md
billz/raspap-webgui,92cba363c8380f0a1f99fbabe25b78bca5de0fc3,README.md
billz/raspap-webgui,932166b3da8f079fc000ee8f8d8d3bc63679dd4a,README.md
billz/raspap-webgui,94174a39205b1cfdce383afa6d588a1d5db1039d,README.md
billz/raspap-webgui,9436a56e717a6124a422cb6dc89d417242a3e018,README.md
billz/raspap-webgui,947ea4a504b297276b5064d8addf77c0fa6c7455,README.md
billz/raspap-webgui,969a40d67a93818584106717a5e4d2150bf79146,README.md
billz/raspap-webgui,976ae2a6bbc949f656279c2100ad266a17582e87,README.md
billz/raspap-webgui,98533c3ee84c19000e2fbfd9c09a064974f98f48,README.md
billz/raspap-webgui,98bd74372f00815c9ddc3aa7b45173425bc4764e,README.md
billz/raspap-webgui,9a770329db894f53f6aa8b2e87cc890521f19c67,README.md
billz/raspap-webgui,9ceaa905306a1a63a8ec17771f06daef3548968e,README.md
billz/raspap-webgui,9da474af436ea326e6af3f34df9b161004bb6bb9,README.md
billz/raspap-webgui,9dcea9c97a387a5f539d555af37b9cc0a0335864,README.md
billz/raspap-webgui,9dd88b10efc3cab26a868d06d7aaa77799312ebc,README.md
billz/raspap-webgui,a06c47a861c54eb0cc7abec5e50e8d7617149c23,README.md
billz/raspap-webgui,a07adb6d3a2012724fbb818df1d27782b8d394d2,README.md
billz/raspap-webgui,a0d8f22742b4ff2cb98d8ea0e7476f4cfcf98372,README.md
billz/raspap-webgui,a0f647b3bd440edf4c82552ffb99c98a12ce628a,README.md
billz/raspap-webgui,a1097988033b1deb52ef53ed7b75fccde2f0ea80,README.md
billz/raspap-webgui,a1b610b92ded4b268f683a4c504adca0719d803e,README.md
billz/raspap-webgui,a2e1b4bb68127f956e3b2df5bda51e3f1b3bb887,README.md
billz/raspap-webgui,a301d6bfd020fae49b624477d0bebdcb1357a16f,README.md
billz/raspap-webgui,a321910f240d4392ed26d82ef4f1c89a828a5e72,README.md
billz/raspap-webgui,a4b26da5ec2fef1978e7c8cf297dc942620a124d,README.md
billz/raspap-webgui,a4c594beffb1d4b6252d40cab56028e847798b47,README.md
billz/raspap-webgui,a6959d4eca98d35be6ecea2c6f7f299bbefc29f1,README.md
billz/raspap-webgui,a8185d0d511b188db94d15759e0caab09dfb6403,README.md
billz/raspap-webgui,a86c637f049963003a74a2da431743b72b97e3cc,README.md
billz/raspap-webgui,a87d5829f3d42e72f16bf5365483033ee486e9ec,README.md
billz/raspap-webgui,a8e24b76299de7ba01075153a0194fe9f0c1cc76,README.md
billz/raspap-webgui,aa6df37801df13e96ad73693362f7472948a9332,README.md
billz/raspap-webgui,ab9e9ae8d4dd0540b3114a4ca5804aad63bcc7fa,README.md
billz/raspap-webgui,ac624e29ad91a48582b5c71ffb075034f3d86584,README.md
billz/raspap-webgui,ad8368579608e2aa36ea3f1f1ec10a2e50d6fa74,README.md
billz/raspap-webgui,af74dc35f3a064b5ba56168f2905d538ac0370fd,README.md
billz/raspap-webgui,b02660d5ff8d9faa5d3ef49778b23e832851e0f4,README.md
billz/raspap-webgui,b08373a72fc2e6a01f4aae5bb5232acd01d9117d,README.md
billz/raspap-webgui,b1d776aa64f3d11f064db615ede0450f4d0b08c4,README.md
billz/raspap-webgui,b31b1a77732ff38a307dbb8a724d0574060547b4,CONTRIBUTING.md
billz/raspap-webgui,b33753bc732c90168e835c1b06ea21d54484630b,README.md
billz/raspap-webgui,b3903d284dfcbdeb1d1b70bb8894c848eb4b6f3f,README.md
billz/raspap-webgui,b44bc016442860ae1cc253a10c4c6bfb409ffeaa,README.md
billz/raspap-webgui,b52e7a17d09531461072892909b2f02f715d15a7,README.md
billz/raspap-webgui,b6c4f6c8e862b33f192f7b866d6f77bb20b977ad,README.md
billz/raspap-webgui,b76efe1ab7ba3ce16cad9f354dd57dd22c113324,README.md
billz/raspap-webgui,b7fd77bcf82791ed0bf96e3355f020cc349aaf40,README.md
billz/raspap-webgui,b9f9aaa51dc79af6e4848d3058182df784ec2757,README.md
billz/raspap-webgui,bac9eaaeae3940aa6eae42d9208caf4125fc2347,README.md
billz/raspap-webgui,bb3497ef784abf9d9c84a6e6ea73785f9687d2b7,README.md
billz/raspap-webgui,bb61db4d01ef33e2494b4a82819496d042229c59,README.md
billz/raspap-webgui,bb97cd4b87bb2014f078b2a0419410dfa1afd9a4,README.md
billz/raspap-webgui,bbc676f55e61f09391fd5d4e3381ed56a0f2bf1e,README.md
billz/raspap-webgui,bc13b6c3751d895937ef103bbf9cc536a3d9cf6a,README.md
billz/raspap-webgui,be260d4b393d29a43b60972345a42b16216c1cb3,README.md
billz/raspap-webgui,be635e773c87cb2bcf7ed622f8007105fdd4d3ff,README.md
billz/raspap-webgui,be6e3a93b8f9765e3c9be66a4c3ed429383d85ac,README.md
billz/raspap-webgui,becaa209f2acbb804844730b16946de82cdd27f6,README.md
billz/raspap-webgui,bf5de0a81d38886af053f84677d8189c31a6a629,README.md
billz/raspap-webgui,bfb635636b56bbde15642553642d285b5baf9c04,README.md
billz/raspap-webgui,bff66c0b7e34cedf63b139a804bade1555b9238c,README.md
billz/raspap-webgui,bffaee8ab935ae0ab4d4d01a8f2d7bf2b80e44fb,README.md
billz/raspap-webgui,c09f6a6793ded9ffb407d05b57d006ef5ac13bce,README.md
billz/raspap-webgui,c0e5625ae1dd3e3b3a398b198993c43b216a4829,README.md
billz/raspap-webgui,c10d13c45e786d275da73eb68d4aea55d357ca5d,README.md
billz/raspap-webgui,c3175459ab2fc4ac6fd3d9bc708daadbf77cf875,README.md
billz/raspap-webgui,c387a65cc1eb82a7afaca8add175a7a3a46a74e4,README.md
billz/raspap-webgui,c50d01d9724d8163f18da0d7974336e5c25928ba,README.md
billz/raspap-webgui,c53dede0db0f624ee312e32e9dd0e4174bc9e47b,README.md
billz/raspap-webgui,c594b8f4a9b5ad0b2fb2fb5dd163606ef0ee9a43,README.md
billz/raspap-webgui,c5cb30f9e71a9a4d56454d7a12516e3a0716c9e4,README.md
billz/raspap-webgui,c5eb4bc068c3379acadb0830703777dbf4bd9dc8,README.md
billz/raspap-webgui,c7ad786348fa2a2de45ce9c85cb45e66271d3406,README.md
billz/raspap-webgui,c971c5c9bcd8c41814fe95202393b2a63f37f766,README.md
billz/raspap-webgui,ca02e28f3bff83310c549b759a628637fe790e0c,README.md
billz/raspap-webgui,cbc6221420c6e4fa52e505e8d6e3014096b9cd8b,README.md
billz/raspap-webgui,cc622f211e9ab855bc705881c9ebd6458e5662d5,README.md
billz/raspap-webgui,cc85c556a15182984c782a1d84a4b4ad5b8f2d9b,README.md
billz/raspap-webgui,cc949647574284ee8bd146cb4e493277a1b69f1a,README.md
billz/raspap-webgui,ccfccda0896e3afb762ad11c1e8d6be7a27145f1,README.md
billz/raspap-webgui,cd17379733bbaea8f39336cfe99bcc8711550121,README.md
billz/raspap-webgui,cd6cfd14069c391d8b68894cc566c37e38be1979,README.md
billz/raspap-webgui,cda61222e25ec9d20591a740b9df8ea80dc0ae52,README.md
billz/raspap-webgui,cdd78f01e600040b2aa62b3d514f3e7bd46c757a,README.md
billz/raspap-webgui,ce5220deb78eb57aa17ce4aecb95b0dfee0c4077,README.md
billz/raspap-webgui,ce9916a792ad18e60f4f726e50f15420772e0d12,README.md
billz/raspap-webgui,cf149fd498a380b754ca368a9b070b31fb0440c9,README.md
billz/raspap-webgui,cf78f5dc94abcb394076de7b18b125c1b07ca13e,README.md
billz/raspap-webgui,d089dbfe434996d7e0138ef52c4e28ffaead5e01,README.md
billz/raspap-webgui,d0e9854f465c78cf94980feff1c0ac704810bee6,README.md
billz/raspap-webgui,d12aa8da21d593ea262b075f9f583a827d88a6b2,README.md
billz/raspap-webgui,d216cf612f9f3706e15b63c4603d7d82ab2d0387,README.md
billz/raspap-webgui,d22cdd6e68b036c2051c19393022b41e9d1e7188,README.md
billz/raspap-webgui,d25002e91ee97a61a0dfc75f750a37680bb21554,README.md
billz/raspap-webgui,d296c67373841b27896f1242bf392bdb309975e5,README.md
billz/raspap-webgui,d437eac1dfd5e566dfb234fc155d4df58f2dfe2d,README.md
billz/raspap-webgui,d4da4032b20e88c5ebe69cd9be211fdbb9b4c05a,README.md
billz/raspap-webgui,d5d6c10c44d79e7b12da81051b8bfbe85e99a320,README.md
billz/raspap-webgui,d730c174d427316ded5ffdd70abc07d769113283,README.md
billz/raspap-webgui,d81d1b0a1025c7e942e7f2de968b4a7875b8f1c4,README.md
billz/raspap-webgui,d912eb5a1272d769bbe1fbfd365af7ae0228e215,README.md
billz/raspap-webgui,d9b2d20e2840083796edbe49edd5f086865a08f0,README.md
billz/raspap-webgui,d9f1a4dcfe61435c32be4dc404bac0bccc906b91,README.md
billz/raspap-webgui,d9f1f35dd9a5bb231f50add1783cb91639ca1252,README.md
billz/raspap-webgui,da1f602f86fae4d23b3a77ec7ba6fd29b349ae39,README.md
billz/raspap-webgui,dc6bdc028ca085883876f64cfcc83f8cbc3b58bb,README.md
billz/raspap-webgui,dc86f15b590fb42132429488524eede01ca9886a,README.md
billz/raspap-webgui,dd46f6d4832d1c161fcdda50633fbd6216bc35bb,README.md
billz/raspap-webgui,dd772a7bdfeb7d3f46050e78efe6746684e69f88,README.md
billz/raspap-webgui,de672f7be54ebdd1b1355af16f9063240d163d11,README.md
billz/raspap-webgui,de7c0f7d79ef37400671c5013d974ab04060daf7,README.md
billz/raspap-webgui,de7e3c2134fb9d07f896dc79b1ae32453176fcac,README.md
billz/raspap-webgui,de8cbef220adaecde71322978730263dacca0447,README.md
billz/raspap-webgui,e00ed695fbed1c0357e892887a48c01fee1f53b1,README.md
billz/raspap-webgui,e046a11f5685d7c7f81e47f5abe50e2fad922d9f,README.md
billz/raspap-webgui,e04ac679ddfc7283185459d6a5ce5a905d3c790a,README.md
billz/raspap-webgui,e126f3f664d5e2db55a0797bb9962d5c60b630fb,CONTRIBUTING.md
billz/raspap-webgui,e18b488bbb0fe5003b6c2695f61166d3d977ae25,README.md
billz/raspap-webgui,e207ef668778b8fa739ae1791b091171813c1461,CONTRIBUTING.md
billz/raspap-webgui,e2a526ef816343bbffe0af6a5c9cd61acc2ce6fc,README.md
billz/raspap-webgui,e2be5dc17dcfc11513c9d738e155e499cd1d0b1a,README.md
billz/raspap-webgui,e389d8f760c24cc268be67ce08f04c43550861ae,README.md
billz/raspap-webgui,e4995314f0ddd16771af03ea466ec723fa72f514,README.md
billz/raspap-webgui,e6d4f761bd098bf10696ea16f9af15de3cbb18a8,README.md
billz/raspap-webgui,e953e685569a0cc35a96047bc74689b49e255ace,README.md
billz/raspap-webgui,e9a18d23bb036a7a01b9ec31c27dbb25923493f3,README.md
billz/raspap-webgui,eab0ea9f111422afe3c33d0b71b1c22bf32fd26c,README.md
billz/raspap-webgui,eb25142e034f018675971e9dd2733cdfd7b462df,README.md
billz/raspap-webgui,eb8d81e590aa8d00930709a0712370b1e12f06ce,README.md
billz/raspap-webgui,ee3f47dae15c2ea13445019112c79db46f11e99d,README.md
billz/raspap-webgui,ee85f21572d42683779dd4169db5bd2195b1a526,README.md
billz/raspap-webgui,eed05c7d6b1b11975a03c732b20a6e4c81298b98,README.md
billz/raspap-webgui,ef1dc5dae05621b50dfa08db19d0d30bae1ad18c,README.md
billz/raspap-webgui,f06851c5f45fd1b74d477b332d72101175d465e2,CONTRIBUTING.md
billz/raspap-webgui,f0ef11bcf5413b1c8a762d9264fab3441e8ecd9e,README.md
billz/raspap-webgui,f0f8c4275fd71e4441c618fb420993db8cc5a4ba,README.md
billz/raspap-webgui,f2001d40274a56b35ce573af2b25a45b5473e683,README.md
billz/raspap-webgui,f29f0f2b53a1ee71a1fdfb956b74836cdaf0c6b6,README.md
billz/raspap-webgui,f3e4c2c52cd195046a438a5466ac7f290b50171d,README.md
billz/raspap-webgui,f3f1e97e72e9381f485d9ab3172e759e5f0d788a,README.md
billz/raspap-webgui,f4b9eeb31340fa0e1439e20277996c7841cee88e,README.md
billz/raspap-webgui,f549a3735d422453d7fc5fbf75e0376be59e182f,README.md
billz/raspap-webgui,f565bd0caa92ba21f353d6bba91b66b85d73b42e,README.md
billz/raspap-webgui,f576b028588608056fa24cf6b1dcd89503a354ee,README.md
billz/raspap-webgui,f7ac3d0b9df022633b6d67df88608d4395c6cea2,README.md
billz/raspap-webgui,f7d689145703b338e089d217a9ac982241c123f7,README.md
billz/raspap-webgui,f7e4b95ee278d7e345a6d87803db9c2ab0ba61e6,README.md
billz/raspap-webgui,f8490191ac545331588c36e765eb43943cfe4a62,README.md
billz/raspap-webgui,f930eb3fee35773eefa4d946936962c1fcf7c7d1,README.md
billz/raspap-webgui,f9b1eab5561dfa8fc71ab592cc26a36a49bf1a79,README.md
billz/raspap-webgui,f9dee64cdd73eb39790c55ff2a7a724d31dd5897,README.md
billz/raspap-webgui,faeaa99a144c042622976544392e61686e7157b8,README.md
billz/raspap-webgui,fb003a9e29032baf4c156ca3c0529e54c24c34b9,README.md
billz/raspap-webgui,fb6fdafc9ebc0b5ed7ce952cce10c9ce0f8405f1,README.md
billz/raspap-webgui,fbe1688b2aed4c9968a12e56c34801bbb4ec08bb,README.md
billz/raspap-webgui,fbf3129ef4b0edf10292b23fb7fff294718bc579,README.md
billz/raspap-webgui,fc4fe6ea58f948b6de7c76ee8d06d09b1a79338a,README.md
billz/raspap-webgui,fc5a999e1152febc612e9b56e3de0cd1f26549fd,README.md
billz/raspap-webgui,fc75567b0df975833275a35690582b36088679ba,README.md
billz/raspap-webgui,fce63f1c3552f8386e19ed32c9e276dceef5d59e,README.md
billz/raspap-webgui,fcf4c4dc1ff3477c57f084c80451c0624769451e,README.md
billz/raspap-webgui,fd201207b443eef9326c4d40f6878da674d4b6a1,README.md
billz/raspap-webgui,fd6d7f3a6914dc9d83c7b12b634528b25e2780e6,README.md
billz/raspap-webgui,fddf4c47635ce29277ed19d40a125c00c71a6677,CONTRIBUTING.md
cake-contrib/Cake.Npm,2264fc387ddda6c25bf7c5251390d40b39d5b2ab,README.md
cake-contrib/Cake.Npm,248162d1e1f49d4e288217d14e1160310a14a2c5,README.md
cake-contrib/Cake.Npm,3bc107209115898308490048d65ed3b4ceef52e5,README.md
cake-contrib/Cake.Npm,50420f88cedb66959d12d28131a2b7c10a1e3a99,CONTRIBUTING.md
cake-contrib/Cake.Npm,6df45c8012182047b585ba007bb0c1955c8da64a,README.md
cake-contrib/Cake.Npm,738b832ef9ce287adf3ea1c540ecc181a79e8b06,README.md
cake-contrib/Cake.Npm,7dce7c27c765ffc10c6dc9cc8edcbe92ef6aa7f6,README.md
cake-contrib/Cake.Npm,8886233313051736f2ef103a3d7604936bab0dd5,README.md
cake-contrib/Cake.Npm,8d2b9768b14336fceb6ec8d8b5e72bfd9f4c462d,README.md
cake-contrib/Cake.Npm,b91fa0f465fc710b8a69d64f13b0f58b07b4f801,README.md
cake-contrib/Cake.Npm,d51fea8831208e56f5293fe9176c4fad0be7fbb5,README.md
cake-contrib/Cake.Npm,dbcc6e678d5c63d84fdcc69bac9300bd3b1954dd,README.md
cgwire/gazu,161ababfab1baf4a893e4e287a36f3b37987f4df,README.md
cgwire/gazu,24183cccc822183b503794d5e0e4c2dbdabc8edc,README.md
cgwire/gazu,24199e2f817d3e3bc583a5a70ccdc795de8ea9e5,README.md
cgwire/gazu,3ab3a8b2ddd3f9f4226638c7733884346b938f97,README.md
cgwire/gazu,4cac69503dc11072b3bb15bd6f03f09d940c5b3f,README.md
cgwire/gazu,5d0da1fb4a3d039ecc1be461fddbda51ae16b1f2,README.md
cgwire/gazu,8378929f446546ca80cd8aab275aedd2f52613c7,README.md
cgwire/gazu,88629d20f3a91626e7c986635cce6625f926e685,README.md
cgwire/gazu,94c4b8b91b94d119f1163609665ec2a4e137ca3e,README.md
cgwire/gazu,970ead65f3169d37252537fc0628ad41c47e97aa,README.md
cgwire/gazu,b61218e4f5725545187994fd9f056ebccda42a65,README.md
cgwire/gazu,c10b46ebb5efe9aa90bd721c029ff2c86cb7367b,README.md
cgwire/gazu,e28b623371428c3d4202bad17ee514d6eaada8e2,README.md
cgwire/gazu,e5c3b0ed62b6d144e49a6a2dc6f437d3a4ac326a,README.md
cgwire/gazu,ea5584265d0d9d9e5c3c42cd6cd7b752755ede80,README.md
chocoteam/choco-solver,00a64dca13eae2739686f0121c8b14e9b510831e,CONTRIBUTING.md
chocoteam/choco-solver,01e2a200ff8cd8106c88be73f75c34bf86e0fb49,README.md
chocoteam/choco-solver,021583a728b7871494bb576f9bf5be46a025014b,README.md
chocoteam/choco-solver,05059fc3cd239d161b2823049fb134296284a04f,README.md
chocoteam/choco-solver,092404340504c6146cddad3cd3387399499917ff,README.md
chocoteam/choco-solver,09645bee4cabb713b4055a963bf2deaf339b9f1f,README.md
chocoteam/choco-solver,0b91be24eaf78331ef1ff814c8b7a2b98e62e4b1,README.md
chocoteam/choco-solver,0c5a735d3b33ab468e225ea118781c853ad9758a,README.md
chocoteam/choco-solver,0fd957f124ae3e59291933760e4b65dcc87e13bf,README.md
chocoteam/choco-solver,1079246cce68db4b48748d9bf49cf3c6bd32dedc,README.md
chocoteam/choco-solver,13a4c1dca0dd58d62acc741866fb945f3fe81592,README.md
chocoteam/choco-solver,150ed2fa6ad1f768a883f6cc7a8cca8ef0c001ce,README.md
chocoteam/choco-solver,152437c0e6e8aac2bd433b22b32154ec7e9dda03,README.md
chocoteam/choco-solver,152bc0f6e9c030cd17fd8ac8dcf78ab0b63a1b3b,README.md
chocoteam/choco-solver,17226c425adacf3eeb03e1fa3eb74882101f0ab1,README.md
chocoteam/choco-solver,177303248ce1efad8b5de2daa2258cceb09fd531,README.md
chocoteam/choco-solver,196a46655e79728b4a41a44944cca9839a822c80,README.md
chocoteam/choco-solver,19904890e1cd7a2966374a26e08f2e6c0dd008ff,README.md
chocoteam/choco-solver,1a581d4444307d1a51cfd0b039955bc9506928d8,README.md
chocoteam/choco-solver,1bdd4b1a5bf180469b1e69e558d90ad7b86b77d1,README.md
chocoteam/choco-solver,1cebff4dce5db5a7e6ee794e3d11ad0c059507ad,README.md
chocoteam/choco-solver,1f43546d5dcd0e5b8f401e8bf6eb21e6063e589c,README.md
chocoteam/choco-solver,206e2f5fdcdf46d7a621bdd1adae8f14e3f11e7f,README.md
chocoteam/choco-solver,2140e0cd68af1dc297fd7ac5c9c3762dc7c6d527,README.md
chocoteam/choco-solver,23dc1095e7f9c63bca9433e5257acf44f5fc284d,README.md
chocoteam/choco-solver,24604e24a39694f379527474c54f6653cb59160e,README.md
chocoteam/choco-solver,262074f6031b9297cf2e91b6809c5ce029148d95,README.md
chocoteam/choco-solver,26a1d946c87406eee191ac2346f1a8648bd8adc6,README.md
chocoteam/choco-solver,26ae6f6be0a96e6b803090f88122bf531415af55,README.md
chocoteam/choco-solver,275263995c7fc66f071f245b27cc3fbf3b03dd18,README.md
chocoteam/choco-solver,2b5e6712bef2c4eb6c4fbe5166a04eda5122be8e,README.md
chocoteam/choco-solver,2b76840193f084990e8d6f8fe8b4e48fc52794b8,README.md
chocoteam/choco-solver,2cd1544e3938a6707a777f10eab58436d2306add,README.md
chocoteam/choco-solver,307b1ed336c6d65602515f422aac0bb84ca81bc7,README.md
chocoteam/choco-solver,31bfa18120bc0118da65a8451e606c4e7b90c875,README.md
chocoteam/choco-solver,335ebc015ef39529081ce775c6d41f7c822feb01,README.md
chocoteam/choco-solver,3522199e1d28fb88cd08aa15c7ef5a12b2544a7f,README.md
chocoteam/choco-solver,3780c36b579aeea7440d4cc38c7723a0cfa12f02,README.md
chocoteam/choco-solver,383dde2e5368fc80f089d91ea881a55e35c5eed2,README.md
chocoteam/choco-solver,3f660e5d216ff8aafcfd7a941136de2a4145a111,README.md
chocoteam/choco-solver,3fc971feb3973124897422f24d3bd4b4f5910539,README.md
chocoteam/choco-solver,422e479dbe9b313d8b45ade243f4f714568b1bbb,README.md
chocoteam/choco-solver,42d53b1faed736bc63a78397524a5160f75306be,README.md
chocoteam/choco-solver,43c0a7644996c637dcffd1d6732df9df1b3c6347,README.md
chocoteam/choco-solver,4436126e4d420ba03c24d9dcc129e13d46d24693,README.md
chocoteam/choco-solver,4468c753772079311e283517d16d143631367e72,README.md
chocoteam/choco-solver,449a519831d786d111ab32c8489cb04ddeb2ecae,README.md
chocoteam/choco-solver,468061e696f89220b9023d92890ca772eb987c3b,README.md
chocoteam/choco-solver,481ecfcbc62ce99261edc431cdf7fa15e41d6d2a,README.md
chocoteam/choco-solver,4a5b9554e9bdd89df02d2fe6c127506b5087fecf,README.md
chocoteam/choco-solver,4b3eb31f4167f7276fe2f1a83d0b01f21ce13646,README.md
chocoteam/choco-solver,4b610d37f494876be32952565a0525f4f25d698b,README.md
chocoteam/choco-solver,4d41e8582e7d7728aa2a2afb482a7b4d6446532e,README.md
chocoteam/choco-solver,4ff49a79c685d070d3b0f59603e7910a80efc127,README.md
chocoteam/choco-solver,5015d2ccc61e2838941617e9d04b0b33c47b5b91,README.md
chocoteam/choco-solver,512842332105ea4f93dd078c97b3bd31575a1623,README.md
chocoteam/choco-solver,518ad38c5b288a84f7a1b6952fd1a97021219fb1,README.md
chocoteam/choco-solver,51c99d952e7d01e506ece3b354a2633a67821975,README.md
chocoteam/choco-solver,56e280e7e2bcddb9bc40f05ecd6f18bb3703b2e4,README.md
chocoteam/choco-solver,59f5d028ae3ea4b7b5168f702c0ba9dce4b50ccf,README.md
chocoteam/choco-solver,5c7c5b12a9130a8435ba1414c47f1a1943d0a9b8,README.md
chocoteam/choco-solver,5dec7c12de178317b31eec12c97eb80dded62093,README.md
chocoteam/choco-solver,5f04d48e4c067d4dd2ec27ff4f8eb4ac2c7ef5c2,README.md
chocoteam/choco-solver,5fc4edc39694d71ae134b9cb0e2f5414b7d5ceed,README.md
chocoteam/choco-solver,60461292dc3f95375f55d64c3ecb60fd9febef84,README.md
chocoteam/choco-solver,609d0c00423e0d331104fb4f04120d2a58ad05d5,README.md
chocoteam/choco-solver,60b2499ee7b4b0cc06cb59ee9d5e2c49f8e13864,README.md
chocoteam/choco-solver,61ff406c817b05d3176e08fd98daf461b44b75d6,README.md
chocoteam/choco-solver,626eb37d14449ab4890400f5574a660cb4e3420a,README.md
chocoteam/choco-solver,635d76ec266fd8a9ac5488955d48d4c9300d2c4a,README.md
chocoteam/choco-solver,647c815bbe9d0fdccb785e04f97033a59f0043e1,README.md
chocoteam/choco-solver,64c31e6cbb9ddb4f10c19d4c131b65da2f197103,README.md
chocoteam/choco-solver,683eea8f5fa37709862d6c7e419582e23600e353,README.md
chocoteam/choco-solver,689b5f4f746cdedb772a90a83c47f774a13b7e4c,README.md
chocoteam/choco-solver,69b07954f0293e06cbf6a89ba5616a754cff1bfc,README.md
chocoteam/choco-solver,6cb5991e61b5c5f25bb5bb21febb41747b773f0b,README.md
chocoteam/choco-solver,6cedc01ede11541e0a009ec88bcb889d40b75081,README.md
chocoteam/choco-solver,6d0c3bdd216a1b002ae7b3f74f5ab8c8283958a7,README.md
chocoteam/choco-solver,6db51dcd5d35605f47434fd5e93345fc62a294d7,README.md
chocoteam/choco-solver,759e3198f1a25140b0f19fb49e2d8c1999da24e2,README.md
chocoteam/choco-solver,75a948572517b6bc87bda89862a1767922e5da01,README.md
chocoteam/choco-solver,77009cfedd40719826e1bde7525645a7cea7e4eb,README.md
chocoteam/choco-solver,7f42a52770a84d1b78919b1d7675b1d7acb90856,README.md
chocoteam/choco-solver,80dccebf7ab3fb5ac42c4541aba506081ae6c183,README.md
chocoteam/choco-solver,81477d519a8196ca2f8f5fd6b63863964c07cef7,README.md
chocoteam/choco-solver,81a4d8e33c6fcb538e36e375a197f401c5225f69,README.md
chocoteam/choco-solver,81d9e7e5c7abf62c3bda34af7f9efa29ef14ce9c,CONTRIBUTING.md
chocoteam/choco-solver,84e8bf6b66efe374918021dc648916f828e073ad,README.md
chocoteam/choco-solver,8896b98bdad8d8a14705ef3e6c400c733846c25d,README.md
chocoteam/choco-solver,8d24a732727595d1892940a50b2032da2508b357,README.md
chocoteam/choco-solver,8f1c9ab2b8ec5c3f2eb3b9a56dc9b27fd103b67c,README.md
chocoteam/choco-solver,8fea32e5ccc5a8b11c96759c29875badea9f21fa,README.md
chocoteam/choco-solver,956e70043a79cc764a777905f68e57d76d69436c,README.md
chocoteam/choco-solver,960ae5bef264a4157dd5ddc3e4ecc35a6e51dc47,README.md
chocoteam/choco-solver,98d4c2a7596e27c5f157b3917b96349a4135e305,README.md
chocoteam/choco-solver,9a5ef37acf86b6dca66aa46652626717763e3f49,README.md
chocoteam/choco-solver,9adb7b86940d27e473344840c4df8a6fd8382509,README.md
chocoteam/choco-solver,9ca01e30245b350142b9d1a9afcd4c3b8ad793b9,README.md
chocoteam/choco-solver,9ebd4a2774c1a84945b4a5f9129dbf9e2435f925,README.md
chocoteam/choco-solver,a0ff7bcf9c91417bdf28929b03f98109ee834405,README.md
chocoteam/choco-solver,a1b90fe2dc1a6e702f46a5bcc0d40939eb75adf6,README.md
chocoteam/choco-solver,a2d64fa844c6a48093516bea208cb70efbba9ef9,README.md
chocoteam/choco-solver,a30a0c2d0ed218731b782bbb0f4d687654823100,README.md
chocoteam/choco-solver,a50fb593f28ecc6ccb86fb1922e21e0afad714ad,README.md
chocoteam/choco-solver,a7ea225c6a1fd3a6a8e3b6cbe89df3a4aa70e799,README.md
chocoteam/choco-solver,a84a5ed078f391a4ffcef1dd4aeff06b1b69e52b,README.md
chocoteam/choco-solver,a854897cb7e5bd711db351f35a39a8631479768a,README.md
chocoteam/choco-solver,a909d97ad03426155084a22d775b84be7657644f,README.md
chocoteam/choco-solver,ab04ff513e8c278916105baa4ab4334dd4d22c8a,README.md
chocoteam/choco-solver,b2bb2e85ba134ed97ccb75125b3a9d910f30eb24,README.md
chocoteam/choco-solver,b4298923776ac866af7e96b55b7edd710e846d04,README.md
chocoteam/choco-solver,b6b4c0fe39be2307c7c1ad3a289cfba73a7dc353,README.md
chocoteam/choco-solver,b6e0189bdf9ac5dcae8077e30edd5ae319568e50,README.md
chocoteam/choco-solver,b804ce62b3a02215d60d14aebdde5592cdf97f9e,README.md
chocoteam/choco-solver,b9fad0c8bb4ddafdda33d0f7984a48ff9e5f02fb,README.md
chocoteam/choco-solver,bb611b94fec20d92522981b7a2b70167efe3845c,README.md
chocoteam/choco-solver,bc0e553cf2dad7373c5f257f43e039f36da45794,README.md
chocoteam/choco-solver,bef924179175ce96ae5c38200f33b7192d118d24,README.md
chocoteam/choco-solver,c0b5ee94fb5316ed48340f42749e494a11960364,README.md
chocoteam/choco-solver,c33ae1eef67f8e14cfef1caf63ce5ee60edcd0cd,README.md
chocoteam/choco-solver,c8d0487fe530db5cdac7d6fd2e91ff1310cbb6a6,README.md
chocoteam/choco-solver,c9713350d0b9a498f93bf7fd83f59539cfc65a8d,README.md
chocoteam/choco-solver,c9c305bcd7b0b197074854e7b34a9e8fa2fda536,README.md
chocoteam/choco-solver,cd310473346c3876766eb2551fbcb584d0ceccdf,README.md
chocoteam/choco-solver,cec9dbcac5ddd83cd41aa87c36fe2211177bd54c,README.md
chocoteam/choco-solver,cff6a1952aaa6f0410a91622d03439160d4c9b13,README.md
chocoteam/choco-solver,d0e0be6ef780f77bca534b4ee48e50eb1435be7e,README.md
chocoteam/choco-solver,d1747cf7a031eddf523380420eb6be6d921ab02b,README.md
chocoteam/choco-solver,d28d48f1e9dafc19fadb293a98a9534166986b9a,README.md
chocoteam/choco-solver,d4722e650b3c6ad4afe9da00e352b76e3f0c0690,README.md
chocoteam/choco-solver,d5bf3c8bf717e987bdc38af91eecc117d68458c9,README.md
chocoteam/choco-solver,d6e4bacf7e1cf5ab7ae8e6476a3ee3d27cc173f5,README.md
chocoteam/choco-solver,d78d4b30b1a1fffd67117a00ed776cad1f38f5b4,README.md
chocoteam/choco-solver,da17763ca9df3f5eeff227d2ab7d3df6886dca9b,README.md
chocoteam/choco-solver,da2e07240a99068829ef3ef4363dc36bad6f5d37,README.md
chocoteam/choco-solver,da8023461ccc0fe33f045f409580ab43501940e6,README.md
chocoteam/choco-solver,db6f902df2073370376ca0820beba54cd653c2f0,README.md
chocoteam/choco-solver,dc6cdbe759f369c131d0795aa61a955530c87be1,README.md
chocoteam/choco-solver,df5479ff41c64399cda62689a9254052a5c940a0,README.md
chocoteam/choco-solver,e27874f9e3f7b63c76d2c7870e9310455448b9b8,README.md
chocoteam/choco-solver,e4c1df7fe59c7f0aa57d04740ec38949c3ee0f72,README.md
chocoteam/choco-solver,e5b0cb0fcd8b8c4817bb60bf28b796b9c719b6b1,README.md
chocoteam/choco-solver,e7f0567d625daf53c3f9a8521b48ec832be3311c,README.md
chocoteam/choco-solver,eb340569022bf552bfba5fca55704fab51378886,README.md
chocoteam/choco-solver,eb9d8fad46cfdae6ef551d35ad9de5e7d30e6aa5,README.md
chocoteam/choco-solver,efb02c601fd0222e922c4cc740a8923300cc6409,README.md
chocoteam/choco-solver,f142386bf630f7246bc3e5ac7cdbdf9b1bcc0c8d,README.md
chocoteam/choco-solver,f4658246302458ef75eaee15a9fa72a53783b3fb,README.md
chocoteam/choco-solver,f643a4bbac50d303d69afebf53dab3bc77e9f91e,README.md
chocoteam/choco-solver,f6f9116848d7847d1b37ed0283fb81d823ab242a,README.md
chocoteam/choco-solver,f8136b7b78f6d0d1d285024d2a6b7f4cf81d8a0f,README.md
chocoteam/choco-solver,f94049aa5d9621219081fcb237db1f931cd67048,README.md
chocoteam/choco-solver,fad310585bc1a54706eddbc51d53aa5ddae4789d,README.md
chocoteam/choco-solver,fb51c92d091fb12c9f57f21bdfae042501fcf568,README.md
chocoteam/choco-solver,fb8f3b59882f2d05147b15a8826bb804a76302ae,README.md
chocoteam/choco-solver,fd9ef6e27f3c379beab5343a3028a6b3c1b726a9,README.md
chocoteam/choco-solver,fde57457bfa9a22c0713ddf1fc1378bc557bd889,README.md
chocoteam/choco-solver,fe0270e3a61388c7ea94f1bb91e00ad7711fa9d0,README.md
clojure-expectations/expectations,04f3fbbcb61d681056beb9639f4342acb988e931,README.md
clojure-expectations/expectations,06757b19d07f1b4ce944afc5b4344e1df92c07a9,README.md
clojure-expectations/expectations,08c2a92130208134c0c0a239a30fd8e6247db250,README.md
clojure-expectations/expectations,0da76b956291da82ac36a92c824851419a9c8839,README.md
clojure-expectations/expectations,0e85cc0e348faa818a3487f659abeca97928063d,README.md
clojure-expectations/expectations,11d0039ddab8d08529079e4ef86d0ddb95f3ba4c,README.md
clojure-expectations/expectations,156b9762e0f8bab7225e843e900d8523c67dfb29,README.md
clojure-expectations/expectations,1841d41e776c0efdd52ddf7d7385b1c72da5a3c4,README.md
clojure-expectations/expectations,195fb24f6c196f51058148dc34befecd8eaca150,README.md
clojure-expectations/expectations,1a53d778498384e82579c15713c0be888973bdc8,README.md
clojure-expectations/expectations,1bb41def84ff290f4eb00d59e025a3cfa7cf1fa9,README.md
clojure-expectations/expectations,1e21b3c80dc7515fcdc8bdc2c6f6e1e579a75138,README.md
clojure-expectations/expectations,1fce96461697b2aa858c047a683bf3bb0e3553cd,README.md
clojure-expectations/expectations,2383c368f239cd43abf303896f6bc6e0adf95e14,README.md
clojure-expectations/expectations,23ee1da2ff25787680a3792fcb016f2ff01deb9c,README.md
clojure-expectations/expectations,24f9106c2757cb1b9f442cef067a970913a8a75b,README.md
clojure-expectations/expectations,26308457c854aaccfa57862e39e0c7db154859c8,README.md
clojure-expectations/expectations,29fde4a8c18900563646a0eb544af16bfe4c4be7,README.md
clojure-expectations/expectations,2a2190c1472b599f423eb56b563c87fa10ccef93,README.md
clojure-expectations/expectations,2b783673f83abdd260d8749c3bd691f24506e02b,README.md
clojure-expectations/expectations,2c6aa8858bfe547608df7c55aa8488082e4b79f3,README.md
clojure-expectations/expectations,2cbc2fa03c47834405e26868f7c5b159118b6eab,README.md
clojure-expectations/expectations,2fe5730c62de2ea9c2938585d453c79dac5d01d8,README.md
clojure-expectations/expectations,30c633d6e44c00fb870b778911fc9d58a0690e74,README.md
clojure-expectations/expectations,376200cecdc9a9ad173032a45cb6bae5eef3757f,README.md
clojure-expectations/expectations,376d06f1d578b2780cd8108b5aca2fc4cb08889c,README.md
clojure-expectations/expectations,3e65631efb5606c8d818328495a49adf09e52e94,README.md
clojure-expectations/expectations,3ed1f3cc182db6dff1d3586364ab7770479e7a1d,README.md
clojure-expectations/expectations,4002a743b2b0839cbda0f446ceed1ebff39e4792,README.md
clojure-expectations/expectations,47e84aa8f85750bb24dcabbb9cd9370bc94f4c35,README.md
clojure-expectations/expectations,4bacf2063c656ab8aee4b43f96a1715eecf8671a,README.md
clojure-expectations/expectations,4bd93577691420ba936372d90be8b201ef89f8a6,README.md
clojure-expectations/expectations,51ed1c122f918504e36bdf3cd1af33f4de371713,README.md
clojure-expectations/expectations,5385dc8f98f133f2145c23e32df93443b2d0e826,README.md
clojure-expectations/expectations,5426090b74f9d87d22de0f2b587a3520cdf2117a,README.md
clojure-expectations/expectations,5451f0c4f6d958b07fc7d4522f84084021121f15,README.md
clojure-expectations/expectations,55494cb0adee5b01a51efd1e3683922ecf23ba9a,README.md
clojure-expectations/expectations,58005580a61065147404507142b1fa59bcf5c4c4,README.md
clojure-expectations/expectations,59606665c5d04be064b32038a6030821477d433e,README.md
clojure-expectations/expectations,5a50bf455d0c47198ee8faaf28031cd1603d2a09,README.md
clojure-expectations/expectations,622bfdf83ce7ec7bdb46ac7d2ae5eb47f729b9f4,README.md
clojure-expectations/expectations,6648cf89b3ada6ff19589557b2844609e31a4f71,README.md
clojure-expectations/expectations,669990362d6bf9b16cbc8601c9ed0ce3432c1d53,README.md
clojure-expectations/expectations,6a6e3e76692a917147f2f05808ff571e7ae726f7,README.md
clojure-expectations/expectations,724793c39e3486dd84524479d5999d172cc12a3f,README.md
clojure-expectations/expectations,73bad119ee9d501dec84bb2f1b7fd96559528708,README.md
clojure-expectations/expectations,757df4d8fa0f3a332ce7c0ccbb6ab08d71f5ffcb,README.md
clojure-expectations/expectations,764decee81182ea6ea7ba901c95ac15878ae5d81,README.md
clojure-expectations/expectations,7dfa57ca329827cef0a88b808ec909fc84e331ca,README.md
clojure-expectations/expectations,8200c55c9851c12ddd5ae79497c23d55d9c04731,README.md
clojure-expectations/expectations,8434ac7fb9d5261bc9d165b50eb2a911f9c516dc,README.md
clojure-expectations/expectations,86cf05e5d5196c53b01ea9fce73d2535e4a77230,README.md
clojure-expectations/expectations,87a4bbfd09cf4d68c4af60deed45dcbe2b6d68f5,README.md
clojure-expectations/expectations,8a4bfbf55590b419ffa45d5a59ef0901d6e0b020,README.md
clojure-expectations/expectations,8bc8d505da99b7a1c1080d4d71c2eac4933c9d59,README.md
clojure-expectations/expectations,8ea2c0d06846077c25afeef2e21a1d2ae32c2e9d,README.md
clojure-expectations/expectations,8ebeed2d39ceb47412ee9c2eed96d42ced24f0cc,README.md
clojure-expectations/expectations,90d0d22bab91f7f4ae6d3e29ff32de2ab8272a2a,README.md
clojure-expectations/expectations,935b67072063dfa971405888c54de444210a211e,README.md
clojure-expectations/expectations,95914e10848313aee001e5628e63f7324b5ca303,README.md
clojure-expectations/expectations,98c41ecc930c10ff284b8ecd1fbeca0310d305e4,README.md
clojure-expectations/expectations,9a27668d93ddfa4371c82fe26a2f8d74bbe15e4c,README.md
clojure-expectations/expectations,9b0d0dee4c582d85b04eb98767f8330ddf1a917f,README.md
clojure-expectations/expectations,9cc400b5bdb183ffdfbc8931b75d6b785d1a2597,README.md
clojure-expectations/expectations,9d339a33f8e86e99d3e3e41c97320f9471eae118,README.md
clojure-expectations/expectations,9e4a757851bab0b251267263a6774026102c3a49,README.md
clojure-expectations/expectations,a0b3cd12619b4c1e70384a9056d39da850604d33,README.md
clojure-expectations/expectations,a4b1174a8631ae7998c74c7d46e67924eec8f863,README.md
clojure-expectations/expectations,a525a8ea1fcbfb5a73bf809723a112cff10f9d6d,README.md
clojure-expectations/expectations,a5ae0ee09e519f798390c5ba8b72fe15fa423a93,README.md
clojure-expectations/expectations,a7a68d180983c9d1311269035be19b3901a8f04d,README.md
clojure-expectations/expectations,afa84298ce148348ff888ed683970477c332f027,README.md
clojure-expectations/expectations,b3ac177a979452800ba6914db1b6f4dad2e1b443,README.md
clojure-expectations/expectations,b8805941c81d780c3d1f9b1fb3c42f8faff71b92,README.md
clojure-expectations/expectations,b9c2d27c206c1d7ee07363997450d45dbd39f866,README.md
clojure-expectations/expectations,bb6721103d7555095dfce5a50f32ee25aee79504,README.md
clojure-expectations/expectations,bfa75ab8ecebc0b8a6f41046726d97d54c78c6e7,README.md
clojure-expectations/expectations,c04156845b94b43a1dd274d98b58da0ea245741b,README.md
clojure-expectations/expectations,c1e7e31c7dea2c99d4dc98c30ca96af1d9ceb6ba,README.md
clojure-expectations/expectations,c2b6f79db4ad9391e488ae5cb5bbb0c5479515b0,README.md
clojure-expectations/expectations,c3bde77b2a206be361e5431ef9f06952eb15f9d0,README.md
clojure-expectations/expectations,c81e2605e2647991b392320f38e5777a38031089,README.md
clojure-expectations/expectations,c84b852d9d94302da15000cd62c5635cb57acd95,README.md
clojure-expectations/expectations,c871dd292a30e14bf54db0a806faf7774d52617c,README.md
clojure-expectations/expectations,c8a4909fc06d8b9bafb4cc22b1425efa0bb3dd9d,README.md
clojure-expectations/expectations,d008144f12be7a90b28db9f244e8d85fca3eedc9,README.md
clojure-expectations/expectations,d00ed3b96bdbce23409aa9387028c4e50c126d3a,README.md
clojure-expectations/expectations,d116b4fe83f91b93f6d325a8e5058dcad56a9383,README.md
clojure-expectations/expectations,d4029af09378d695e7cbcc6a6fcdd30e0e7296a2,README.md
clojure-expectations/expectations,da501ff979cac332f7233196697509e8b8ea4551,README.md
clojure-expectations/expectations,df177c0c778b8f0e65de4ded29bc30df3b8ee8f6,README.md
clojure-expectations/expectations,e35d24d30f1c022685369719001c5539f3de504f,README.md
clojure-expectations/expectations,e47f1d17068249a383f9831e54ba5e11bc52ba57,README.md
clojure-expectations/expectations,e4ce80836d12d96ee690adbf7ba6825958fa96ad,README.md
clojure-expectations/expectations,e58c84efb35a54f3a8c3cef53eee8f782b106e6e,README.md
clojure-expectations/expectations,e64c100c4e6b55f3003a14a700a1bd752a05fb3d,README.md
clojure-expectations/expectations,e981ebce066843b124e1255bfe2f779d42560d66,README.md
clojure-expectations/expectations,ed40909ce66a3a55dd0403333117b22c2c5cbddc,README.md
clojure-expectations/expectations,eda95a9ed99a71af161cb6bfcfc6550c756b9a6f,README.md
clojure-expectations/expectations,f24f2c489b22e33368c147941e7682b60db4c1c8,README.md
clojure-expectations/expectations,f2ac15034f459b9e7d9e6d92918c64abfab2ed65,README.md
clojure-expectations/expectations,f325597611ddcc103e8acaa381b3285dd3ddf2b4,README.md
clojure-expectations/expectations,fa0fc6b7c37d6efb283b61c2824673557fe81e00,README.md
cloudfoundry-incubator/eirini,02a2d7ee78136c70bc2dcdf3ed7d0f0aef54f8a6,README.md
cloudfoundry-incubator/eirini,05800c1f55825ef7b57b6571fb56acfe0d050088,README.md
cloudfoundry-incubator/eirini,0d954464d4105d410713a22dd690a406f5e04e41,CONTRIBUTING.md
cloudfoundry-incubator/eirini,0f795d3224f66f596dfc62fdc566ce5d1c8f647c,README.md
cloudfoundry-incubator/eirini,13b28f0c97df0b6e852e824d19a238b42b2cf7f4,README.md
cloudfoundry-incubator/eirini,13dcce700843d32f01af69b512355cac07b9bbaa,README.md
cloudfoundry-incubator/eirini,147e0b9738935a92f319b27c3e82497b5eecb063,README.md
cloudfoundry-incubator/eirini,14883800211fde130648e47eaae6c89cfc48153a,README.md
cloudfoundry-incubator/eirini,14a852401a35f7843650ab9da1b6fcf53788535b,README.md
cloudfoundry-incubator/eirini,1cef2f02174d41e9f38522737f6a9e3e7133e7cc,README.md
cloudfoundry-incubator/eirini,20dbf3216cf2eb1410f969f82691b2f550947945,README.md
cloudfoundry-incubator/eirini,2b44fdd02dd7a33b5b848947fbbebaa4fa09f3df,README.md
cloudfoundry-incubator/eirini,2d6573dd70c2f47b37e0fdfd0b4983b242c85b69,README.md
cloudfoundry-incubator/eirini,390e1fe50af7561a7f62311887dfd7883c045019,README.md
cloudfoundry-incubator/eirini,3e5d05dac75560d237f51ba1e1385e6ff2e2ef82,README.md
cloudfoundry-incubator/eirini,42a47e521adb8de5b7bd5deda3575fd8487e068b,README.md
cloudfoundry-incubator/eirini,47ea8bafc19760297a3945d906d7daae7825b89d,README.md
cloudfoundry-incubator/eirini,4be96257186746a134e0a0a5d8f684f48461c38e,README.md
cloudfoundry-incubator/eirini,7398c6328a56eb181d8620f89e9a7e11dc606b06,README.md
cloudfoundry-incubator/eirini,7585c9c8538f69699acd8656b922953b44c5720a,README.md
cloudfoundry-incubator/eirini,793be01e25d73d540cf2c5c63e8bd5adfbebb811,README.md
cloudfoundry-incubator/eirini,91aaee2f8b3bbd93663e3dcbb19299e22d7a505d,README.md
cloudfoundry-incubator/eirini,94093f75fe5845148833379da9ac3a20910ade32,CONTRIBUTING.md
cloudfoundry-incubator/eirini,96f80b7af657ab53dc8a8b12ca67564809f2df37,README.md
cloudfoundry-incubator/eirini,97e92c351c452a0a1d7c45c3e5b310bcb3dd09a0,README.md
cloudfoundry-incubator/eirini,9c5d38215be2473885925b4b0bf45af0c52f9bf5,README.md
cloudfoundry-incubator/eirini,a034de16dd229c571e19f781ce6d9846bed71d75,CONTRIBUTING.md
cloudfoundry-incubator/eirini,a75391971b5687adf0bbd50cd92f80bebc052291,CONTRIBUTING.md
cloudfoundry-incubator/eirini,a9152cbaa476a2336d31f5ae130ea5dd24f7b215,README.md
cloudfoundry-incubator/eirini,ac8e0660436be172914cab6189901178521df508,README.md
cloudfoundry-incubator/eirini,b1af27db57bdc7c5876d91a22a0aca8f116f2bab,README.md
cloudfoundry-incubator/eirini,bb1712bf0efe09b6107ca77f023181d8331e7ed5,README.md
cloudfoundry-incubator/eirini,bca1844f601943602350c8b1db3a851b8a6e7c55,README.md
cloudfoundry-incubator/eirini,be100e704fba7509c64943b402bd284fb776fd40,README.md
cloudfoundry-incubator/eirini,c0deb9db30dc942c15828439856843268a72f9ad,README.md
cloudfoundry-incubator/eirini,c8b4c1f714b8e8d82ee103a49ee6b0ab262b65d7,README.md
cloudfoundry-incubator/eirini,ce1698c64fcaedb266a27bd83f27a08897345aca,README.md
cloudfoundry-incubator/eirini,d3c3f425f3990b11ae22226d39f869d396fa6fff,README.md
cloudfoundry-incubator/eirini,ea9969cc4ed4678042d6e11ca4fef38b34fe8283,README.md
cloudfoundry-incubator/eirini,ed6df6ab9b0e986bdbce70065aa9b5b871d63819,README.md
cloudfoundry-incubator/eirini,edeb01d62aed5c4e5e93bf5f17fd65f45241f37d,README.md
cloudfoundry-incubator/eirini,f0f17b88a04d372910ecddcc763295dccf48534b,README.md
cloudfoundry-incubator/eirini,f340612ff6842e95dedf7bc922e9e0075a339f47,README.md
cloudfoundry-incubator/eirini,f4a2491aa1c7e268b3b6085169cb6f4a253b8258,README.md
cloudfoundry-incubator/eirini,fccd45774589c9c86268549c4791543b0441984a,README.md
cloudfoundry-incubator/eirini,fe12314cdbc486d876bad5b2f13e932d3e0696fb,README.md
conal/concat,0218f38d990fdf064b100329d862d01a58b30c5d,README.md
conal/concat,098b37d020e63e454640c444ce817147af285ac1,README.md
conal/concat,2d52814a22ed1eb6ca53152b0a72d8b54984d85e,README.md
conal/concat,46491c6620c620d2ca79862c38c2fbac41f18195,README.md
conal/concat,4fc13d9f84261a5cd665b74958075799a131a5f5,README.md
conal/concat,53099afbeb495b9ea3d7e77f280f33b291d032e2,README.md
conal/concat,5a4d91aac8c482e9cba7655d464fe738b7e53ced,README.md
conal/concat,5dee6ff552c3d1a4f154631c2ab11b2c687dd665,README.md
conal/concat,65bfa076ddee40eab3e9bd48ada831d87cc524e0,README.md
conal/concat,70bfb1a0ab844b73f8f62686b5cda69229578a1c,README.md
conal/concat,75f15e979e5433ae3d2fd2dd3c207b565cffde3e,README.md
conal/concat,838396879d7ada7cbade1d46ef4ce9a74b61fc0a,README.md
conal/concat,97c58d272a7b40495bd2fbec5c798bcbf369d86d,README.md
conal/concat,a291b156167e3abe638d4ba8eb01c92eb258e986,README.md
conal/concat,a3c255a15c20dcc270ae816811664f0ecf46e3d3,README.md
conal/concat,b59f795aaab22f9037bc97c9ff30b661b748b1a6,README.md
conal/concat,c478040fd6dbbd52f89dec437463614c0679d06b,README.md
conal/concat,c9320adc38b6853d90d96f4c415c45d3f253075a,README.md
conal/concat,d5e1b5aa7858b3a7a542605fbadfd18a988e5a52,README.md
conal/concat,d96f5060d9ec6aeb518c4008a4f7bfd2af298529,README.md
conal/concat,da262fcaf38ced43fdae605053f61f8987fa2560,README.md
conal/concat,e4c3ca9816b0964b0a1fda59637c15f7459ea5c3,README.md
conal/concat,fad97e3293001dab12fdb840656cb06bdd522240,README.md
createdotnet/wdk,05f6ed6d146aebad5c439dbfae438f3c04194746,README.md
createdotnet/wdk,06bb5fd5298ecd177b8644350049bdafce92c2cd,README.md
createdotnet/wdk,1067878be5cd5d3123a4c64331a616440028db3f,README.md
createdotnet/wdk,29aeff62595a70500a9d90293234bd37d9490d29,README.md
createdotnet/wdk,31f41efe1f1c01f705e9c4cc24d7ecf7b58c5c7d,README.md
createdotnet/wdk,49df1dc2acd1217b072688d62149cbb434a4e4ef,README.md
createdotnet/wdk,4a16ac9d2e48ec6727e47629bff55c886464a105,README.md
createdotnet/wdk,599603807f82fbfc5ee7187790f01ef9ca81d877,README.md
createdotnet/wdk,62ff13cb61a5b0a1c5319731a932f3d2fc2e7146,README.md
createdotnet/wdk,69a0dff8903710e929990c6766c3b0e391ba52db,README.md
createdotnet/wdk,6f9032aa9b3b9646ca2a3ba0326c5c6d701a29eb,README.md
createdotnet/wdk,7c8e3b6c346d27847f6712e6468df05c0a0e7e0d,README.md
curationexperts/iris,009c7e4004145a3076b3d4792c1e2280ebfba51f,README.md
curationexperts/iris,089381ea7cfbc9da2f98cc3cde7fe244c77b7462,README.md
curationexperts/iris,24b2e3bc6436693761f08b267739d9271d209c3c,README.md
curationexperts/iris,2f19b2c280c0e77c8c7dd1f285873a4a2924cda6,README.md
curationexperts/iris,3e50b47d8055718eddc943bb88c3552556c6d486,README.md
curationexperts/iris,5144ebacfba4ea4bb630f01263db3f41265e50d0,README.md
curationexperts/iris,63c242c1bfa41a068121ace47187d19bb3cc395c,README.md
curationexperts/iris,67e11219ec4bd856e36567f48825c1c47298212d,README.md
curationexperts/iris,6be70224633555e2628c7642df1c13c441788ae8,README.md
curationexperts/iris,75c9d069dae77b741da591e43a4fc56ca3a5441b,README.md
curationexperts/iris,7f91b0857acc86b869df5351699f8020dc39f15a,README.md
curationexperts/iris,b03bc932e99c42595ef3f889a86281fde882a74b,README.md
curationexperts/iris,c2e8b95fedfe494fbc536be81a968ebc6cc3e38c,README.md
curationexperts/iris,c38f183319cc015d31ed0cdbe1a7361af406d1e6,README.md
curationexperts/iris,d6c1b26cd21b4756b6fb6d8b73e5a457d521ba0d,README.md
curationexperts/iris,e6f0cefcfbfc4bb97a9c72b42c28cab1d3e8f403,README.md
curationexperts/iris,efda544c21ffaddbcd8dca21b5d1d243d930d378,README.md
curationexperts/iris,f1584ec710440b2d8b90cd6245896a437e7ebc6f,README.md
curationexperts/iris,f2bd8f2a4fb299a40258d535c12804ad14bd1846,README.md
curationexperts/iris,f6a867066a85a28006e15163c21dedd4bf749688,README.md
cyclus/release,2104b05d29e91abd7988bb13f9e152300ad3bfe1,README.md
cyclus/release,ae222443d6cc9072cf913af3f3d8e7a793ef0504,README.md
d4rken/reddit-android-appstore,18467003aad61a4769ec1095454a4e56b6401afe,README.md
d4rken/reddit-android-appstore,1de14700b29e24a7c9db3b429e11bbba4a22dcfa,README.md
d4rken/reddit-android-appstore,6996d5e0ce82f5d298593df5da029266338adc6d,README.md
d4rken/reddit-android-appstore,6fc42cccd1c8575fb5bd4d9bb4f728a9930a2c4f,README.md
d4rken/reddit-android-appstore,8b6ddd9f0e62368c127adff31ba1187caeb9efaa,README.md
d4rken/reddit-android-appstore,94cfe49a52d0abc1d8bc5b57743d255373a7a115,README.md
d4rken/reddit-android-appstore,a4f7b38ba1aeca9636ba9f2b68210fc630ff4d1c,README.md
d4rken/reddit-android-appstore,aa16fc8280813467f4d5c37fa74ee8eb03783957,README.md
d4rken/reddit-android-appstore,b04db8493dfcdbf55a2d030ccf4f1d5cab24e1cf,README.md
d4rken/reddit-android-appstore,b2aa1b2254cbcf510018c92da44f6d786d9b438e,README.md
d4rken/reddit-android-appstore,b3b111a5d371d7238b9e35675f52228e3713e896,README.md
d4rken/reddit-android-appstore,c5294d14b541c43ef6f19a96ab217d19a1a688ed,README.md
d4rken/reddit-android-appstore,ca6bbb008b190ca5388d03a09f03d2ff8eae96ed,README.md
d4rken/reddit-android-appstore,daad69aea70da8fb566a30cda702fd0bccc858ae,README.md
denoland/deno,00082352e9536ebac4d8b7cab4ba95252233c1fe,README.md
denoland/deno,028d8e4d90d2224334b44ccb1836dc47d85a9526,README.md
denoland/deno,04b625054a6a3697995147762fbb0d7ecceddeae,README.md
denoland/deno,04f05d0d9db4f5e55b2f0205ba2e5ab1c320dbc6,README.md
denoland/deno,0598b62c4f4abe3ddd604f8fed0bde913e7d6660,README.md
denoland/deno,0875411267d62a0fdcaf762657f19082b440fe36,README.md
denoland/deno,0d9aa81c69b1a9ce2559b3de09f007f6b9932bdf,README.md
denoland/deno,0ea603d96eeefa12095a713900ef645ed3ca2560,README.md
denoland/deno,10232026342159ec2ad335dbec26b0d37af47303,README.md
denoland/deno,12753e492f924e32be2a74d94720213f1d5c6b66,README.md
denoland/deno,131a44f559ed833de374cba1942b1c4436d80b95,README.md
denoland/deno,1355803849aebab738b5f704386a034463192aab,README.md
denoland/deno,14713adca5fe7dd4d7fceab2f802d9e91d8ac940,README.md
denoland/deno,15590a0cde8901f15d200d433761d11cc5468270,README.md
denoland/deno,159de0245d1924cdc0f007d96bfbfdab85f08ded,README.md
denoland/deno,1af2b2ae0b6c7f124be34045c44c6bcfb9f9a4c7,README.md
denoland/deno,1cf4bc5ca110cd74e86c001c7063aaa357151be6,README.md
denoland/deno,1d71f93e2f96bb2b035cd075ef4113eb86d719a1,README.md
denoland/deno,2060bc939d792d0dacb8be7b8e989141300b1ce5,README.md
denoland/deno,247932b00e516ab14b92c2ed8149eab79f9358cc,README.md
denoland/deno,24debe9546cb9f7e365f05de548c7d6ea267af22,README.md
denoland/deno,258aa565321493fbf6b4325d7b00dbb2058d646a,README.md
denoland/deno,2598f9c68d8983934c73c135c9d277b33c98e333,CONTRIBUTING.md
denoland/deno,26aafd3a15bf186977b3ac80356b380d422d86e2,README.md
denoland/deno,27a813daaa2da76a94ad90b50377edf7b2cb67cf,README.md
denoland/deno,2830023f658c146af114686b1d79549ed2e7d883,README.md
denoland/deno,2a69abdefdb64ac5660b211405a6d3a658d341d3,README.md
denoland/deno,2adc9bd5808c400ceeb46ef61a32cf1abe80a7aa,README.md
denoland/deno,3197cad0f83d921b42dc79413836ff9e0efeaa75,README.md
denoland/deno,32f0c37a422ff3cc6bc448caf279478ef8a893bf,README.md
denoland/deno,3597d6859cacf0ef3ef935ad7d4e98d4df4a15ff,README.md
denoland/deno,36fa1cea4a6c7c4ae5ac93974843fcdcd4557fef,README.md
denoland/deno,3b595253a2e9f8badc416f85d0b09bf48f344634,README.md
denoland/deno,3d063223cc373beeaee41f64ac4c74555246ab89,README.md
denoland/deno,3d65177dbcaf6d08c7e4a412beece8ee6939d466,README.md
denoland/deno,3e5e07289e6be339617ccff20fa60ace4bdc4d9b,README.md
denoland/deno,40983a48b6f34bcdd3dd5cd8ea24efc0410299f0,README.md
denoland/deno,41328d796e440dd52198c8f30111419cbec81d6b,README.md
denoland/deno,4319a0e681b0236be7ba22c19769e10886e9f892,README.md
denoland/deno,4556a38ed97c6e5fdeb1fab5ef07329d8285273c,CONTRIBUTING.md
denoland/deno,4641aacba67d8ad6c80c903c2aa6b2488e3caf49,README.md
denoland/deno,47eeb889e18cb5be5465a150b05b409d7f77fcb3,README.md
denoland/deno,4dce5623338f3ab04a53926d00d36fa2d8afb18b,README.md
denoland/deno,4f80587d26891f783b1a7a46b0f3273def49cd6e,README.md
denoland/deno,50b8935a1f0e0d26a3a05cce17b4548de99e35a4,README.md
denoland/deno,537e0320f0424aee620e5fcd3d61e0166c810805,README.md
denoland/deno,55c234af973496abdb8df4c837c204062d71c96c,README.md
denoland/deno,5d1cb542617f3e9651f472eb21d11594fba397c0,README.md
denoland/deno,6405675448917f36252cde52d8504a64b73db9c8,README.md
denoland/deno,6541d03ff5586e58eb47709256724a6cf1f60030,README.md
denoland/deno,65a4b44b7568cfe1f436a9a7e37dc70cf731e1e2,README.md
denoland/deno,65c3abcd403173ee93b952bcb52d1df719d6dc23,README.md
denoland/deno,65dc86ebc3b97a0463a47a9a64786b268f62188b,README.md
denoland/deno,66476efec5b92cd04c161d82cbb69992fed4eb0a,README.md
denoland/deno,6830370c3e4f7d9f09c08fe76f8902193e027c1d,README.md
denoland/deno,69868c2b0e4372e6d7e49821caca41d372686eea,README.md
denoland/deno,6d4a005e4108a5dd762b339a02bc4d802755ba0d,README.md
denoland/deno,6f7ca760b8393a74992c9b7b6ddc0b65b8d8807c,README.md
denoland/deno,73ed009ddae73353c4df882a43db28508d6ef35e,README.md
denoland/deno,7784b0e17e2d54fd130e274bdb3aba4a2d1b2e9a,README.md
denoland/deno,7a4ad045b1f5d80d7785916a2209caaf6f552a4b,README.md
denoland/deno,7c4265159a26d2abff51c088f485fe09e9766856,README.md
denoland/deno,8020f5fc0b27bf229544461ab885494233e0e4ef,README.md
denoland/deno,81b042c8db510de729200ad4eb757b171fbb6236,README.md
denoland/deno,8631e44449fb312ba243efba3ddf298df903a68e,README.md
denoland/deno,86354a29a40fb97e334f951428239ab8e171e2dd,README.md
denoland/deno,8aa04086719d2089920714e00de45d3af99ef5f5,README.md
denoland/deno,8ca082c50898c62863e4baf04387bd37ce8328f8,README.md
denoland/deno,8e211ea68566b35701d5b6ab90408638db09d8fd,README.md
denoland/deno,90141d06ef7f751dfc6ef3b27a3a72c1417a242e,README.md
denoland/deno,904c69c4c654e4b55fd2f46a063dc995cbe00e41,README.md
denoland/deno,9076592a31211c562c82fc3f3cc8556ad231955b,README.md
denoland/deno,9414dee9e56a9f42c07ada4f8e1be864a1a1b936,README.md
denoland/deno,942daac1da55775c748004a77451e319c00d5c5d,README.md
denoland/deno,95eb8dc5e493cb73b062c9543deb85e32799adc8,README.md
denoland/deno,a05d9aaead49aa5250ce76f3c97e9d51c7bbde19,README.md
denoland/deno,a18e51fd61203067f9b4e58705545aa0b5fce537,README.md
denoland/deno,a2064ca89c21500b4e0c9c5a42a862c58b7c813b,README.md
denoland/deno,a315d1ef97f36603cb343280c530d1cb5a0130c8,README.md
denoland/deno,a3e0766e6a56ce0904e8e6e9f21d87c7f4a15be3,README.md
denoland/deno,a4dec944bc821d114bfd82debb72d60bd04f836d,README.md
denoland/deno,aa34c1df6a4520c1e9f0da55289eb00434d6118f,README.md
denoland/deno,ab3d02a08174042c6337d130b02a6fa0f85673d2,README.md
denoland/deno,af61dbed874863db308f3a421ad142a7f106687a,CONTRIBUTING.md
denoland/deno,af61dbed874863db308f3a421ad142a7f106687a,README.md
denoland/deno,b5b7c7ee0154a28e6e15ec139bc3e0819f9eb910,README.md
denoland/deno,b5d7e38f9babaf8112cf0c68e285569a183b74a4,README.md
denoland/deno,b6062ae6623429dfdaf9152c5de7b03e5ab7e9a7,README.md
denoland/deno,b88008766870945d2b1fc669b19c292b0e46fc3d,README.md
denoland/deno,b9cdf088e7444b3fbad9ac02425425bb4f40355c,README.md
denoland/deno,bcdd917d79592f38c6fe00ed9d36201cd5212b73,README.md
denoland/deno,bdc0a13261deaa3748f51d9948b4e7b92864c324,CONTRIBUTING.md
denoland/deno,c1ff23b20e8accdec12ca3fe173a8a8463182a9c,README.md
denoland/deno,c2deb54daf4e4b207d21171fb723b5c7c378a30b,README.md
denoland/deno,c343dec3d529ba1316bb72b347490a82613d992b,README.md
denoland/deno,c5ddb5f205dcd6b273b0b451f01f79b68621b2e4,README.md
denoland/deno,c6f1107e9c8835389479f4f2d80d3539d23df41e,README.md
denoland/deno,c7b53125c38c397737da9c17500640cc0670e482,README.md
denoland/deno,c977cba123af280bde7bfaffc8a64756cc75ca30,README.md
denoland/deno,d0eb179132c60a7c2513c9d19db03e3d5ca00c70,README.md
denoland/deno,d1f71db45538f3a2a01287019928205a026477d2,README.md
denoland/deno,d397b86c6cea1517342dfa92055d8ed00c564ee1,README.md
denoland/deno,d426d78ae71dd69d77d7354b515762fc7e0b8a4b,README.md
denoland/deno,d63e03a8e75ff39cec60f8d6fd82e57078373207,README.md
denoland/deno,d6d7954429009a8674422f31811f02b5eb45f8a3,README.md
denoland/deno,d8b68648d10ec96d59883750885f7c7d694c180f,README.md
denoland/deno,db65c723ae9c4e765e30a05ed6c96f04754dc3f1,README.md
denoland/deno,e109941bd256b276ea3a68717bf519a5b3a08ff1,README.md
denoland/deno,e23d0b3452f52c6162ded9d0266f2121061ecfce,README.md
denoland/deno,e311e46a8f80491bc0ab4bc5dfce55d78bdb7187,README.md
denoland/deno,e4a16e91fa3e3753547919332a61dba221403725,README.md
denoland/deno,e7d071b7509023f91db96224d75fe4f8eaa38d3b,README.md
denoland/deno,e995ba66cd7400e0c87af6e530e74a6aa7c7c934,README.md
denoland/deno,ea35281d637cf326c4d808111a59d986c92e6a4b,README.md
denoland/deno,ece400d13fdb38d7acaa57a17354538bd5d6a44c,README.md
denoland/deno,ed9acaec7d438515271c1f2664780c0612f339da,README.md
denoland/deno,ef41a1ab2bd9190058944842644738808e266cb6,README.md
denoland/deno,f193dde4a922131ff06f274d85351de616626704,README.md
denoland/deno,f51903f7736e3969ba0003c074d80950aca74f70,README.md
denoland/deno,f6ec72edc4c32f845cc2d5e1e39bb352ecc61df7,README.md
denoland/deno,f72655c8639a0536c8e0df38dcea2f0f82019257,README.md
denoland/deno,fc328e00957a2663ace903d858cae5b65d308a34,README.md
ember-learn/ember-cli-addon-docs,09de5ace9456d1fcb2dd92c20951a2d64dbadaf5,README.md
ember-learn/ember-cli-addon-docs,134bd34e049e7608cf9e7ee6ee00d7b0328fd2e0,README.md
ember-learn/ember-cli-addon-docs,15f0559ae6e461a6cb2d41dc55ff0067f3a4c7e5,README.md
ember-learn/ember-cli-addon-docs,1b6ca4a6cebe9dd074cb07570c0d5bcdf7cdd42f,README.md
ember-learn/ember-cli-addon-docs,1e7c0d94dbf7e6f3e1d139a8cc27694a18fcd68c,CONTRIBUTING.md
ember-learn/ember-cli-addon-docs,1e7c0d94dbf7e6f3e1d139a8cc27694a18fcd68c,README.md
ember-learn/ember-cli-addon-docs,2ad3300293af05536b88d03e252fbba96aaf4e96,CONTRIBUTING.md
ember-learn/ember-cli-addon-docs,3007665fdd3ceca30e551ec27f9f7c857ff71b55,README.md
ember-learn/ember-cli-addon-docs,316d3e539a02d67c4ad0fbfa03d0346fee34a922,README.md
ember-learn/ember-cli-addon-docs,39d30991f90ff3a0f4456d60d6d322e0688e0854,README.md
ember-learn/ember-cli-addon-docs,3d561dc6d2b314b4ea3cfbfb42d00ba09336a3c1,README.md
ember-learn/ember-cli-addon-docs,405460486cb7682c2b2e24600fa2994e16fcc449,CONTRIBUTING.md
ember-learn/ember-cli-addon-docs,4a4612cdee3874113c523a8dcb79dfb09c00a680,README.md
ember-learn/ember-cli-addon-docs,4d09f272c44fb5abae46f767990fd1ca55e2c4c7,README.md
ember-learn/ember-cli-addon-docs,5339b68056e33cdf4746935c769b20d688d9b1f4,CONTRIBUTING.md
ember-learn/ember-cli-addon-docs,71c38127bf3de69807f1bdb58619e44a6a3a4a9b,README.md
ember-learn/ember-cli-addon-docs,74c47301003c4d02b95423a46e24dbb17da25b09,README.md
ember-learn/ember-cli-addon-docs,79bfae16b3597c1ab48bbd8427a5da330741075c,README.md
ember-learn/ember-cli-addon-docs,815982af073f3adbd65ed933423a3474e086288e,README.md
ember-learn/ember-cli-addon-docs,8583dde3bd60c956e8f14753baa1c57d92e02d30,CONTRIBUTING.md
ember-learn/ember-cli-addon-docs,8583dde3bd60c956e8f14753baa1c57d92e02d30,README.md
ember-learn/ember-cli-addon-docs,8f832b5ca47cb044424160097a19a6deb7bdb0a5,README.md
ember-learn/ember-cli-addon-docs,9bbc4568d3eaf5ef34dd06ad24a21e12b2defc5f,README.md
ember-learn/ember-cli-addon-docs,a465cebc4bb2d17e82595cb09cdbe5a2323dd58a,README.md
ember-learn/ember-cli-addon-docs,a5c62c175fc601626e8ea880f9292443c76df495,README.md
ember-learn/ember-cli-addon-docs,afffffe2379815e4e5096099b17140f73c2fc527,README.md
ember-learn/ember-cli-addon-docs,b2ec9a329c8ab4e9daa17ed04b2a1db57d7c827d,CONTRIBUTING.md
ember-learn/ember-cli-addon-docs,b32175798e467b7a974adaff2ab1eca682218dab,README.md
ember-learn/ember-cli-addon-docs,b3d3e7091ef8b3395b4f8c761a8c9f3b3dcf10bf,README.md
ember-learn/ember-cli-addon-docs,bd0f52e321595c8eb3682fb992b7598d4202e2a8,README.md
ember-learn/ember-cli-addon-docs,d86e5665588a1a0c3887c7493aeecd450f108758,README.md
ember-learn/ember-cli-addon-docs,dfae6881311a9233b459e199a6c558e8b451eb73,README.md
ember-learn/ember-cli-addon-docs,e0dd05ac03ed088b296a525e2b4071dacfc135f2,README.md
ember-learn/ember-cli-addon-docs,e8c04f2e931a460619a571e6f035d09741027da8,README.md
ember-learn/ember-cli-addon-docs,ee35b772e1bc642314fac43131c87b48c898861f,README.md
ember-learn/ember-cli-addon-docs,fa329ec8d88f39f9296a8eb928430a42b96dfea7,README.md
fchollet/keras-docs-ja,388b7495822e35055306cdba598a9017ec6be4ef,README.md
fchollet/keras-docs-ja,398a0e7a7a8e1d274783b19a2dd2a02ef29ab959,README.md
fchollet/keras-docs-ja,48d0f0973ef34a6e3af5a407e42c86a397dd8c41,README.md
fchollet/keras-docs-ja,7a080cfaa71de19e9f5bbe3bc40773168ab50642,README.md
fchollet/keras-docs-ja,7acb7689439c2d48d9a083a380c3c97d9bae0ca8,README.md
fchollet/keras-docs-ja,c76fc86da9b4ce2483be98f2d40a0444da44ee3d,README.md
fchollet/keras-docs-ja,ee7490e3536cd287ff02e1bd9a37356b15470c0e,README.md
fchollet/keras-docs-ja,fcbda262720a930f61af90e76eaf71c4274439c0,README.md
fengyuanchen/datepicker,08c511487023c1ade0de93fb9d61c3ed2f0c2a91,README.md
fengyuanchen/datepicker,11551271586a65be5c28207afe96b0cf89416ed2,README.md
fengyuanchen/datepicker,151a7249fcfc17300ecc05d2719059f24761a90f,README.md
fengyuanchen/datepicker,15c06642d41a00c991d9191daa2c2b55eb6cc71d,README.md
fengyuanchen/datepicker,21f82e098c783d355670506fa56ffd47d0e8dfe9,README.md
fengyuanchen/datepicker,2332f7b71289a7f48fbc967cb2c26dd02373e10b,README.md
fengyuanchen/datepicker,2c402de635110d4bfa09b840ef9f88eb7a5cd9a2,README.md
fengyuanchen/datepicker,2db78914261ce8c255ff8bd2b41ed1342e2abf69,README.md
fengyuanchen/datepicker,2ef0773ca33259dba3a2e2d2329ea46ceb631a8d,README.md
fengyuanchen/datepicker,2fbcd1eaea96e013fd539ff99d076435af4e2e20,README.md
fengyuanchen/datepicker,3e4394f899b6859af38892e17971cdab4b209b91,README.md
fengyuanchen/datepicker,436f15d2b969661fdfb2a57a0f551979cfa22bfd,README.md
fengyuanchen/datepicker,49c4e7691109c3cae2579537a2874a9af4198a6a,README.md
fengyuanchen/datepicker,50a7570ee72e2e6ddd5dd64dd2fe2acfbef6ecd8,README.md
fengyuanchen/datepicker,51bc1bb61232203a9e6aaad77fc404c4d86002cf,README.md
fengyuanchen/datepicker,64e1b57818536193fd803dfad3fd679651429273,README.md
fengyuanchen/datepicker,684c0436fc6c93e2b113872bffd41c89d72211cd,README.md
fengyuanchen/datepicker,7798a221ff730ab61be4a7c3f9f151b84213a7ae,README.md
fengyuanchen/datepicker,78164b373ba0085168447ab77a89ced153280c6a,README.md
fengyuanchen/datepicker,7bd5a4ae5d3c36dadfcfc01e933ddc2f72ad5560,README.md
fengyuanchen/datepicker,8567a31e3bf1fdc3f47498a2748d2382b9634d2d,README.md
fengyuanchen/datepicker,91cd8bc01ed8c2867bb8a908234bc129741a19f1,README.md
fengyuanchen/datepicker,99debfd0110e550447062c9dd9a61daa6898577d,README.md
fengyuanchen/datepicker,a20771d9ede32dfcd81cfd30e14763740afbd187,README.md
fengyuanchen/datepicker,aa2a1a1b334ef6d88f7201c357af40c46f0f1a0a,README.md
fengyuanchen/datepicker,afc8f87012e931b179ac21f9e6317e93c0c4ea2f,README.md
fengyuanchen/datepicker,b96b34d720775941c4b27cf0c018b3a726483d38,README.md
fengyuanchen/datepicker,badbd494c136c013588e96f9a998b00d359ba180,README.md
fengyuanchen/datepicker,bc2e58aa0345c3693c03392b8f141abc8cb964a3,README.md
fengyuanchen/datepicker,bdf248457692f44d0ae3141bf399405944ddaac7,README.md
fengyuanchen/datepicker,beac234dd689e76208c0107191af5cc6baab47b7,README.md
fengyuanchen/datepicker,de31a91396d3bb8f179cf06c87963f63b1e8abf9,README.md
fengyuanchen/datepicker,e1c74dcbb6624b634bd411f414482aad2970c6f4,README.md
fengyuanchen/datepicker,e6f4de301ed2a2adf68a1cc7f0d74e1011a3ae2b,README.md
fengyuanchen/datepicker,ff1baf3b67bde538a2f7d4ff59fd5a0795f29cbf,README.md
flowcommerce/lib-play,173ff2910e8983410dc7569b4c5900e26d03ce71,README.md
flowcommerce/lib-play,21b4bcfb5d3de85b7fad924d8e9c454300662564,README.md
flowcommerce/lib-play,3d8ef5f7a4d48b4f57e57274aba3cfb71471d5c6,README.md
flowcommerce/lib-play,4542ab67fcda09932fb762c365c40ebc587a7230,README.md
flowcommerce/lib-play,4a277feaf2023c626380fba5d8b112863637d0b7,README.md
flowcommerce/lib-play,4c45a9b901bf701ded95a4fc2da5bd1e87071346,README.md
flowcommerce/lib-play,6091ae2e44f2c43f3054b000993ec31401f1cf7c,README.md
flowcommerce/lib-play,a9497ca120b71ae827ddcbd4e989f2bb464c8679,README.md
flowcommerce/lib-play,aba6357bb023f03cbf3f9250eedf7f75d56e3bec,README.md
flowcommerce/lib-play,b81c5ef6e6617bc3e0b9ebcfa640b6387dbfa0d4,README.md
flowcommerce/lib-play,b90a9033affc72414efdf2c6ad5bfde69bea65fa,README.md
flowcommerce/lib-play,c08b9f1cea5d8f9f79dd779f59ed152bd5c15764,README.md
flowcommerce/lib-play,cb66129085f6966de7b5b3235ea67b2c438934ed,README.md
flowcommerce/lib-play,db801bc2ee5161d423c431814c8f6559b3205a2f,README.md
flowcommerce/lib-play,ffb783fbf1b1d9a6b5fa049b28ddc8a72a83ee89,README.md
flyve-mdm/flyve-mdm-ios-inventory-agent,16ab247206cf1862774707eabed39f135433a385,README.md
flyve-mdm/flyve-mdm-ios-inventory-agent,1fa5c811cb7525cd66126aa7775cfa9818047d50,CONTRIBUTING.md
flyve-mdm/flyve-mdm-ios-inventory-agent,1fa5c811cb7525cd66126aa7775cfa9818047d50,README.md
flyve-mdm/flyve-mdm-ios-inventory-agent,38162a7c49543cfe2eb4bdfd365a20a789b929bb,README.md
flyve-mdm/flyve-mdm-ios-inventory-agent,457fc3cd047d9e8788611a8ec7bcaf06ad310ab1,README.md
flyve-mdm/flyve-mdm-ios-inventory-agent,4fe0d4b98a5d2c1b74cffbc345b9c68b116e1965,README.md
flyve-mdm/flyve-mdm-ios-inventory-agent,508dc0f26c28dc7153b11065afb0a74b3a4dbd68,CONTRIBUTING.md
flyve-mdm/flyve-mdm-ios-inventory-agent,531fef47baa274018a7812b177c7420970065faa,CONTRIBUTING.md
flyve-mdm/flyve-mdm-ios-inventory-agent,5760c415b22849df01475ea65f50aebf59d99250,README.md
flyve-mdm/flyve-mdm-ios-inventory-agent,5b03a8abd0aa09360b2220fd6f9bd12498b97127,CONTRIBUTING.md
flyve-mdm/flyve-mdm-ios-inventory-agent,7b4a557012fd3f381e7da58e37a89a3165eb23bf,CONTRIBUTING.md
flyve-mdm/flyve-mdm-ios-inventory-agent,8800341391119c2ded6f545fbecab4b969b93889,README.md
flyve-mdm/flyve-mdm-ios-inventory-agent,8c43b6db4e967ed4f8990a2c7531a27af3d82561,README.md
flyve-mdm/flyve-mdm-ios-inventory-agent,9299466b7ff499cf303b13a042fb4319e32e4ab7,README.md
flyve-mdm/flyve-mdm-ios-inventory-agent,9f4d1622621370bad8008b0cc00eb81f3bfa022f,CONTRIBUTING.md
flyve-mdm/flyve-mdm-ios-inventory-agent,a6a9c255d56a935ef954834b0d010f34836f43f4,README.md
flyve-mdm/flyve-mdm-ios-inventory-agent,a9e6d55855d77781fcc59bd80aa9f116c694268a,README.md
flyve-mdm/flyve-mdm-ios-inventory-agent,b29e01ce917ce2a02b2484e7c8fa1505ddf05954,README.md
flyve-mdm/flyve-mdm-ios-inventory-agent,e258f96d030a9a86436d5410923c663a4bb3a85f,CONTRIBUTING.md
flyve-mdm/flyve-mdm-ios-inventory-agent,f6b4ed028f8773baf692e616698a8c5bf254564a,README.md
framed-data/mcv,242e55bb26e126fc019e8133621b04c4e151ce05,README.md
framed-data/mcv,36bc6e7089e2b99982b44920eb2039b4d75064ba,README.md
framed-data/mcv,40eb00a1e58a1607921b339c7ebf299873f3c41e,README.md
framed-data/mcv,44b84280bef930d49a2508d3620f21f917c7581e,README.md
framed-data/mcv,5b51c3130662f3ad9f59064a8f0ee5786a157172,README.md
framed-data/mcv,72648c6c61398a3113533405fe9c4eaf44ecfb99,README.md
framed-data/mcv,929c03b3d4a047a36ba7433fc0d92f4b7e1aec05,README.md
framed-data/mcv,a36cde9b5f0d1d2f45136cacbf0481406931c2cd,README.md
framed-data/mcv,c85ebea11bf612bf7877b194d4ce7c438b29406f,README.md
framed-data/mcv,d962162495aacfcc8c5b5d28edaad719bc36fffe,README.md
funcool/clojurescript-unraveled,0ec50fade10a6ceb406a4257c54754000f4e1988,README.md
funcool/clojurescript-unraveled,12a39e189eb953a74e7285b6d513c59e25b56f16,README.md
funcool/clojurescript-unraveled,2266f9ca297b726fe55385bfeb9e6ecd18f96c96,README.md
funcool/clojurescript-unraveled,2d96cee2d712c3c600cd1a93c9afed42d5701ba7,README.md
funcool/clojurescript-unraveled,2db0714076f48890dd2091d83d0ac5e5c81bbe71,README.md
funcool/clojurescript-unraveled,4f63897cc2c53e6e5b74024600143c8f39a93bc1,README.md
funcool/clojurescript-unraveled,59443dc13c9bbe43ca773ac87f5411b710e7fd5d,README.md
funcool/clojurescript-unraveled,b398454e4c0a0a4057738423e34d86019ef69682,README.md
funcool/clojurescript-unraveled,c9b96fc8da08d2692f934a8bbca10e07078caced,README.md
funcool/clojurescript-unraveled,db1133920dff647ca10d95d4aa53fc793d264fa1,README.md
funcool/clojurescript-unraveled,ed9c71cea4b93e74fb86f3a40b4e29d9f8afe020,README.md
fxbox/users,06eca3efc5375e07c41f33d9ed32e3765d45ef7a,README.md
fxbox/users,1ca1e42a8b32e8a5bb80a7974c0f78ddd4d934bb,README.md
fxbox/users,2191249dab4a5fd54b9fc89befabe72cf6d1be08,README.md
fxbox/users,2ec94978a16bf1b3846ea486ace10664f564c5f0,README.md
fxbox/users,369375edacc6dabe814c4c025db3bf74b9800185,README.md
fxbox/users,37e4ae6d30348bb65aa8809fefa9370665ee5b01,README.md
fxbox/users,6a49d2c2d684289d9421f48b3e788979d2e4a6de,README.md
fxbox/users,6af1d4ec9cad63b946e0375e957007138ca85ee0,README.md
fxbox/users,6fc33ae8e88a0a00f3dff1ade37a9c702cb9a2e4,README.md
fxbox/users,7229fb290e50d084e449d2cf8796ebf574f8a13a,README.md
fxbox/users,96c99532b6262c91b8904ac21e4cb672f80bceee,README.md
fxbox/users,99ae75b9c0211b71752e53c184f28bd4284e3ce7,README.md
fxbox/users,ac8082018e256f44252e3cb55796134406d06d28,README.md
fxbox/users,c372318f2995b224d38fdb796034e738ead9df1e,README.md
fxbox/users,c465701e14c53dd29957b1efd46e0673e559d217,README.md
fxbox/users,c4f65056878133154e131c71918c734771f3ab3a,README.md
fxbox/users,d4d3f78e6ff5a48077f7b5e89f05666f6bc0ba9b,README.md
fxbox/users,dfc0e422322e3e1949715413936a1b8e8f860198,README.md
fxbox/users,e8f5ec76b6787ef25a2ff73ac04a45110cfc9947,README.md
fxbox/users,e90de6112d70105cf0007ae474ba5c1efb5cd2a7,README.md
fxbox/users,f56b0a27322e6076d62d1e357e9b5e26fde17a98,README.md
fxbox/users,f79d8ae0f1035f7ea965aa1bf2c8daa07ba3e8d8,README.md
googlesamples/android-sunflower,2680662cccd4f2245acd93ab90e44ceea4caa83f,README.md
googlesamples/android-sunflower,27c7caaa68fe0f94e278bc0f77f1d999c8c83d57,README.md
googlesamples/android-sunflower,2a357a31551bb53f3fe80382a9ce6d30bcc8b960,README.md
googlesamples/android-sunflower,41875bfb9b5c4471075304106ce5437a1df9d952,README.md
googlesamples/android-sunflower,49bb49335ea92c88543e59ca1a7c2986cb480da0,README.md
googlesamples/android-sunflower,49e2b48fb64d76daa0424fcb2f3acbf8b128b55a,README.md
googlesamples/android-sunflower,4a8709922f163782e7a0a3579d0ad130d71afe69,README.md
googlesamples/android-sunflower,4bb11488e68faaa4bc703353bc7f44f1f9e06c06,README.md
googlesamples/android-sunflower,59bdae978326091b6725c34bec1de1aed0877418,README.md
googlesamples/android-sunflower,5dc2cf71f69cbe6ed6901e477c448c295fe67500,README.md
googlesamples/android-sunflower,606f385767f7c0263b5b0781cb0a536183ad7da6,README.md
googlesamples/android-sunflower,6291ad39d43c6c2dd4a12c29cc9797ceb347f050,README.md
googlesamples/android-sunflower,6bef6cd2c86850d731e6a8e16a23df7ccae793c0,README.md
googlesamples/android-sunflower,705e9620138ce7bd4b16be2aae5a41bebd993860,README.md
googlesamples/android-sunflower,73b03a82553d30a7e92d4cc011b7801c996540cd,README.md
googlesamples/android-sunflower,762c3c0ab6f3c57dc8beb1bbfc44a00c5db246d8,README.md
googlesamples/android-sunflower,791945c9f250f0a9d2b5fae0e97a302111fdfa6c,README.md
googlesamples/android-sunflower,7bda64e8c84891a4dd88d9450a2a2bc04cbd5135,README.md
googlesamples/android-sunflower,7f613517a2b9e138bf49d58183b84c3d66eaad0d,README.md
googlesamples/android-sunflower,8d000f6c72bc5384b4ca9f7452d620085919519d,README.md
googlesamples/android-sunflower,97d5fbc9300dc63738c3b071a1d2986aa590d103,README.md
googlesamples/android-sunflower,99d770a2e89b3d09556940fdb24048b6b8c6b623,README.md
googlesamples/android-sunflower,9c658b4507077525932d836b7e9a3ff72b0835eb,README.md
googlesamples/android-sunflower,9c88f7b1cf6a4c7d0c6e3d01359d4d78ad4e9087,README.md
googlesamples/android-sunflower,9cbdf4c8e7eda5b9cfe3c0dc4556def8deec6aa3,README.md
googlesamples/android-sunflower,9d68548c012163be9d54fbbd8df79468336ec670,README.md
googlesamples/android-sunflower,9df57ad4c392f41a39f41d3b09fd5983941fe012,README.md
googlesamples/android-sunflower,a728bc7b5ed3165fed46a52ec60546db7cfd35a9,README.md
googlesamples/android-sunflower,a914a92a293d06311190de525d85aa40000ab464,README.md
googlesamples/android-sunflower,aacb166cff5667ae3e3fc0ea1c1e5389dc0a86b2,README.md
googlesamples/android-sunflower,abbd7ac69a636d9436d14b07a0fcbd1ea24ff986,README.md
googlesamples/android-sunflower,b4fb9e508859c608340ff90c028b0b1e10cd2e47,README.md
googlesamples/android-sunflower,b69cbd928ab6b75d1240402be766627ecc4df0f0,README.md
googlesamples/android-sunflower,b6f3777b40a5e16e46e7ad8152cebb9e26946e78,README.md
googlesamples/android-sunflower,b7dcc5387622ca0bc12df4a6863ff9daab4a9129,README.md
googlesamples/android-sunflower,b9ab6def50a7d435a09bf407f7b986e232872396,README.md
googlesamples/android-sunflower,bc496360f82d9b36ccffa2d83fe32fa83cbb4087,README.md
googlesamples/android-sunflower,bf93c03a5de99aa4dcf1be4c931e6dd766661d7a,README.md
googlesamples/android-sunflower,cba9010d2856cd982596bf214a177b90600ba9a3,CONTRIBUTING.md
googlesamples/android-sunflower,cc0a04ffea12ed95f4bc79b5542e1110c7266996,README.md
googlesamples/android-sunflower,d1948ff16ea7dd6da0ac9fef615c9cff68b5dca0,README.md
googlesamples/android-sunflower,d1eda0b6a0687bbfb6d50b2499b73a5635ddeb5e,README.md
googlesamples/android-sunflower,d5229eebc05a97bf9114ef4a20e87ef1a6315445,README.md
googlesamples/android-sunflower,d72a10276f6ed3c262224b813688417aa45b95ab,README.md
googlesamples/android-sunflower,ddece0f5d0234e9264439a8cd7525fc0f8901f58,README.md
googlesamples/android-sunflower,e3a69185d3fe0191516d5538d09f8a4ad6bf9c6a,README.md
googlesamples/android-sunflower,ed32ab489655c8344bae21bf65733445504e4968,README.md
googlesamples/android-sunflower,eed34e8df1960418848409ef9f1500f6979ad649,README.md
googlesamples/android-sunflower,f4d3424ca48029f433ff13c53421c03e5823e0f0,README.md
googlesamples/android-sunflower,fb5b42c31a40c62243b2027a68778875f0808bf6,README.md
googlesamples/android-sunflower,ff29ff37c3e25896b9a9e89094f8372a62155df8,README.md
grommet/hpe-digitaltoolkit,6a9f28f30f5fbd11f86dd2bd7bbb32f2aad92b9a,README.md
grommet/hpe-digitaltoolkit,a23564ed2e250ca4edd5cbc20eda3c4fac53b271,README.md
grommet/hpe-digitaltoolkit,a6d8fd1925952a8d6715a9ac52487b29a17e56e0,README.md
grommet/hpe-digitaltoolkit,e3dcfdda0048032587650e117f4513dcc8a4800b,README.md
gshakhn/idea-fitnesse,01d43aab01e95f5e24927b502e515956dd7b6122,README.md
gshakhn/idea-fitnesse,0319e3f43d3b30e5dad9bba63abc1afbd93250c6,README.md
gshakhn/idea-fitnesse,08f2742268c0033e1aa4a88ffc5c7a8a8675fb3d,README.md
gshakhn/idea-fitnesse,10e9ff82421451a1b27846446f4321a5517377a6,README.md
gshakhn/idea-fitnesse,112e83122cb2d81f6cc5f59c9a8bc61e4021e5f6,README.md
gshakhn/idea-fitnesse,266e6a83823cb9de4ee27bf16f688854d4f9fc1a,README.md
gshakhn/idea-fitnesse,3c4574b8b0c945b190d1d58153138057903cf602,README.md
gshakhn/idea-fitnesse,4ecac47d1c3e43b74018854108aefc9b017d94e2,README.md
gshakhn/idea-fitnesse,5f5a0f5e7a228e99a204865e06cdce9fd472eaf2,README.md
gshakhn/idea-fitnesse,5fca888ecd777b64cad384e03cf2bcb70e8af87f,README.md
gshakhn/idea-fitnesse,646d53f0bb119a35a750da912e9e1f41143ab6db,README.md
gshakhn/idea-fitnesse,7a83a6da2600347fcd8e148a4db34a5b1c4c8c99,README.md
gshakhn/idea-fitnesse,9b228303de9139c1fadce731e718e32fb3f98065,README.md
gshakhn/idea-fitnesse,a1e04b982d98cb66da52f55eb71a2aac0ac01b05,README.md
gshakhn/idea-fitnesse,b3912d35122254a1db151d688a054feb7549cb70,README.md
gshakhn/idea-fitnesse,ba7df75f1a82e5f7caf61018954d4d6c4b89d324,README.md
gshakhn/idea-fitnesse,bf41975407d782057a4f41e723b3896a050d476c,README.md
gshakhn/idea-fitnesse,c1ba2a58cd7025b47005312a7a748a8b000844d6,README.md
gshakhn/idea-fitnesse,d28adbe39e523939df742749f9aa67590128d151,README.md
gshakhn/idea-fitnesse,d41b66fe073d8606efb7097ed6fb777b3aacf29c,README.md
gshakhn/idea-fitnesse,dfefb22307b2c4c02717fd33dc4ea7c75ed1f1a6,README.md
gshakhn/idea-fitnesse,e08a4a9bb37db28fced4c2448209ececcf4f8e8d,README.md
gshakhn/idea-fitnesse,ece58a590712bea958691e1d6bf15b86e7d7d652,README.md
gshakhn/idea-fitnesse,f8f8e17b351742d928522cb7ba75262f890bc398,README.md
hashbang/hashbang.sh,7977e6005f0db1e2b116463af7f58193fbfd5de7,README.md
hashbang/hashbang.sh,b6fcc20471112389161bbc35d23b036dd11f976b,README.md
hashbang/hashbang.sh,cf943006a77f8978aafa90c7c890da17e5676764,README.md
hashbang/hashbang.sh,f29a45c85d89663eaf2f18ec4154716cb7bb88aa,README.md
heroku/heroku-buildpack-nodejs,01eae3f7d1b4efd2d60a8a58a72f9b8f5e91c596,README.md
heroku/heroku-buildpack-nodejs,0272d7771bb16d609bec4901405d1ef5246a6f60,README.md
heroku/heroku-buildpack-nodejs,02b346948c5ee039fba6b500cd5f43686064179e,README.md
heroku/heroku-buildpack-nodejs,03c803597b9cec46e406f2cdd8f67e897b83b6dc,README.md
heroku/heroku-buildpack-nodejs,03ea3467c26b72b5b4f7fdee109a9c9e1104b53d,README.md
heroku/heroku-buildpack-nodejs,06114ea37a23ae7fa1903520031f5d7b9bd3fc52,README.md
heroku/heroku-buildpack-nodejs,09d7b623c3c47618229839f91b4ec4b45be01635,README.md
heroku/heroku-buildpack-nodejs,0a4e4c64249a9762fd268376414196338265f70b,README.md
heroku/heroku-buildpack-nodejs,0cfa519cff6ca2243858acae8574fe9fc3083441,README.md
heroku/heroku-buildpack-nodejs,0d8e7efec3ae5d6d0f4381ddc5747af2d065335d,README.md
heroku/heroku-buildpack-nodejs,115d01a44f77f5e767b9206df7920ed8595656fb,README.md
heroku/heroku-buildpack-nodejs,12ea929573da747b6d0aa7220541c1557dd52295,README.md
heroku/heroku-buildpack-nodejs,139f4c3cc7abd979bc09e61ee31ac907f163d4df,README.md
heroku/heroku-buildpack-nodejs,18d0f65376c77b90634bddbeec4329bdd4d81289,README.md
heroku/heroku-buildpack-nodejs,25a2e02229c66f23836e32176ec73d7e48fc32f4,README.md
heroku/heroku-buildpack-nodejs,269dd87b726259fcefb3edbc26b34b6d53513e89,README.md
heroku/heroku-buildpack-nodejs,27641610c12ee61974c38b060f461056933a0efa,README.md
heroku/heroku-buildpack-nodejs,28c290d7d7b50c9d4fc38d7d12b5566c14f7a31b,README.md
heroku/heroku-buildpack-nodejs,2abb8cc7dd97a05d6c9635e207344c8eec2b9754,README.md
heroku/heroku-buildpack-nodejs,2b7d8aaf40b3c38efc6874d152dd51f82c4f2d17,README.md
heroku/heroku-buildpack-nodejs,2f5a0b5cb008795b15fe4f5be865db91c4c5d056,README.md
heroku/heroku-buildpack-nodejs,305c472dea82d4cb1dfceee10a266ad35ab6e7cf,README.md
heroku/heroku-buildpack-nodejs,346b39d63bb5d26b5e0de2ec3be819fa023f4968,README.md
heroku/heroku-buildpack-nodejs,34cffc9b6397bc1ce97a4b5e911fa771fc4e7907,README.md
heroku/heroku-buildpack-nodejs,39eba31a7dde3017a0bdcda3923a670fc57f56d0,README.md
heroku/heroku-buildpack-nodejs,3e564ef19317bcc472ffe26549ecb8a1415ca7c4,README.md
heroku/heroku-buildpack-nodejs,3ed926d597d9d09faeb00146fc7b95b2aa83e61a,README.md
heroku/heroku-buildpack-nodejs,43d01bb6b5f7f674a139d787e0a6688f7d3bf5e5,README.md
heroku/heroku-buildpack-nodejs,44cf4dd2706fc3f3b9eb5ceb9e326ae0e9ce2160,README.md
heroku/heroku-buildpack-nodejs,45f6360d542c99f64dcab22073734f5e1816111f,CONTRIBUTING.md
heroku/heroku-buildpack-nodejs,4637d2d5608b9a512534a8ef90a3d3dfd983c640,README.md
heroku/heroku-buildpack-nodejs,46b19f7856eb1cd16d643126289fa34b2c72c2ad,README.md
heroku/heroku-buildpack-nodejs,485c390360b01969e48da075a96dee9e30a0ec57,README.md
heroku/heroku-buildpack-nodejs,4c4ecc42544e33919ca8b8841bc29d95858fb238,README.md
heroku/heroku-buildpack-nodejs,51a28bdb20f0590dd4977a499ba0b8e1f2c69d3f,README.md
heroku/heroku-buildpack-nodejs,532762b50f7266d7848ef9247c1e2dd7ab0f3e29,README.md
heroku/heroku-buildpack-nodejs,53cab996fad24de580ea07f9d7055500abc5636d,README.md
heroku/heroku-buildpack-nodejs,5bec830dc065bbc0f16a414cf558265a82ad7b11,README.md
heroku/heroku-buildpack-nodejs,5e57ff2eb918675cf75e0fff4ea17de1ee4bdf6f,README.md
heroku/heroku-buildpack-nodejs,5ed109b07ae7e9956f6dc718f12ae8775128a562,README.md
heroku/heroku-buildpack-nodejs,66fa291ec3ef86cb77bda9b4c48a2904377b45ea,CONTRIBUTING.md
heroku/heroku-buildpack-nodejs,68a8047d83f06f3bc34d1cd48742ed46d7cbcda8,CONTRIBUTING.md
heroku/heroku-buildpack-nodejs,68a8047d83f06f3bc34d1cd48742ed46d7cbcda8,README.md
heroku/heroku-buildpack-nodejs,6e443cb7a3ee8053b6b9cc3aeff8f217ff952ebc,README.md
heroku/heroku-buildpack-nodejs,701cc0ab5b676fcc827f3b29c8ccafa00ef3b216,README.md
heroku/heroku-buildpack-nodejs,722288244c86cd92a3daf723fe5c1321315efd29,README.md
heroku/heroku-buildpack-nodejs,72c37f722b31e602f3f1faba46b76017c259d379,README.md
heroku/heroku-buildpack-nodejs,72cda87b4cfff9b95f46bf2042f35623937f4bdd,README.md
heroku/heroku-buildpack-nodejs,740457120e25c01c2fc0577cafacb8872c380411,CONTRIBUTING.md
heroku/heroku-buildpack-nodejs,740457120e25c01c2fc0577cafacb8872c380411,README.md
heroku/heroku-buildpack-nodejs,75c124e78d6fad5517092a6b7c7bf4ac9daf21d2,CONTRIBUTING.md
heroku/heroku-buildpack-nodejs,7b26fb50ea34a7a5edd00b4b9d5880f7dfb889a8,README.md
heroku/heroku-buildpack-nodejs,84ca72a1eb7ff60b2b1d9a5b144f3b7d82939b33,README.md
heroku/heroku-buildpack-nodejs,88533e498b94afb66fbf3ca77b435a9ca010b26b,README.md
heroku/heroku-buildpack-nodejs,88c6e8dff76039e88f2171f9ab5b567aa251abbb,README.md
heroku/heroku-buildpack-nodejs,8c67d739b93d2862f3ba5aa933fc729be194aa74,README.md
heroku/heroku-buildpack-nodejs,91e821f86abe6826111306e74333c5a228550a31,CONTRIBUTING.md
heroku/heroku-buildpack-nodejs,91e821f86abe6826111306e74333c5a228550a31,README.md
heroku/heroku-buildpack-nodejs,94c359d5b867d20f1407456a763f8110786212ec,README.md
heroku/heroku-buildpack-nodejs,97601cc7f18959ecb18c7aec925c094d4d107150,README.md
heroku/heroku-buildpack-nodejs,9d37105024daecf5695c5254282441673709486d,README.md
heroku/heroku-buildpack-nodejs,a072e7f945c5513e901519c3393a197f0c3f1970,README.md
heroku/heroku-buildpack-nodejs,a0e711775671e5e52110aa3cb385ea7cfbbdb32f,README.md
heroku/heroku-buildpack-nodejs,a4e8b740b7b45d2b938fecf0c4cf08c54612ac60,README.md
heroku/heroku-buildpack-nodejs,a5ee40ad2753639854f6676ea7248d4981f6d635,README.md
heroku/heroku-buildpack-nodejs,a6a58df25c00b2e973fe91c71603887e76943481,README.md
heroku/heroku-buildpack-nodejs,ac5bcf434b0fcc8d6fddce49d1183e7f54b6e557,README.md
heroku/heroku-buildpack-nodejs,b015460cfa0640982456fa8ef849c9c4d70e4de2,README.md
heroku/heroku-buildpack-nodejs,b659a6ce4f8feaea6fb41d4b9843b32ccc47eca5,README.md
heroku/heroku-buildpack-nodejs,b95d7ad118bb652761467ebd8ce178c87012bf2d,README.md
heroku/heroku-buildpack-nodejs,b9d7f9dbe05fb985a9db0fc917d46dff8374d10d,README.md
heroku/heroku-buildpack-nodejs,ba9b0ec9da62a6224d5b5beb97b81f221b1a9579,README.md
heroku/heroku-buildpack-nodejs,bbd69c9a0b4fc66286f721274da4979eb8b89a90,README.md
heroku/heroku-buildpack-nodejs,bf3d70b0299add49644d7759ed7a984ecc868bfc,README.md
heroku/heroku-buildpack-nodejs,bfa7cfe27486588d3b7aa41d021bd26078e177fc,README.md
heroku/heroku-buildpack-nodejs,c1a9d53ab1753496ad8ef9a4898489bb23aba098,README.md
heroku/heroku-buildpack-nodejs,c26ad65c0b6e5c085deb474088f60b00fce84fbb,README.md
heroku/heroku-buildpack-nodejs,c33544981f8a97e422de3134957f57a4f65abbbe,README.md
heroku/heroku-buildpack-nodejs,c4280451278caba88a5deba7888f6abb259ec8e2,README.md
heroku/heroku-buildpack-nodejs,c50478204e6419862a4aa0e83e3de73161067f29,README.md
heroku/heroku-buildpack-nodejs,c7e2d592ef92770a43bf0d10bfa8a420ab2315fe,README.md
heroku/heroku-buildpack-nodejs,ca753f722fd5abe9cbf374842292876dec3a78d1,README.md
heroku/heroku-buildpack-nodejs,cdad423b145029fe042936add6eaaf40ac80f210,README.md
heroku/heroku-buildpack-nodejs,d2bb6c5b9fcf32f05def5e4871b744e638bc2873,README.md
heroku/heroku-buildpack-nodejs,d4946ca5ed89614fb648302b71c691051622603a,README.md
heroku/heroku-buildpack-nodejs,d5af35ed39cdd8b89e3a5e1d53afdd64267b5126,README.md
heroku/heroku-buildpack-nodejs,d89335ad160c36f497a6174f7d7bad144719d9c4,README.md
heroku/heroku-buildpack-nodejs,da8c7efa5f42503deb338e232759d481bc150f3b,README.md
heroku/heroku-buildpack-nodejs,db7274dcf61906716e73598a5e159a7ba9fe8d9c,README.md
heroku/heroku-buildpack-nodejs,dbad6885b9b7640ccfb4d4346da1cd0737cee329,README.md
heroku/heroku-buildpack-nodejs,e05a4d72bee9c57cafdd8c4ca185c39f5a7bb3ff,README.md
heroku/heroku-buildpack-nodejs,e3511e0de11b8f717dd6f03dbbd9af2dd097d147,README.md
heroku/heroku-buildpack-nodejs,e9dd1063d05d87bc9b9f5dbe82719a7d0ef5d8ef,README.md
heroku/heroku-buildpack-nodejs,edfa6f7cc17b504cb5811f27367e3154a4d36307,README.md
heroku/heroku-buildpack-nodejs,efeeef445b86d28dcccef17d55c038576366a2a7,README.md
heroku/heroku-buildpack-nodejs,f27665bb3d547e7015f77ae93a8a11f3defbe5a0,README.md
heroku/heroku-buildpack-nodejs,f5094ae89342e6542532d1ecbdb218bea2a6a087,README.md
heroku/heroku-buildpack-nodejs,f7b2c7a9e38ea82f5840793e9c8b723a8c7ea2a6,README.md
heroku/heroku-buildpack-nodejs,fc8df59bddaeef4e90af1031b64bb18e5cf9dfa0,CONTRIBUTING.md
heroku/heroku-buildpack-nodejs,fd80db275d68313c80bce525573d3c2d654faf6b,README.md
heroku/heroku-buildpack-nodejs,ff3e4efca00c0527b41097f944ccd4b16d871f11,README.md
heroku/heroku-certs,2b362b77b22e08b6a37b6c7bec6eac9f43155147,README.md
heroku/heroku-certs,703fdc164cb12e06bd72bf333213c656bb827011,README.md
heroku/heroku-certs,76d881721780762e3e77e3b55c211b582df81d7b,README.md
heroku/heroku-certs,821c20e16aff27d3a30f3104ad163cf19c7a9d13,README.md
heroku/heroku-certs,8fa39878d06ff2722c647ef3785784669bc8fb0b,README.md
heroku/heroku-certs,9d027aaf44c52d0638f465ee230b900edfac1914,README.md
heroku/heroku-certs,ae219c307c9134ca7fe9177dd280d9234235c0ee,README.md
heroku/heroku-certs,c077dc0e6450957de4d0a2c9845fd5a2ceb2968a,README.md
ho-tex/oberdiek,037d3bd8965bc0b46bfca9e712c4fef188f1fe86,README.txt
ho-tex/oberdiek,188489ec67ba1b09ae3185e219769b29833d0d32,README.txt
ho-tex/oberdiek,2124a4bdead621e9e944d5f7b770126f1a9e7588,README.md
ho-tex/oberdiek,219069e8202b5ad6bf2976a89ff4be57293de25c,README.txt
ho-tex/oberdiek,2201df26cb578ccaf81ff3e1b947e3573672ec4d,README.md
ho-tex/oberdiek,23455b7f98c5f4fb6bc57695d93a9ec46da7bd24,README.txt
ho-tex/oberdiek,273b8425a1d0cef0d15af21c5b94aa57cd4fe225,README.txt
ho-tex/oberdiek,2ce014872d20f55ad1ef3b1cf0c90661f0977208,README.md
ho-tex/oberdiek,31735ec1c3025805659563c80495cf5230af1679,README.md
ho-tex/oberdiek,3290160bd955b8e6eb22643cac8ac4808ca97036,README.md
ho-tex/oberdiek,3778170f6ea6a5a38d73fdd536ad980ecba0bdad,README.txt
ho-tex/oberdiek,44cbebc34667606577b451bfadecb58b27570ced,README.txt
ho-tex/oberdiek,46dc63d12affa3f08fd469b40b9346ec935bbb4c,README.md
ho-tex/oberdiek,57cd8aeae9d2468726270b4855362511fe88b511,README.md
ho-tex/oberdiek,5ed4b7c16e383a905f9db81b98fc82f5a81afc00,README.md
ho-tex/oberdiek,682496de34d0e1ab12086880738d124f5018c84e,README.md
ho-tex/oberdiek,776d8c6de94cb51ccaaa17dde839ddbb4f430332,README.txt
ho-tex/oberdiek,7d4cca10cfadd5dbdd88c56604b6945a4bf9ed6d,README.md
ho-tex/oberdiek,803046cff24c6e5744f6eb460dfde7a9de4eb404,README.txt
ho-tex/oberdiek,8271278dab8c974ee2920707cc8a80850a35faaf,README.md
ho-tex/oberdiek,855d662e1ea10bfc72765a40dd40cb3cfbc0526b,README.txt
ho-tex/oberdiek,8c1f348344cec1edef888046a867ce3cc7e44db0,README.txt
ho-tex/oberdiek,902c8b4399cdcec3dac9029d2254dd99ff48629c,README.txt
ho-tex/oberdiek,95e872885177ce1852ccf7c6c4a98e837383cbef,README.md
ho-tex/oberdiek,9daffedf2491ebbc336fbb037328d54586f4a63d,README.txt
ho-tex/oberdiek,b3533c8efae766ab70309c75c869aad607a669a1,README.txt
ho-tex/oberdiek,bedcffbd1aca18a71ce47fa75a03d31fdba9f435,README.txt
ho-tex/oberdiek,c8e44768c3b60137477c6096102efa8e9cac6091,README.md
ho-tex/oberdiek,e007a5f4e17763ef338d34b3e205ee54f2615266,README.txt
ho-tex/oberdiek,e36721b27cdf3aed690bad4bf92b30fb717eff07,README.txt
ho-tex/oberdiek,e6067fd03d51885561a9ada8a2941eaab72d376f,README.txt
ho-tex/oberdiek,e90e33ddc8ee855513f4d6b42d70c46f27dc70d0,README.txt
hoodiehq/hoodie-camp-tutorial,0ef216f2f7bbf958fb42add7b202bde99e34d3c8,README.md
hoodiehq/hoodie-camp-tutorial,619417ef573dfed0531a0240121ac68ddb50b321,README.md
hoodiehq/hoodie-camp-tutorial,6fd5117695fc8075bb273c3a2ff5b9f46e39a849,README.md
hoodiehq/hoodie-camp-tutorial,9cbaf34909b41a043f1e34a120b2eba2fa79645d,README.md
hoodiehq/hoodie-camp-tutorial,a7133dc1649b4e906d1731f85ef2ef6d6e6af823,README.md
hoodiehq/hoodie-camp-tutorial,d45e7d58eb513a7c8c32e81c22c8c042c9cc0997,README.md
joyent/triton-kubernetes,03204bd7bd0935dc8520c76f899f270729bd4cf1,README.md
joyent/triton-kubernetes,08564cea8c72a1a8c3e65577fe0ec1ea8d1eb57f,README.md
joyent/triton-kubernetes,0c402a4f652a2c0bc42f69dfa8e67474205f0c93,README.md
joyent/triton-kubernetes,1034c92ed15b856b54115272b1e3eb0ce61744b9,README.md
joyent/triton-kubernetes,144c1e9c3cd9d695ab8460195a9a42b0c5e45286,README.md
joyent/triton-kubernetes,1db0621b2f17cb27f8d275859c514fe37476d771,README.md
joyent/triton-kubernetes,230477c4db527284d90678ede02d7c414c000adb,README.md
joyent/triton-kubernetes,243deb15ac4a20d35c8c814b3f3c2e7db56d0e86,README.md
joyent/triton-kubernetes,25d9569620bbf522e4bfed6f6a0f7fccc2e853c9,README.md
joyent/triton-kubernetes,27840741d3f3eac35d72d7d84e75e0dc30efec4c,README.md
joyent/triton-kubernetes,2aa6709af2dbc2b990422428d052f2abd49784a4,README.md
joyent/triton-kubernetes,2fd6f7322291130c19f3ef06c084a42aebf600a3,README.md
joyent/triton-kubernetes,306ce74a9b219b5c8c1e18a59f521302dc23d4a7,README.md
joyent/triton-kubernetes,30ba750478ae63f7158eb74de4dffa54792e7404,README.md
joyent/triton-kubernetes,3c701eb3915d66f757bdfb0e5d9bda577b95f438,README.md
joyent/triton-kubernetes,3f53e1794b8a669c6fcac02745451cdb2cc8d437,README.md
joyent/triton-kubernetes,45c3d583f8f2b296400063a9f09f6f504e71ab19,README.md
joyent/triton-kubernetes,46f9b4f8c08e748225e0bfc841b756f40ba7ea0d,README.md
joyent/triton-kubernetes,46fad6d08b864d91357fe277ace4a0d1641fd4d5,README.md
joyent/triton-kubernetes,48afbbf62d257d33530b6dab6333ac8c55e316c4,README.md
joyent/triton-kubernetes,54bc0e1fd93e2c2b469e8a6ffe1a52a9e6d4b195,README.md
joyent/triton-kubernetes,597fd0b01d9e3bee33855cb2de55e2d1d0cbffa3,README.md
joyent/triton-kubernetes,5efa1c70f65c95e6015ca463f1cd829f7d0289f4,README.md
joyent/triton-kubernetes,783a30edfc79e81374fb3ba70e95178eefa16f7a,README.md
joyent/triton-kubernetes,8229cd3160b2fff642de78dc5f89b4e54a4af112,README.md
joyent/triton-kubernetes,825b16602cad0414f018544f76e93fa81710647e,README.md
joyent/triton-kubernetes,9d3d0cfac1c993e009918b442179532354ee02b8,README.md
joyent/triton-kubernetes,9ff11bed3e72d478e220185db199d64a08c8ca74,README.md
joyent/triton-kubernetes,ac046d071eaad7059ed643bd00876800b047d459,README.md
joyent/triton-kubernetes,b32e91ef97901537a0d50d9d43d55386a17bfac3,README.md
joyent/triton-kubernetes,b8af49c92576b868df45e9921b343e5e5c86a944,README.md
joyent/triton-kubernetes,c051d27f2d4f54719e3b9f09251e17b0c6908ebe,README.md
joyent/triton-kubernetes,c3e621df6a00d52cabcdb0bdea63db860f001cb5,README.md
joyent/triton-kubernetes,c4367ebf948de1ff35ea800579fee4ef8277807d,README.md
joyent/triton-kubernetes,d420fd62b1bbc8b394b06015d6d74d88078d3f70,README.md
joyent/triton-kubernetes,d6225c4545dcce77a229b03117d01de02891842a,README.md
joyent/triton-kubernetes,de726fdf9826b0656dedcf0f83e2b372a4ff1eec,README.md
joyent/triton-kubernetes,de84a6d9beea18bc38afbae90aba1484ce0abf5e,README.md
joyent/triton-kubernetes,e36cf2952f4e90fa5e141d9a1521a50584936db3,README.md
joyent/triton-kubernetes,efec6793e5f0e13ac74b3849836b7a029f3d16b0,README.md
joyent/triton-kubernetes,f77704c65f12a2108b4c83fd2641d08e7749c8c5,README.md
joyent/triton-kubernetes,fb3d203ac49493c7e1d1a6233b4cc8a6e0daae9a,README.md
joyent/triton-kubernetes,fbefb8d1b94ae46f7cf7da739b11954b218e1a45,README.md
laravelio/laravel.io,01e55d41fd6659dadcf5bd79bec5fc2944f8eb8a,README.md
laravelio/laravel.io,033bac68776ff51c52105d1efba55c45916252f1,README.md
laravelio/laravel.io,03b7d0c9c1602250e40d324d7680cbeb9a91e770,readme.md
laravelio/laravel.io,03ddf3d987a0580ba2843683ed0f896d0d29fc54,README.md
laravelio/laravel.io,045142559fee908344e853b8f2f6f507027e1ef1,contributing.md
laravelio/laravel.io,049b35e9430fc77f594df8a649634cae701df02d,README.md
laravelio/laravel.io,049e5fc884442f800c350cbcb53ef997353b8fa8,README.md
laravelio/laravel.io,05503f42b255a614a3b52b07eb52f52d5ef2440e,README.md
laravelio/laravel.io,077c76c6b47698ecb0f004e7babfe4347252c2f0,README.md
laravelio/laravel.io,0b0862da8d79657d2357c8e193673279d976d219,README.md
laravelio/laravel.io,0d2669328cb543db91271f82cc6a1f3c313a5661,README.md
laravelio/laravel.io,0dbce254857626c52230ae1c00a79916da555ccc,readme.md
laravelio/laravel.io,10186685945d1840064a0bf3599cdebbed555aa6,README.md
laravelio/laravel.io,11d2040ac5955c15d32645f0be15f4b08035495c,README.md
laravelio/laravel.io,125b2246a917aeb3ddcb4193812402501908b967,readme.md
laravelio/laravel.io,134e266a6a73956a353916b537888971eaacb659,README.md
laravelio/laravel.io,136eae889d29e5e3cfea2660739ecb7e4690a84d,README.md
laravelio/laravel.io,13e32c0c6c400342901ebccc0d488e4190cebf20,CONTRIBUTING.md
laravelio/laravel.io,13e32c0c6c400342901ebccc0d488e4190cebf20,README.md
laravelio/laravel.io,150b0a4be636576d867bcd5d4c9e612d7f76961a,readme.md
laravelio/laravel.io,151e2449a5cf9df83a8ef3e4ac0ea54d4592ab6e,readme.md
laravelio/laravel.io,1527b4f0ffcc2a0b6548aa5589cf0d6cc6002f2a,README.md
laravelio/laravel.io,15c4ee5d2e7caa46894a5f9799ae2c7d37ca3532,readme.md
laravelio/laravel.io,1647e3f66d1ba16d9db32c19c1ac8c62e30cddbd,README.md
laravelio/laravel.io,17b031695a8af8f90fa1aaa7cec93ca5fd4ac970,README.md
laravelio/laravel.io,17eadd7fc6d6246908ab60236539407eca278298,README.md
laravelio/laravel.io,184cb7c601d46cdcde68425a855242143780e66a,README.md
laravelio/laravel.io,18e735e0e8b7a8d0879ffab61c4834c2e26097cb,README.md
laravelio/laravel.io,1b026714be330d76ce9c604b45ebd6a28ee79d2c,CONTRIBUTING.md
laravelio/laravel.io,1b026714be330d76ce9c604b45ebd6a28ee79d2c,README.md
laravelio/laravel.io,1fa5a28ed58e075d4e8d65500876da38becd26f3,readme.md
laravelio/laravel.io,212b837288f554d28c4c4f0d6b13ec64383bf91a,README.md
laravelio/laravel.io,21514d60854aade508c2a538bc22537819d480fd,README.md
laravelio/laravel.io,2205228e06489aad5902ccd094e848af16de5a8f,README.md
laravelio/laravel.io,226e8c80edc00234c5aae5cd1aeee6f3ef39570d,README.md
laravelio/laravel.io,23bb0a94cf0a21af52cd85320a6d8182ca823baa,README.md
laravelio/laravel.io,2523e18cd26ae2895cb7de2419d775b69e6b4b29,CONTRIBUTING.md
laravelio/laravel.io,2523e18cd26ae2895cb7de2419d775b69e6b4b29,README.md
laravelio/laravel.io,2523e18cd26ae2895cb7de2419d775b69e6b4b29,contributing.md
laravelio/laravel.io,2523e18cd26ae2895cb7de2419d775b69e6b4b29,readme.md
laravelio/laravel.io,25a6e67343bdbb55ff63a987e01fc64c8f3d5aca,README.md
laravelio/laravel.io,27b9c7e3258a441b5a558e11edf5a10059a9b1bd,README.md
laravelio/laravel.io,28b183f6b6d748fee9a7955212e52aeeaac92dbd,readme.md
laravelio/laravel.io,2a6efefb8e0f7152fa3e2e7bc5f448290f2c9750,README.md
laravelio/laravel.io,2b08e84a0a84bb0f9657d5548caaca3978215299,README.md
laravelio/laravel.io,2e21c44baeec878368f08f00fa0cc87bd86f8e03,README.md
laravelio/laravel.io,3160ede792c05eefa6db97de15e085f2cb4302a9,README.md
laravelio/laravel.io,322372ee6d1c0bc9894a8103b1d55aa83982ad81,readme.md
laravelio/laravel.io,336178ed0bb8fe9bbaf1f66546e8f760f00e740d,README.md
laravelio/laravel.io,350e3adbdb4efba326cea660e5645ef47f25fc8b,CONTRIBUTING.md
laravelio/laravel.io,37adb91faec844aeadf834e163c786ee89d870f0,README.md
laravelio/laravel.io,387b3886f6a248f852119ace6a8b936dce57c653,README.md
laravelio/laravel.io,38db022248f8612be4e787db6d276f683336e1ab,README.md
laravelio/laravel.io,39873f07e790abb8fb00f5286fd880844c92441b,CONTRIBUTING.md
laravelio/laravel.io,39873f07e790abb8fb00f5286fd880844c92441b,README.md
laravelio/laravel.io,3aa7a90cfb57ae1259459db36a97adf80c5b6a8b,CONTRIBUTING.md
laravelio/laravel.io,3adef825c2ecb9c54dbb562e0b38ac71fcca8164,readme.md
laravelio/laravel.io,3b3990db5858f124678276917a754a62b4737976,README.md
laravelio/laravel.io,3b9bcd3ae8a0dd1e619799f51937f1853fcd7f9a,README.md
laravelio/laravel.io,3cdd143d998b5bd54276f4d409c3d6a30042abc0,readme.md
laravelio/laravel.io,3da49fab8b9bea25eca92d3e92cfb60cab8c6445,readme.md
laravelio/laravel.io,3ec0398e308d06e8561f4f5c5f96bf44e6703013,README.md
laravelio/laravel.io,401817c456505214ad89a688c69a180c95414c75,readme.md
laravelio/laravel.io,415ff6bf3812aa77897fdd5de03fd20e85efbb73,readme.md
laravelio/laravel.io,42b8f2c25dde8eee1e91c2cb4bc9a5281c720ec3,README.md
laravelio/laravel.io,42c03c618e211577a5142cb3277c5dfcd25ac27b,README.md
laravelio/laravel.io,43dae7554f2ba62e5153ce2291c958cec3696ee1,readme.md
laravelio/laravel.io,44362ef566934468ee036f61111fd0e1572bc24d,README.md
laravelio/laravel.io,46c14cca9332d1bda3082b567ba227f82b84b3ed,README.md
laravelio/laravel.io,4763f33f1d81b8d6e932801ad680b4c343a329f5,readme.md
laravelio/laravel.io,481ad5d8efa51ea530219f1295d295d8520ebb3d,README.md
laravelio/laravel.io,485c9650d7565c03bdd1bce4f11a5004c4da6aee,README.md
laravelio/laravel.io,4912c00901d8a44a519ce97659455c5bd6130bab,readme.md
laravelio/laravel.io,4b8ede788f37d0afb5b8ac02162974267484bd93,readme.md
laravelio/laravel.io,4d75380675c263072c1b713d54780dde5c56e395,README.md
laravelio/laravel.io,4e01a696fabef01a65ea7a34e395272344f5c345,CONTRIBUTING.md
laravelio/laravel.io,4e08b51fb7da5d318d917796ed7439dede08668b,contributing.md
laravelio/laravel.io,4e08b51fb7da5d318d917796ed7439dede08668b,readme.md
laravelio/laravel.io,4f3f590566015659ad0026d87ba88367a4592213,readme.md
laravelio/laravel.io,501357f0cd735455849d19d711c255a3a029cfb7,CONTRIBUTING.md
laravelio/laravel.io,51705ac06e86b8b2eaf566e1d6bf01636bcd00f3,README.md
laravelio/laravel.io,5194f1cf62d9790a89e4d9a3a53dd0cddfee22f7,readme.md
laravelio/laravel.io,53e36ec69130255dcc650467fd10c2b8e16d0408,contributing.md
laravelio/laravel.io,53e36ec69130255dcc650467fd10c2b8e16d0408,readme.md
laravelio/laravel.io,54ee7cd879d572e1f611d36d9d4c54def6d63ff1,README.md
laravelio/laravel.io,58168115834168fa0d003224f860e246b691fbb1,README.md
laravelio/laravel.io,5b2def7201779b0327368d14ed75c0d8647c66b6,CONTRIBUTING.md
laravelio/laravel.io,5b2def7201779b0327368d14ed75c0d8647c66b6,README.md
laravelio/laravel.io,5bc4ae517ba502084be6f747982fbcd5649074ac,README.md
laravelio/laravel.io,5cc628c6f2775adcc9d946be3f27a1466f9096f8,README.md
laravelio/laravel.io,5dbfd78eccf91c91f1bb7b35698c0de0325e8a9a,README.md
laravelio/laravel.io,603c39a10be4315964a72353ca2de374a0f7ad18,README.md
laravelio/laravel.io,604dd6606fda93ace70ea0a58850d0c722936881,readme.md
laravelio/laravel.io,61ac2401b3ec0e91b987f9c59c0b64c5e068cad2,README.md
laravelio/laravel.io,62b4331217c99ef5390bd9e0c3795155f24f4168,readme.md
laravelio/laravel.io,62b77822b21cfddf449d41319f42e97761a1f5b4,README.md
laravelio/laravel.io,634e78b896d09232f22bc57aab47c2966ac04de0,README.md
laravelio/laravel.io,64d10999bc59fbf57de773c966ac88d3826c0d92,README.md
laravelio/laravel.io,67f088a82fc79ba1d54c2fe8969ab5e722e8c4ca,CONTRIBUTING.md
laravelio/laravel.io,6946b4a84ba9828b639e5ad1628a95d1a670a1d8,README.md
laravelio/laravel.io,6946b4a84ba9828b639e5ad1628a95d1a670a1d8,readme.md
laravelio/laravel.io,6a7343a18adf6cc9c48f94be610a37d570db5d61,README.md
laravelio/laravel.io,6e2aab5b76fd4b378f95a01754859805ce0342ff,readme.md
laravelio/laravel.io,6fd69adacbbe2609bbb0dd9d394fc98382bb379a,readme.md
laravelio/laravel.io,702fb4c5f14da242b582f90d8160bd11250e7289,CONTRIBUTING.md
laravelio/laravel.io,7189dc20f1d27ee98d2a98b389377d4286eca41a,readme.md
laravelio/laravel.io,743ea52c0b32569156e2842438c8aaba270a7586,readme.md
laravelio/laravel.io,763f99c8976ac7b4b3e39ebb357c4f82ad4857e3,README.md
laravelio/laravel.io,7649a9fa7fe767ecd8fc73293e943670f6ae6aa0,README.md
laravelio/laravel.io,768e1890946e129e701e21726d3e0e6667dfb1d1,readme.md
laravelio/laravel.io,769156a1f8f42c5a0339f983abe7587553f6029e,readme.md
laravelio/laravel.io,7774e681db6dad329d5e0eb5834e674f00e077cf,readme.md
laravelio/laravel.io,78791173bf499e2199c1c26d8ab6af3aa87a8d1b,README.md
laravelio/laravel.io,7a4b32187bf9c72cd1477ef003b189cdb98adda4,readme.md
laravelio/laravel.io,7a91f1e5f512052c221293d866769b90d72bc967,readme.md
laravelio/laravel.io,7a9bc0d438b28b7acf024fa742291c4692456427,README.md
laravelio/laravel.io,7b531a3b11a2733c0f254d2efd3a01d926ac3e9b,README.md
laravelio/laravel.io,7cbe3c5070bc87aa408a2e1fdb8451f2683cdcf8,CONTRIBUTING.md
laravelio/laravel.io,7cbe3c5070bc87aa408a2e1fdb8451f2683cdcf8,readme.md
laravelio/laravel.io,7e791c50002ae1f68ac16996bbf55f385fc4c1db,README.md
laravelio/laravel.io,82448f286910244d02d9d7fb1945385ca2203afd,README.md
laravelio/laravel.io,825fc7d9310fd5efaff107e78d93845355850b21,README.md
laravelio/laravel.io,82df9fffe2e142222c5b4c257141520daac9d31a,README.md
laravelio/laravel.io,85c6a45b859c869a7fac107d00813e422ba4fe2a,README.md
laravelio/laravel.io,87dea1aefb3eb2db9a673cff53fc5743cab453d5,README.md
laravelio/laravel.io,8903b5e1ed84ca8f8a42ba45d225fb68c15134fd,README.md
laravelio/laravel.io,896d9c1519bc25614c6f83fdffac372144b4e6d1,README.md
laravelio/laravel.io,8a6df7b3da93604987bbe674cc121bffc5cb4c09,readme.md
laravelio/laravel.io,8b784f4414f572b5ef9067a774c714bfade84131,readme.md
laravelio/laravel.io,8ca508d5570b70d64f22dc83095d97858679d397,README.md
laravelio/laravel.io,8e431e1832c515fa75411eb6545493464d906f94,README.md
laravelio/laravel.io,8ea6ec327c27b6df14b326eb2483043cc803eb13,README.md
laravelio/laravel.io,8f6211a72aa5e4c7f9684bc54b8f85faaf293336,README.md
laravelio/laravel.io,8fcb101c0b86ce112cbb7d75b0e87b43d7af73e4,README.md
laravelio/laravel.io,92ec5435ace9f619af094cee95be774e3283cd92,CONTRIBUTING.md
laravelio/laravel.io,92ec5435ace9f619af094cee95be774e3283cd92,README.md
laravelio/laravel.io,946baf9ffd9c72c3017087c7b5c86136b7762c44,README.md
laravelio/laravel.io,958b50628a47645d85e04eda11b19b00c72305cf,README.md
laravelio/laravel.io,96019fc7a30a82785ec893bf5b8c63356dcd4ace,readme.md
laravelio/laravel.io,982b8c74425ac2ae62562d0f26b0da07e52b6d46,README.md
laravelio/laravel.io,987a3eb7974281d2b3428e7381d74aa9e6938806,CONTRIBUTING.md
laravelio/laravel.io,991d46a7daf6aa5d5f884793391388869cc993f9,README.md
laravelio/laravel.io,9995b6ab95ee20f5bac49447204b64dc15bc1241,contributing.md
laravelio/laravel.io,9995b6ab95ee20f5bac49447204b64dc15bc1241,readme.md
laravelio/laravel.io,9be6af97d81f9e464eeec1e60c113a6ee835e764,readme.md
laravelio/laravel.io,9c2acfb1f4370bc026100367ff4ede63815411c1,contributing.md
laravelio/laravel.io,9c2acfb1f4370bc026100367ff4ede63815411c1,readme.md
laravelio/laravel.io,9d6be5b5216d023d3f8324d9da100ffb7eaf45d9,readme.md
laravelio/laravel.io,9ddc81ec50fdbf7d3ec44e8da40abdc424d06eab,README.md
laravelio/laravel.io,a198583278bf9dd1e1103b064d5f09945532949f,README.md
laravelio/laravel.io,a20787cfbe6a67fbde7dccddc1d60d8914eb7e2e,README.md
laravelio/laravel.io,a273ad40c8aa2dbae53a4dae799b5735bf46d38c,contributing.md
laravelio/laravel.io,a273ad40c8aa2dbae53a4dae799b5735bf46d38c,readme.md
laravelio/laravel.io,a34877a0471319bfb70ff8491e2ee6f74b0a8bfa,README.md
laravelio/laravel.io,a4a82876187b89973249dcdca4fb880c2051ead7,README.md
laravelio/laravel.io,a5269da0638fd0b8bc84cb93ff44a6caec2f53da,readme.md
laravelio/laravel.io,a69e8e2c22f434c3980a4e077ad91c726fc865c6,README.md
laravelio/laravel.io,a77f548e9e7595c79c3f5dbf06e4c4f69c81f1ba,contributing.md
laravelio/laravel.io,a77f548e9e7595c79c3f5dbf06e4c4f69c81f1ba,readme.md
laravelio/laravel.io,a79178d4fb7f40a66738e9265a998640bba8516a,README.md
laravelio/laravel.io,a7e091e2a882df03b43025db0a905b90b3e3224f,README.md
laravelio/laravel.io,a8c177039c84978c40c5b0309798adba38da3532,README.md
laravelio/laravel.io,aa48f8e723fde944415d45d3254b69480e5e13b8,README.md
laravelio/laravel.io,abf32034a63f7b2cffd052ad1b359c69e63af31a,readme.md
laravelio/laravel.io,ac53a2cdeba5f3fa5de0a133ee4eb0dd8533278a,README.md
laravelio/laravel.io,ad4a01e233e1f5d0fbc187df64f80e93c6b21e0d,README.md
laravelio/laravel.io,aeff4ea49583507a8875552a0b5460b6cce9cc57,README.md
laravelio/laravel.io,af3f8799f902e35be712e802b66851111f62b22c,README.md
laravelio/laravel.io,b037d27161f08a1e3d09a516485b8093a8383957,readme.md
laravelio/laravel.io,b0ba721a6159508c2a9a02fdc17e8ca204383ffe,README.md
laravelio/laravel.io,b0e89ffeee5990874f54dbd4a1211153bafb89db,readme.md
laravelio/laravel.io,b166aed7b5153628e2dd69fa54021c096f3043be,README.md
laravelio/laravel.io,b1b073811bc6d2bb2a651aa2e0a401acdaf5e859,README.md
laravelio/laravel.io,b382bc7a7ccb2c334b882db2a8c95bdbdba54a3b,README.md
laravelio/laravel.io,b4b7ab69309a37eb4e1bd4a436e51aaef1e4d31d,CONTRIBUTING.md
laravelio/laravel.io,b4b7ab69309a37eb4e1bd4a436e51aaef1e4d31d,README.md
laravelio/laravel.io,b4d1d24504b91f38a5ac62ecbfba8da612c874cb,README.md
laravelio/laravel.io,b50e6a1adc188b29c34eed18c03cbca7deb3a504,README.md
laravelio/laravel.io,b54aa64c40f711b913096df25972d208677a2e75,README.md
laravelio/laravel.io,b7bcad89dcda6ddeca6800da34639c77b43ced18,README.md
laravelio/laravel.io,b86ed7378012ff6c41cd005a5e1425b30638e78e,README.md
laravelio/laravel.io,b9fbad5144190c349feed7636e84908343602a04,README.md
laravelio/laravel.io,bc0bd4332aa2ba38f71f2b4e80b922480c95c84e,readme.md
laravelio/laravel.io,bc4a5a6b8c80f34c478d8c6cf598c9bb8519ef35,README.md
laravelio/laravel.io,bddd118bdbe3a52a79d632e6c0c286536a97a0f4,README.md
laravelio/laravel.io,bdfb4516b664c4f84d674809f728b389f22930f4,README.md
laravelio/laravel.io,bfb8c3f75a7c1f164f94bbaebee8552ced6bd135,readme.md
laravelio/laravel.io,c1ba0cb5cbeaeb071fbbb8fdfa7da12985ace611,README.md
laravelio/laravel.io,c1c69123d07ca64828175029d768ed09578adb19,README.md
laravelio/laravel.io,c1cb1df9429cbdfea8b58820ed6b9c4a0944dd8d,README.md
laravelio/laravel.io,c21982dd29e332384217f4f8354176e6cb21c3fa,README.md
laravelio/laravel.io,c37c33dfcdfa5e41da9b68646051c81ed21b8cf2,readme.md
laravelio/laravel.io,c7a994a12e2bf496814d933a67db926a655525d0,README.md
laravelio/laravel.io,c7da970badeb51993b24f567dff23d381e53b9fa,README.md
laravelio/laravel.io,cbba0df46c10a6e9c31ce24490f6e2d1e5fa85e6,readme.md
laravelio/laravel.io,ccae7dbddf6fce1f6a5ec1ff510c5b29129911c8,README.md
laravelio/laravel.io,cd89b932eca5b7763bb557ab20f5c16a2ae57647,README.md
laravelio/laravel.io,ceebd2c68c0fc4e0d411b1894b05c3ee298fe820,README.md
laravelio/laravel.io,cf3fd2fdd8251dd444f6e60aba44cdf6e1f9fea6,README.md
laravelio/laravel.io,cf9b9fdd9a122fa92393e9406169222f9fc7eddf,CONTRIBUTING.md
laravelio/laravel.io,cf9b9fdd9a122fa92393e9406169222f9fc7eddf,README.md
laravelio/laravel.io,d1094eff17b4424ef45d98514a7edac6ec619b92,readme.md
laravelio/laravel.io,d183940c1a30fab0e2eb9f377bdd757db2c72793,CONTRIBUTING.md
laravelio/laravel.io,d1e5759980a1710144dd30bea2e22539b8bd128d,README.md
laravelio/laravel.io,d2368d09f5c3f9abefd128d9d7dfc7a838703bf7,readme.md
laravelio/laravel.io,d2d05cbd6f1c1febd7e3d0f577ebbbaab100b47e,readme.md
laravelio/laravel.io,d410916d43642d0daff1db863b8b145af53a72c9,readme.md
laravelio/laravel.io,d523b64e153fb3cb08760c6b4cd16ff006f45e0b,README.md
laravelio/laravel.io,d531520c9848b5bffcfa5bfc17d472aa67c26e96,README.md
laravelio/laravel.io,d7cb172910082ed7682647353c26d18e50dbc4d0,contributing.md
laravelio/laravel.io,d7cb172910082ed7682647353c26d18e50dbc4d0,readme.md
laravelio/laravel.io,d84a359fb9ae45450757fd3b19d37dc91ca45522,readme.md
laravelio/laravel.io,d898cd5fe512fc7fbb4af9b912f7582f722081a8,CONTRIBUTING.md
laravelio/laravel.io,d898cd5fe512fc7fbb4af9b912f7582f722081a8,README.md
laravelio/laravel.io,d8d1ba76edd14d618aabcaec186a8f5e1e237612,readme.md
laravelio/laravel.io,da240465863a4d7306cb7da19b25a023b4d1cce9,readme.md
laravelio/laravel.io,da33661ef64f864aad6ffe7232549da850ae7310,README.md
laravelio/laravel.io,da3c82b945948a413e876f27ba3a3c46132e4d62,README.md
laravelio/laravel.io,da613b45047d06498ab23b8c6d7a2079f7f51e5c,README.md
laravelio/laravel.io,dafe62b789816d74f693e62e8eaa9c1beca35b9f,README.md
laravelio/laravel.io,db18cb45817d649b28893824959804c4b75cd513,readme.md
laravelio/laravel.io,db5cd7891a18dd1724b0a38da159b15d6e109312,readme.md
laravelio/laravel.io,dbfed85c828efd36f81ead62769d402cde9e9269,CONTRIBUTING.md
laravelio/laravel.io,dbfed85c828efd36f81ead62769d402cde9e9269,README.md
laravelio/laravel.io,dc328c03f84a0e6b874fd5d9fad6b8c18723dbaa,readme.md
laravelio/laravel.io,dc7c04b7436f7793401bd9c650fc00e9ec92ef6b,README.md
laravelio/laravel.io,dd8f6ee9f419c5f4b05a2fd3019f058b03c0edae,README.md
laravelio/laravel.io,de2fba31f5d7fa286dcf14e8037822eca6ca1bfd,README.md
laravelio/laravel.io,df0e1846fc0e6c0df60dbe5c8c8a84ab406c273f,README.md
laravelio/laravel.io,df84a2d07557154736876197c0aca30d1f208e4a,CONTRIBUTING.md
laravelio/laravel.io,e113812aa6e86a05f39dbd5f080c4a5e2011c2b1,README.md
laravelio/laravel.io,e1abbc6f1da65a0b53c4273800d4bf39c27e0db1,readme.md
laravelio/laravel.io,e3a46faf0e208328173496f62bde3a41eff0d27d,CONTRIBUTING.md
laravelio/laravel.io,e3a46faf0e208328173496f62bde3a41eff0d27d,README.md
laravelio/laravel.io,e47f16850cd19487c6965c20fa0f49110a9f41f8,contributing.md
laravelio/laravel.io,e5428cd48476d19136842381e2d4127b7cbea0c5,readme.md
laravelio/laravel.io,e6110e80dc933c09ff908c869708fadd1aa65c05,README.md
laravelio/laravel.io,e7066e0f8373819ee6e8f03ba66942f3e5507e94,contributing.md
laravelio/laravel.io,e96708da558f731244a8e377b4fc7dcfe9f211da,readme.md
laravelio/laravel.io,e974d2ca27d019c178128e5f4f8fac0a44b25f0e,README.md
laravelio/laravel.io,ea0924feaf295b270452f08ad710f1387553b243,README.md
laravelio/laravel.io,eb58be3e3e412832ccd53479438b11f0221cfbeb,README.md
laravelio/laravel.io,eba673f87bfa004dbe6db92330c742abee81db50,readme.md
laravelio/laravel.io,ebd66a2001cb686e3a31b0f029e8202658dd4aef,README.md
laravelio/laravel.io,ebdacb2278344ab50832cb2c1ca1ef93c12fd710,readme.md
laravelio/laravel.io,ec076d39f367ef5b1310a79405723f8eede3a33b,readme.md
laravelio/laravel.io,ed1f45332ca18cfa68eff4ce3468c356cdf33310,README.md
laravelio/laravel.io,eda00bf92691afaf426da31a7ed91b57210b2c8f,CONTRIBUTING.md
laravelio/laravel.io,eda00bf92691afaf426da31a7ed91b57210b2c8f,README.md
laravelio/laravel.io,ee0dc12b0ba9bee01f57c9a7e57cc560577076e8,CONTRIBUTING.md
laravelio/laravel.io,ee0dc12b0ba9bee01f57c9a7e57cc560577076e8,README.md
laravelio/laravel.io,eea22099f3648235ca9e7178266370644cc28e50,README.md
laravelio/laravel.io,ef26fb0213bba9ad53ce2e94eef08a0c4aa00d26,README.md
laravelio/laravel.io,f02967a51a1f3115af24e94b875559f87403f800,README.md
laravelio/laravel.io,f063ec803cf3943a1b551c1152434f456de33251,README.md
laravelio/laravel.io,f3729ba1fa83f923068b8d9f6d3183670f61e70f,README.md
laravelio/laravel.io,f4970adb80aa953dbde145dfecad5104b3691401,README.md
laravelio/laravel.io,f55aef7f4a8e0dafab1a9fd06cd701a1c1a43f38,readme.md
laravelio/laravel.io,f582a71985b0814be9e56211c1fc8263fb714d08,README.md
laravelio/laravel.io,f6dc582cd4e052da4d3ad534999a6cba18b79d38,README.md
laravelio/laravel.io,f701810626915c2f1e9563ef8326d0852d41d6d4,README.md
laravelio/laravel.io,f789d0db7a7da3292c7e6cab2be0cceebaaf3964,README.md
laravelio/laravel.io,fa1b0a8cdb07a93a4892db7d2e8890fb6af1fc18,README.md
laravelio/laravel.io,fa6e1ba84d9adf2eb851f9ca0f64340110d7b186,README.md
laravelio/laravel.io,fabebe42475358186937d42d33e08163d6112a24,README.md
laravelio/laravel.io,fb3d4aac6589908b0704344012166efa47999050,CONTRIBUTING.md
laravelio/laravel.io,fb3d4aac6589908b0704344012166efa47999050,README.md
laravelio/laravel.io,fb93a3b9488c0c9a8549f390eac6b612a7e50d92,README.md
laravelio/laravel.io,fcb2713cee0b76bff82ce32bd3c4b0deb6c0df1c,README.md
laravelio/laravel.io,fd8cce9fd2ecb54ec59b9c3ff301f03dcc1f801a,README.md
laravelio/laravel.io,fea9f36af9e25c7e4297bbeb3dbecadd7048b9f3,README.md
laravelio/laravel.io,ffbe987ba5a9f9ca7202b77e9e933a9c22ed9890,README.md
layoutBox/PinLayout,06ff55c37bc37d2197fa4a16f947689000048b38,README.md
layoutBox/PinLayout,0b1aa9aa7734a9b3e8ddb693ddde6c25ef5b0149,README.md
layoutBox/PinLayout,0ca2657643d14661d8903922862997af7580a83c,README.md
layoutBox/PinLayout,0eca18b9d4829e9aefd8a20c1f53b213af6b3830,README.md
layoutBox/PinLayout,1093448c98d293058b56a6299374cc6d4be963c0,README.md
layoutBox/PinLayout,10a015ae84032c2047371ce35783e0f9cb56aba0,README.md
layoutBox/PinLayout,10c8f5412f7702534433decd7749e8b21c166ee2,README.md
layoutBox/PinLayout,12e1a9eed8bfe69e795158c71fc807e505a5ee30,README.md
layoutBox/PinLayout,140889be82416a44b245bdf2f0eedac9332d3163,README.md
layoutBox/PinLayout,142acdf5bf3de3fc5ee4bf9149414bb2358c8b9b,README.md
layoutBox/PinLayout,14ac038cf2622b418ddcae06caeff5c1b268eca4,README.md
layoutBox/PinLayout,14dca95b02e46ddb9ebbb99c3677f66cf79a9250,README.md
layoutBox/PinLayout,174137d2569310a60b4b676b0647cd1e70f11024,README.md
layoutBox/PinLayout,177f9f78de7325567e90e56522730d3adb479f65,README.md
layoutBox/PinLayout,17995f998a266a8d98bd8f9e5d979512f3b96438,README.md
layoutBox/PinLayout,17b52862d682451055fe524a91a51c30954df59c,README.md
layoutBox/PinLayout,1a3b54c8e0bf6d9e730faa220e4296f8385abfdd,README.md
layoutBox/PinLayout,1ac08e252b0519f76498dbb48ac8c820e247034f,README.md
layoutBox/PinLayout,1c7bde9dc89ddd2f910fea381b5889e646cfd411,README.md
layoutBox/PinLayout,1c7f806e8b71986ba88b5282f428a7faab05dce2,README.md
layoutBox/PinLayout,1cb2b238c1b20d9bf5a8133fbe79a1752fa20af3,README.md
layoutBox/PinLayout,20599d4280690dc85eb000a1282a7dc762557364,README.md
layoutBox/PinLayout,21a657a64bbcf1921b0740342bccd79a16001815,README.md
layoutBox/PinLayout,2223674305c03f59e84cdae0da1035db946612b4,README.md
layoutBox/PinLayout,24053295b19bb0eae12120645c816660d3eaee94,README.md
layoutBox/PinLayout,2794f1596400e16e9aec2b8cc96c6707dabb625f,README.md
layoutBox/PinLayout,27b4487c8e58d198b5624d69188493777fdd1e87,README.md
layoutBox/PinLayout,29260043dbb10d0a0b967889c6e9328ddd3fe1c5,README.md
layoutBox/PinLayout,2942318540d5db48b81bfe20fd80086e6bba2854,README.md
layoutBox/PinLayout,2a4b292ae6ae632b19107013c3ecccd2574fb01a,README.md
layoutBox/PinLayout,2a760125d2aa869fa6f91fc66746bd0b5e11df51,README.md
layoutBox/PinLayout,2b355c0ccd85fafc91f438df301563de2511a8d0,README.md
layoutBox/PinLayout,2de27085f715c578f131c343632cbc4ed60e0b91,README.md
layoutBox/PinLayout,2efd88e1b3e79a6051ae7078a6bf08220142e1ad,README.md
layoutBox/PinLayout,3014c0677ba7259089359db9fb0a53d44bbec131,README.md
layoutBox/PinLayout,3066f76d0fae8c0f4e3ca00a31b8a219b8e79e4f,README.md
layoutBox/PinLayout,3570ec608cac04be61dc1eac2e2f0265fb7fdb43,README.md
layoutBox/PinLayout,37c8c77d1030d616de4faa196922d550b3938d3d,README.md
layoutBox/PinLayout,3849904675d3e05286739d9bee19f437426ae8eb,README.md
layoutBox/PinLayout,384c5c19a1375b35d69f3e5096241879df1a47e0,README.md
layoutBox/PinLayout,3a49bff32e46d4ef78ef36f5b401e9869ce4e0ce,README.md
layoutBox/PinLayout,3bc5d3e8cd8c4103afd8e7da6c6db37bbcd5485f,README.md
layoutBox/PinLayout,3bd37b34f7bad6974f9888d9f9ee6d0a87b1f537,README.md
layoutBox/PinLayout,41fa993633985363eeaa849643175af2609a5a71,README.md
layoutBox/PinLayout,421849e10fe333e4b55beab846c1c5b64af922a2,README.md
layoutBox/PinLayout,424847a517ee0011d8904ff0837882b798dc7d24,README.md
layoutBox/PinLayout,42496f2da43aa286b14b8560f5cf267f5ff0a213,README.md
layoutBox/PinLayout,42770e87a9e8f6e8420c4aabf2bda248208f0d0d,README.md
layoutBox/PinLayout,428b8854559efe680e1faf5817a769e54ba85f82,README.md
layoutBox/PinLayout,45874ba2e4ff76854b37bf42126524d1435abb7f,README.md
layoutBox/PinLayout,47299e0d6486b4992d78cf47ddb2d8e16bf20996,README.md
layoutBox/PinLayout,4834045484e98381ec41e0e3a27cc2024b5ce0dd,README.md
layoutBox/PinLayout,4964630ee63b9a160e90831c0a929a7972409953,README.md
layoutBox/PinLayout,4968f0e711038766c01b158f282ab9018dafebb3,README.md
layoutBox/PinLayout,4987499779ebf504d669617071fa3c1c2e7a08af,README.md
layoutBox/PinLayout,49e6e148c7baaf2840fc97261d3a992c3b2fdba8,README.md
layoutBox/PinLayout,4addf1e41a3ef381740d58199ac9e5cc3239fbbb,README.md
layoutBox/PinLayout,4b3bb9ef8c8506920f6545bfc91d68ad7557b193,README.md
layoutBox/PinLayout,4c6ea126dddabe14505dc89d44ca6d6c7f813199,README.md
layoutBox/PinLayout,4f66c2bf2386b8d27f07e7c323bc0cff5452d96b,README.md
layoutBox/PinLayout,50793a59f26d59aed2457bf65799b5e29f6ec427,README.md
layoutBox/PinLayout,5170a2f468fe1011e0eb31a0ca288320b9217b32,README.md
layoutBox/PinLayout,537b45395245d2fbd9e3ca7dda89c0ca21e78c67,README.md
layoutBox/PinLayout,53f1212765d63930ba4adb141e32bccaec8640b0,README.md
layoutBox/PinLayout,54b4f9033831facd1aa155b03667b112e3c34fa0,README.md
layoutBox/PinLayout,54f7c32a604a22d40291eb0a508a79f1eb9ea322,README.md
layoutBox/PinLayout,56422271c26fc9652300135b6dd30023154aae46,README.md
layoutBox/PinLayout,5735864252ffb1c4123a4b7ed6ce66946cfede9e,README.md
layoutBox/PinLayout,5820bea5c7e9a3842098c8adfcc3524df446dd10,README.md
layoutBox/PinLayout,582af718cf730c4beba4f6fabfe053e56d3cfef4,README.md
layoutBox/PinLayout,5943e30dec63e7aa2113c44c3b9c142b1a9072ad,README.md
layoutBox/PinLayout,59c572cbe38616948a909e5cd5b9032602a0c11d,README.md
layoutBox/PinLayout,59f33033ff9e9a98c730ae8cb86c0dbaf6f0e781,README.md
layoutBox/PinLayout,5a0c258af2db7f3a21205a3efbf160423cf55718,README.md
layoutBox/PinLayout,5a3fe9a39b7ae6a1e3826b67f8612526b0ea86c2,README.md
layoutBox/PinLayout,5c6fd330dde3fc921ec70ad8ec4e9aea400dceb4,README.md
layoutBox/PinLayout,5d9dd5778a170e7f0043db42cfc7ec5517d936e4,README.md
layoutBox/PinLayout,5ea966d0fd278a9221ac782dc09a8ccadd2f9b4f,README.md
layoutBox/PinLayout,6013e9465acfcfe56d50c0ff5d9eeb499c21c342,README.md
layoutBox/PinLayout,61d6dedf8fc7a45a400eda90526406399f9cab5d,README.md
layoutBox/PinLayout,63fc8ef74cf9b6483859289631140bd2c79b5f71,README.md
layoutBox/PinLayout,66d9ae90c721b9c18e7b9c625e92cfa4ba0e44ab,README.md
layoutBox/PinLayout,688b9d188ab5fc4fe73551da81a8090be7333174,README.md
layoutBox/PinLayout,692b404aff3a885fde6da612f727d4e464b50209,README.md
layoutBox/PinLayout,69cd46cd6885f104f9d7d064d90e95c43e80ebdf,README.md
layoutBox/PinLayout,6addbcd0f6925d2934005d217340afbf93d5da39,README.md
layoutBox/PinLayout,6b12418bb12fcc66463300691fc6488c51f01a02,README.md
layoutBox/PinLayout,6b4d802863decdb600a69751a512228683153d1e,README.md
layoutBox/PinLayout,6b67baecba36348edf45bc1ccaa7dcbd400b9a4f,README.md
layoutBox/PinLayout,6b980692a83c0c588c670e5f2b50ebf0cfdb2180,README.md
layoutBox/PinLayout,6c019fac42fdc062f35915136998e9da097f9493,README.md
layoutBox/PinLayout,6db3cc14c6b1bfe76ff44fc8a4b73cc0f531d481,README.md
layoutBox/PinLayout,6ea4f259d6826f814fe44a0598f0a2ff7d187112,README.md
layoutBox/PinLayout,6ee9ad53ca93a1fa4094b3ef68fe84353f81f6cd,README.md
layoutBox/PinLayout,6fddbebe5054e2a7e380ad76f5a1a3ad245f791e,README.md
layoutBox/PinLayout,703f262c0068bb3ed463fa8758c996080d134066,README.md
layoutBox/PinLayout,708c1d6d37165bf77a148d9f7674ecf241897ac1,README.md
layoutBox/PinLayout,709cc3bd49a1a5e9770b524fc80df6da007472a4,README.md
layoutBox/PinLayout,7303358ec9d779577dd29132bafa857d13a28983,README.md
layoutBox/PinLayout,736be63d674c8fc2ba875a80a0e7241d2b008dc6,README.md
layoutBox/PinLayout,75ef76910338f6ecef2a159716ed0368b0e6df9b,README.md
layoutBox/PinLayout,7680c24a76596f93f4bb3463de6b09a03cda948c,README.md
layoutBox/PinLayout,777832dbe3e26590c56957ac984544f341f6ca61,README.md
layoutBox/PinLayout,78f90bd811dd941cedc3a50c233046a230d15bac,README.md
layoutBox/PinLayout,7c69d03d83f77284096d934527090a7283396ad4,README.md
layoutBox/PinLayout,7ca6533ba7be5b8b8bb0f3942c70eb1a6a4a3b85,README.md
layoutBox/PinLayout,7e4bd1b88cda8fba843dc657c85e54d5bc262bea,README.md
layoutBox/PinLayout,7f73dfdbe841fd862f14834b06ffecd7789fffa2,README.md
layoutBox/PinLayout,7fee167e4bbd83a93d4834ff0e4e3887f85765d6,README.md
layoutBox/PinLayout,8026439e7e4f3a681d8544e3ff9b4e0c00d29065,README.md
layoutBox/PinLayout,80da6d2d5dc6f8ad40d2cb8a71184562f05a1e65,README.md
layoutBox/PinLayout,81726976aebe3a4b900dd12090b94dfba5cfa227,README.md
layoutBox/PinLayout,82904a609dafc78c1d13519e8299796fe320bde3,README.md
layoutBox/PinLayout,83d420d75c5cf7c1d5de195d76b43de09d26e58d,README.md
layoutBox/PinLayout,8667180eb3bfddc9c35345d438a0884907974bf7,README.md
layoutBox/PinLayout,883897f7df79a3fc41d410056cd7477322bd6f80,README.md
layoutBox/PinLayout,890aba9b6006a03262bff1462b7b15e5a7900b7a,README.md
layoutBox/PinLayout,8911cb9b4bf9030bb570978e5111f68b6be9d5ab,README.md
layoutBox/PinLayout,8b56e2058394b5bde90d4bdae0e99f4bc6bab960,README.md
layoutBox/PinLayout,8d428bea105e66f8caf77aab779d20b9fbb0582a,README.md
layoutBox/PinLayout,8dbf46b5140978ea4aea7309138be13ae6a3a9af,README.md
layoutBox/PinLayout,8dcded9ea4c682f4d77b14127c2935a976e4af12,README.md
layoutBox/PinLayout,8f6e239751a3572aa02e21059b74ad148d96d4aa,README.md
layoutBox/PinLayout,91156cd0bbab46f5bbe505d10c1cd42d7ce70dc5,README.md
layoutBox/PinLayout,92785c05d7902232d8d7a2a10a4fc600e00785cb,README.md
layoutBox/PinLayout,9329be3de8f1a930f33bcb4067b5bd3ab712333d,README.md
layoutBox/PinLayout,93c54cb447c51a34b136efd46a902f0b0672952d,README.md
layoutBox/PinLayout,94d7efacb08d5129ceef666ab6ff38fdd4a230d2,README.md
layoutBox/PinLayout,960b340c896fb0c3475f0be62b9fd46a9aecc4a0,README.md
layoutBox/PinLayout,9627c6bbeb1c28cd72727b16b1eff95f1ff1ff41,README.md
layoutBox/PinLayout,976f3420a6a9b1aa24f014d35c7aa764862601b8,README.md
layoutBox/PinLayout,982f292bfd23f0a8957c2dca8e1367aae436b2fe,README.md
layoutBox/PinLayout,993e9bc4458c14564e777adaaeb20d328906b227,README.md
layoutBox/PinLayout,99feefefdd30472ae07b8d8c94fc2fb3e5f39b9f,README.md
layoutBox/PinLayout,9bbedaa41565f6494f398b6f0b70befb94b085c6,README.md
layoutBox/PinLayout,9de5363fe23b5639938ad407f94e983937d254cf,README.md
layoutBox/PinLayout,9ef52ecf10e237554a6fc933df095204cbedabf1,README.md
layoutBox/PinLayout,a050b201137398afd78b8b93c08b6c73ae4956c3,README.md
layoutBox/PinLayout,a0dc8793b9b5d2b2b19d917ff187a40454d2c8e4,README.md
layoutBox/PinLayout,a1f28693831852decdf79be8e2ffd1bd2534d67b,README.md
layoutBox/PinLayout,a2edab38659c4b822597939c61944715750fb028,README.md
layoutBox/PinLayout,a31e9f5d76c8ff9e75616cd7a67a6a561e4307f8,README.md
layoutBox/PinLayout,a46d351c951427257d6b0235e6a24f42d05fda78,README.md
layoutBox/PinLayout,a5028b0916c337f72e6f41b0db5dcec0be0797ec,README.md
layoutBox/PinLayout,a6be1e14f5cc52c771ec45bf87760ffb7653cbf3,README.md
layoutBox/PinLayout,a6cdb03a64c5731f715fbfe28022c25cb496b7d7,README.md
layoutBox/PinLayout,a729350d9eef0135aeb284c11b4b34e2a30728f5,README.md
layoutBox/PinLayout,a7dcfb57b4aef68bfdfad31ae3c1f213c8bc3028,README.md
layoutBox/PinLayout,a7e5821484c9d73edee3090fac6a41a425b952a1,README.md
layoutBox/PinLayout,a8805d312491e54b8f95c948248ba2f2e45dcc6c,README.md
layoutBox/PinLayout,aa38830f999d4e256c521a21e75fb915be8a15c0,README.md
layoutBox/PinLayout,ac250f9d93b690d1828e217ec242020c862e2ccb,README.md
layoutBox/PinLayout,add1e33741a7bf2368f0ffe52a1220d6cf846a8c,README.md
layoutBox/PinLayout,af36127a3776d1f1ee13967f304556c1d4ff1c0c,README.md
layoutBox/PinLayout,af7633d03d07a697234b13de98409b742e6a3421,README.md
layoutBox/PinLayout,afa0d341a986fc61a94cc795b7d1329c9c4fe591,README.md
layoutBox/PinLayout,afe1aae516be4bce9bbf756a48994df97c9226d3,README.md
layoutBox/PinLayout,b04a1adae3434ac36bd7aaef1606ae6cfea363a7,README.md
layoutBox/PinLayout,b0f5ae2032fb32a8de594af4806de30c2633ec09,README.md
layoutBox/PinLayout,b10eee61e6a35c7abef032b0ab3712627fa6a852,README.md
layoutBox/PinLayout,b2434b5e1d86f6cb5c90df847c07e7a508e46c9f,README.md
layoutBox/PinLayout,b30475c83e764f278ba5b39ae430b8291a2e9991,README.md
layoutBox/PinLayout,b40beb730c84dcf9ec9c4fecd5281bbd9d466951,README.md
layoutBox/PinLayout,b44e3c8891a75fc711d85b86c03fed582d6c6ca5,README.md
layoutBox/PinLayout,b4929ba142b98f8eae75332418495185e7c0cccf,README.md
layoutBox/PinLayout,b58028a263316efc8662fa822c61c7374e03ba9b,README.md
layoutBox/PinLayout,b7008c4a6dcd6756b1c8735805c437dd691ae391,README.md
layoutBox/PinLayout,b702f192480a1c642aece1d540eee1856a18fb18,README.md
layoutBox/PinLayout,b76d287f4e1c85b392037d4adbd14db85b0c4fe8,README.md
layoutBox/PinLayout,b7f41da757acf6b2af3d476923471e95cc6d02ff,README.md
layoutBox/PinLayout,b858775bad80c424a7d1c945de6d96bce8397cbb,README.md
layoutBox/PinLayout,bb88862a18be138a2fabb9e8c4ce5e0122d3db21,README.md
layoutBox/PinLayout,bbdf47da9eab3a2d1ce5113d8900915d2afb4cb1,README.md
layoutBox/PinLayout,bcbc6e3a8179377020bfb4c7ef7736c2078c855f,README.md
layoutBox/PinLayout,be1fdffdbcca48587234bd75b775eb62be428cd7,README.md
layoutBox/PinLayout,bff87b8c529ca11d037ea7cf5b5acb6484a6c5ee,README.md
layoutBox/PinLayout,c274081f6e8fd77a0211dd1fb54189b53ef06dc0,README.md
layoutBox/PinLayout,c3e2267f513894004e66fdbfb7566aef96263efa,README.md
layoutBox/PinLayout,c4093631ef5bd18f319d3e53593e1aa78f877359,README.md
layoutBox/PinLayout,c410c4f6c3f22f8c385ad2705602b019b0fbdd07,README.md
layoutBox/PinLayout,c4bb045f8b22f187ba94b05e0e748b007c425884,README.md
layoutBox/PinLayout,c5abf56192d64030cd0903b4509f318a4a42b878,README.md
layoutBox/PinLayout,c66a5d9f30fd5b4a1c9915ab0f05c4f8325de6a4,README.md
layoutBox/PinLayout,c88a81b50aa37de0765e6f10cbe420cb938b0be9,README.md
layoutBox/PinLayout,c88f97d2a3b07dcfaa31b787001ced18c35e3c5c,README.md
layoutBox/PinLayout,c8f590fed6069af72befdefd666f8b9b5fd865b0,README.md
layoutBox/PinLayout,c97e875f0a2cff0e343fa279072ce1ccfabc8dae,README.md
layoutBox/PinLayout,c9a863c764923a8ad871124c7f08fec7a95a4e71,README.md
layoutBox/PinLayout,c9d7b023fb1b616fcd410fad5186e59d34465395,README.md
layoutBox/PinLayout,cc35ece02f6b4716de989cc80db73c85aaf04722,README.md
layoutBox/PinLayout,cc65eac29ab3741ff6f742ebc0185ce487856c6c,README.md
layoutBox/PinLayout,cf7c78634d4b0e6bd83644bfbed6bc7ca14c0c58,README.md
layoutBox/PinLayout,d00621c35984d941c63d1de0577f365256638418,README.md
layoutBox/PinLayout,d1308094dcdfcc6b19fbadb35790beb1c96f7615,README.md
layoutBox/PinLayout,d159c37f5192263e0941d4806052dbbc31d1d0b2,README.md
layoutBox/PinLayout,d18a6ee32dc0153fe8f5815e50e292d5803b332e,README.md
layoutBox/PinLayout,d1c95f286fc81c6e00d7a3ba41c25f70f3961b2c,README.md
layoutBox/PinLayout,d36abc05c94d44a4d900acdb26229da9a88e6a38,README.md
layoutBox/PinLayout,d3faa7fe8500c726474e020253a708aaad8c4f8b,README.md
layoutBox/PinLayout,d57113bc54260d14aff967b2f0266e38b10be3f6,README.md
layoutBox/PinLayout,d84b2a4ed5914d283441ef65e395057655cdc900,README.md
layoutBox/PinLayout,d9847ee09ba570b66cd60e7aacd3b5846e4a29f6,README.md
layoutBox/PinLayout,daab303540a851b21773e171963c61cfb9929dd1,README.md
layoutBox/PinLayout,dc47497bcf7d661d864c40dd55ea31ca5e8eccca,README.md
layoutBox/PinLayout,dc4e9347606e740e17870512d790a0d3924c3af0,README.md
layoutBox/PinLayout,dd736dfb9a42f355f3d1571885f67706a11ede24,README.md
layoutBox/PinLayout,df778650ef347d1f2b39608426e6808c7efb1deb,README.md
layoutBox/PinLayout,df8c01032b34a913d04ac65a19d234fb24cfa3de,README.md
layoutBox/PinLayout,dfbc9a933f77c7dea9cb0c5d1ae03af3c4d9577f,README.md
layoutBox/PinLayout,e06cac64ce3ec28e64162549da2e385494883694,README.md
layoutBox/PinLayout,e0a34e76925a71b98b7e15f15a943d4f2e249cba,README.md
layoutBox/PinLayout,e2917b5646669129116eb4e264dfe18002c7abbf,README.md
layoutBox/PinLayout,e41542052c7b13467f406180b73e13545b052e9d,README.md
layoutBox/PinLayout,e5187ffa0a17e314bd9684383b268cd4a2a1d912,README.md
layoutBox/PinLayout,e527907387048f0713c264822e68f5dc3920f33d,README.md
layoutBox/PinLayout,e5334c2141dd4a054fcbf3aff9ea562fb0ed187a,README.md
layoutBox/PinLayout,e5d2b542651551fc1ad646100732b301c3bae476,README.md
layoutBox/PinLayout,e64e09567cc535d9db7f847c059c8d86075ae8ad,README.md
layoutBox/PinLayout,e66037d9f43468de174fc5832f01d6105352d041,README.md
layoutBox/PinLayout,e6cdfe4ed895d798d540942a489bee495a4caa98,README.md
layoutBox/PinLayout,e817d0fb6890d110c26e305358b43ff4412697ff,README.md
layoutBox/PinLayout,e97ac71e2d307781700115ae8fbdf0224e0b6eea,README.md
layoutBox/PinLayout,ead74b498dc722fe2f6ee0638a4be43551309e17,README.md
layoutBox/PinLayout,ec384ed0857dc41d4ac033593e421aec40124ca7,README.md
layoutBox/PinLayout,ef0bed7d1a74d07b3af95d8d50e1edaf6cdaf5a6,README.md
layoutBox/PinLayout,f091b60cc4d31589388dbbf60583b2e1e1d26e7a,README.md
layoutBox/PinLayout,f0939427cd2b814337672bb31e6e6e5b8791c08b,README.md
layoutBox/PinLayout,f09750a71cb1c22b941b192b009bbc88bbbe5902,README.md
layoutBox/PinLayout,f1f28328550c0b792e68d5a832b9d0ff86fb18c1,README.md
layoutBox/PinLayout,f2247f1fb462905992fa0ab78fcd91972b6b1bbc,README.md
layoutBox/PinLayout,f251032bd60491d6e57b919242c64dcc71d586a1,README.md
layoutBox/PinLayout,f344695340b385d2a8ed4b488c39696acba6d0ef,README.md
layoutBox/PinLayout,f4858bd338abcb112b1bf17295135db07fa1d2ba,README.md
layoutBox/PinLayout,f5c6c8ac3a3a9426ba006e37f0e945f3e828caa8,README.md
layoutBox/PinLayout,f6e0d043ba5c069cba043bb78e789b09732a3047,README.md
layoutBox/PinLayout,f75661946cb793ac4acf9ab248446d61c29f6477,README.md
layoutBox/PinLayout,f7796e51c36a71eab82a0d0002b3d5e2490095d8,README.md
layoutBox/PinLayout,fa0612fa709452e74d969302724a66d8c053660a,README.md
layoutBox/PinLayout,fa2f1d30df490376467e4fab132579e1459c71eb,README.md
layoutBox/PinLayout,fa514b7224b892cbeda529331553385f45064a63,README.md
layoutBox/PinLayout,fe8dcfc3ff3da40edda768351ec6b96a84c7b9d0,README.md
layoutBox/PinLayout,ff57fe755624fd6b462f77eb91698a050c4164e0,README.md
libamtrack/web,072209d2902a784f79484cbf20be5c07da58ae1b,README.md
libamtrack/web,0b056970be1df62dc7333728566768955cee8e75,README.md
libamtrack/web,1ed6551c187bc8c8e53f3e8eb4ee5e82275adee5,README.md
libamtrack/web,2da4bbd650668ffba351fe6705b165d4f9ad6453,README.md
libamtrack/web,7cbf0b89d2e327082b14918efd57855d76191d57,README.md
libamtrack/web,8039f1672dc40e3ab66c210180738dc30b4c2cd1,README.md
libamtrack/web,d2a5edc1f2c7cf158582a45ac24bb5662fa17fb7,README.md
libamtrack/web,f59399fea37e4790397492cdc250fb54919ee3cb,README.md
magento-engcom/import-export-improvements,02a9a0eafe3cb8b07988721e8c221627d2fb7dc9,README.md
magento-engcom/import-export-improvements,030b131fc1fc10dee1326b108a4875f06e1f31b4,README.md
magento-engcom/import-export-improvements,032af4940503bbd561ddf8d385d2d518ec359baa,CONTRIBUTING.md
magento-engcom/import-export-improvements,062f586694bcdeef58b2589302faecbe7112dd1d,README.md
magento-engcom/import-export-improvements,0aa773b3e90c049de57fe7f149baa74e0d059faf,README.md
magento-engcom/import-export-improvements,0d2a0f3ecc2478922e4c34db7f8c2c94d26ba254,README.md
magento-engcom/import-export-improvements,111bc284c94d56327ad8a5d3dc997a70fde84bae,README.md
magento-engcom/import-export-improvements,14173b67eb52ae8412b9e7186a72c15dfb0177bc,README.md
magento-engcom/import-export-improvements,1cbc3026dc65177e73ec14f9d554a8b60729b8a1,README.md
magento-engcom/import-export-improvements,2552aa2fab9082e67ad8a843fe502488bc20d6be,README.md
magento-engcom/import-export-improvements,2778dc49a77fbfcd1f8f7f81ae6ec9a5618925fb,README.md
magento-engcom/import-export-improvements,2ba8a4a7efaa5b6de9030e45bcc3409d0ac66170,README.md
magento-engcom/import-export-improvements,34bd8bd793de2aad34c461aad62a1a3984fb509a,README.md
magento-engcom/import-export-improvements,35bb38a9c5e699cad2bbdf181b70cae2cc8d0558,README.md
magento-engcom/import-export-improvements,4393143e925cb855e8a427101b6c957f4f78885b,README.md
magento-engcom/import-export-improvements,480996c7898d226715ea3b0510d8f90f825fd6da,README.md
magento-engcom/import-export-improvements,48696723d2a312a162fc364a46294c76e73acc02,README.md
magento-engcom/import-export-improvements,495347656f240f7c83fa701d38fa04d169363afd,README.md
magento-engcom/import-export-improvements,49bbec42b9e03e0d95314bc215f2581ecdd99061,README.md
magento-engcom/import-export-improvements,4bac0da8b7609168f7cf9d86e8345708c4a6dc76,README.md
magento-engcom/import-export-improvements,4ce2497fe539dd4357a295ee5f03864a20f6a223,README.md
magento-engcom/import-export-improvements,50c42c54562893e6f6e621e8d7164cd97a9272d6,README.md
magento-engcom/import-export-improvements,51e4ae9c407e5715ac755c5beb639e07a234b2e4,README.md
magento-engcom/import-export-improvements,54c08cc1e78c9f8a484662117bf09bacb8f7639c,README.md
magento-engcom/import-export-improvements,551f69467be48806e90112067eadcb4251749451,README.md
magento-engcom/import-export-improvements,5629c93b6402011f566b341cc84b629b805df265,README.md
magento-engcom/import-export-improvements,60e83eac5925e1ec01cbc11b8eb1acc5305a7a23,README.md
magento-engcom/import-export-improvements,61f84f719703d4e058e7233f36e3d082baaf7450,CONTRIBUTING.md
magento-engcom/import-export-improvements,623d88f1771ca93cc139517a2fed12ecc9d97735,README.md
magento-engcom/import-export-improvements,67519d4eacb2dc0824a2824cdb1cacb3afef20ed,README.md
magento-engcom/import-export-improvements,6a527a87bc6e46fce9ed45b2561b45c44a7a7e85,README.md
magento-engcom/import-export-improvements,6d3cfb773105118f1e490e7dfec450c9d39dec55,README.md
magento-engcom/import-export-improvements,710cd6a55b39b85062f01e45f522031ac3dda52b,README.md
magento-engcom/import-export-improvements,75b30dbc1ca0a41926784bd4d13fc889914aaa16,README.md
magento-engcom/import-export-improvements,768c769b2772743e8599840aa8dc523597d0b6e5,README.md
magento-engcom/import-export-improvements,7832c7ee7442e3bc48a00582e770b40fe7f03276,README.md
magento-engcom/import-export-improvements,7d05e547e7ee208e41e6c1a58e7ea4aef20fcef3,README.md
magento-engcom/import-export-improvements,7e0ea52adcd6b8fcefd8cad2dbe6d15435fe9bd7,README.md
magento-engcom/import-export-improvements,7e8b5e2d99de1c396de3b6629c1f59a2ae9b1480,README.md
magento-engcom/import-export-improvements,80bd425d32d55eb8e76be1331b90b01bc3ebfa5d,README.md
magento-engcom/import-export-improvements,84a76c7c0658315cf718b85c5effc865373b3fe3,README.md
magento-engcom/import-export-improvements,853a4090c9da52ca6958949042c037d91bbc9bf3,CONTRIBUTING.md
magento-engcom/import-export-improvements,86f77769efac4c7e43a575c614f9a6ed7e9559b2,README.md
magento-engcom/import-export-improvements,873d38c884fb56411c4ac3bb46a9d4343e4545fe,README.md
magento-engcom/import-export-improvements,89b586729d9ac59d8aff9de6ddd1b50953768f1a,CONTRIBUTING.md
magento-engcom/import-export-improvements,8c0b85e501136b2c4745b1d760f36234feb4c09b,README.md
magento-engcom/import-export-improvements,90fb4089ce616e49e9333ff33396bf2e2578be7f,README.md
magento-engcom/import-export-improvements,967291393e2d877e585f906a3fa0307045bf7af0,README.md
magento-engcom/import-export-improvements,a31b6a08cdfdc35052a7bb5cb7c3c07d476bfc11,CONTRIBUTING.md
magento-engcom/import-export-improvements,a4ac677b2f2fcd666fbfb48aeab40263bb094a43,README.md
magento-engcom/import-export-improvements,a927019e65235aed68dac1d2433d6077faa6632f,README.md
magento-engcom/import-export-improvements,ada6ba69eb616bbfb045134f54fa5d09db61c810,README.md
magento-engcom/import-export-improvements,b12d8c91ebf2f23ba70dbaa4115de78010f6ae0d,README.md
magento-engcom/import-export-improvements,b188f9263eb9f21c301f3b93f9a750e20116ae91,README.md
magento-engcom/import-export-improvements,b1c924b7fad648e3bf5f19069dfc050fc18dd5b2,README.md
magento-engcom/import-export-improvements,b7f408dbb5d533fa46d0f551e992a8b87fa78c1b,CONTRIBUTING.md
magento-engcom/import-export-improvements,c8422e8fd20766605878d916f58d7c6bfa67fb4c,README.md
magento-engcom/import-export-improvements,ca99c9bbaff35aeaeba34f74fc5dd2b07bf761e9,README.md
magento-engcom/import-export-improvements,cc72fdf447c0b5cc0e5e48c4e9f06faaae6665a1,CONTRIBUTING.md
magento-engcom/import-export-improvements,cee642d9715c7a731fe9c5747d4b46272956b0af,README.md
magento-engcom/import-export-improvements,d3d8b3877ef318eefc2a9bdeefad00b9ce8110f9,README.md
magento-engcom/import-export-improvements,d6bc3e8b2c8290b59f5f3df0d643c950155a3cf6,README.md
magento-engcom/import-export-improvements,d852a9f4fbe56ed7461445939bba5eb81f83013e,README.md
magento-engcom/import-export-improvements,f5e0bda9337e51cd6c0f27dab378638679c0f118,README.md
marcoslin/angularAMD,02192a5db7b7d442c1710223dfc347e57985583b,README.md
marcoslin/angularAMD,183eb68bccc9edc5a29e1517dcd74e135030bbd5,README.md
marcoslin/angularAMD,1c608f3f9267578a64e9cc4fa161495981b4a82d,README.md
marcoslin/angularAMD,2d14bc9f43d5b2df4884417d197296d791ee9acd,README.md
marcoslin/angularAMD,2f0f11ee646b3e3a69f6ed9eb31044a36495ef7d,README.md
marcoslin/angularAMD,3079527266ffa6ced9125d7255202c6fa3866560,README.md
marcoslin/angularAMD,383038fccd371b9b510f06f4393be9b99f86d5e0,README.md
marcoslin/angularAMD,386de29dfd6543b17358b3538301d32a2ef5924d,README.md
marcoslin/angularAMD,47c0e91c9efa63ac55c36115171d9a34b1748811,README.md
marcoslin/angularAMD,4d36bc9740ab80e13d3549aa7a6b309634c8092a,README.md
marcoslin/angularAMD,4d5b9126ffde38fb9bd39fe235347188e68995cc,README.md
marcoslin/angularAMD,5720af77b7c85f601161857cf138e1ad6f7cc469,README.md
marcoslin/angularAMD,5827f73bcd770032f5ea149ee5c722a0d1f90cd2,README.md
marcoslin/angularAMD,5af4931fa2bcacf9d5b82f9a7e61cc9f8ac55927,README.md
marcoslin/angularAMD,5e3dd0ce297eccd1d0439ce73b6389b3bd5fcd92,README.md
marcoslin/angularAMD,5f27d0de9184842ecd42ab35410223ff5aa0fe0b,README.md
marcoslin/angularAMD,625ed17a1defab06de5c17c720f7b487458793e3,README.md
marcoslin/angularAMD,6ba5a57287ed07b836c523d3b6b1d200ea41b002,README.md
marcoslin/angularAMD,6e93ab88e298e2289e449200e26fcab14bcb5cdc,README.md
marcoslin/angularAMD,817cbb2a6acd0a30274122736ca097b161a93c3e,README.md
marcoslin/angularAMD,85555650a2ac62d3a89ffbbc29f95a66b619b1c5,README.md
marcoslin/angularAMD,8b09e83aff1d6056910bf349eb709d490900be7e,README.md
marcoslin/angularAMD,8fadb0ce82b2ae87095946e9c40c9ce077fee879,README.md
marcoslin/angularAMD,91b48273e9597b8b9b8fb0b5734c049ba83f3853,README.md
marcoslin/angularAMD,949b142b13adf0538bb4652310e7dfbdc52e8780,README.md
marcoslin/angularAMD,949d2e1d13c5ebd742000d52d3d0fc9f03fcca9c,README.md
marcoslin/angularAMD,993bf96127fe56bde9af9fd64874d8ec4f186faa,README.md
marcoslin/angularAMD,99a3968079396b3539d94ed05094df2374a5e6d2,README.md
marcoslin/angularAMD,a025d776c7c863c189a514c40a1ba3f493aa0abc,README.md
marcoslin/angularAMD,a591599d452f963250c5ce46736448bd4b906850,README.md
marcoslin/angularAMD,a9e828bf563ea30f0f8a714acb5737e9823776c3,README.md
marcoslin/angularAMD,c2724dab98298988983d65691dab36c1256d0857,README.md
marcoslin/angularAMD,c331b5ff4d7f985b617fb3eba335648615fa36db,README.md
marcoslin/angularAMD,cd4dc18c2d813b5337448449501a3c65b4fe416c,README.md
marcoslin/angularAMD,dfafb7d1664d637063ad5d12a7d1af9f4ab069e9,README.md
marcoslin/angularAMD,eae2e5623d742bc0ef1e6c10eb74da7ae9e367a0,README.md
marcoslin/angularAMD,f167d49783d69b9935e845eaeecbb797a9679b44,README.md
marcoslin/angularAMD,f3a1af428b3dbad882b80598abc7097754523536,README.md
marcoslin/angularAMD,faf36f588e3232894d715d8c4c576851e2f7010e,README.md
mavenlink/brainstem-js,06eeb8e1297ec0873456043ec36901e737b369ab,README.md
mavenlink/brainstem-js,0dfe1c6e944933d3b356edb563b55ab9dfd44b46,README.md
mavenlink/brainstem-js,185c4603bc468f0044c11e686ef0ccc98e9e6650,README.md
mavenlink/brainstem-js,1a72b3ea81a5d62cf0c98ba9311550c4a583ab4a,README.md
mavenlink/brainstem-js,1f55de0498c5f7399cddfa541142597ac372cdeb,README.md
mavenlink/brainstem-js,24cbb85d9bf6c2ec2283eca16ddc84ef1158bd45,README.md
mavenlink/brainstem-js,326284096bab5b00b2292d8f85addfd170198565,README.md
mavenlink/brainstem-js,361015e98f4c01666fe412162c18e5aa9ac016f3,README.md
mavenlink/brainstem-js,3d3d07dc806960c47fa937a2c3e468afe88895ef,README.md
mavenlink/brainstem-js,43d8964b99deff3eb217a0a8c429bc283f0926f7,README.md
mavenlink/brainstem-js,44178adcf8dccbb8442f91a5774220ed8c52e742,README.md
mavenlink/brainstem-js,45690f639ac23729d731f31b696225f326d8ed1a,README.md
mavenlink/brainstem-js,458486379e4c47ff4647ae1c1a91e5bd63330ea4,README.md
mavenlink/brainstem-js,45a42c1549bb03f5965289080279919ef99257c6,README.md
mavenlink/brainstem-js,45a9076c342fb327396542730857d835024b4331,README.md
mavenlink/brainstem-js,4703e9bf5d7d076f5a9b8a1fdb46c611d39fdd02,README.md
mavenlink/brainstem-js,49654efc81dc3edfe029e50959a2efe027d52859,README.md
mavenlink/brainstem-js,4e40742fe4b83c04666b58d9646370a136bfbc06,README.md
mavenlink/brainstem-js,500ee217acc645a1ee976430e024533ef5192a6b,README.md
mavenlink/brainstem-js,57ed09362dd2399e8cbc1a3991d618959c3a5285,README.md
mavenlink/brainstem-js,5e92f783951e0ca33292fbd8a3dc1858c6ec8851,README.md
mavenlink/brainstem-js,630fe96dc653b00502d95bdccbda838e12fc57b9,README.md
mavenlink/brainstem-js,6ab15bcef718f3120441596d8f16d428fea279a1,README.md
mavenlink/brainstem-js,6aea3ac36c241fe60e808138f6edf76b954d0cc4,README.md
mavenlink/brainstem-js,6c40fb8cd87daecbfb8e7b7a03204d3e1077edfe,README.md
mavenlink/brainstem-js,7595925f65d060fc7a6071b5060d3e598566f969,README.md
mavenlink/brainstem-js,771184ba4ee2f538768a292d192135d731642985,README.md
mavenlink/brainstem-js,834f49a7873950e0fb3121edf02739bb8fda05cc,README.md
mavenlink/brainstem-js,89e8c34f5faa35b7ac87feabe7af65dfb27db1b4,README.md
mavenlink/brainstem-js,90397eb0c1309215788f99acc6e494825765b0f9,README.md
mavenlink/brainstem-js,90b6c852cd387b85f6b29f3f394572c72f0c3272,README.md
mavenlink/brainstem-js,948c7edf4a795f9149ad18d814751f14b72a8367,README.md
mavenlink/brainstem-js,99d7bf76fa0ac2c6b1c8511f25a0b65516fd1dfc,README.md
mavenlink/brainstem-js,9c8da92966923a9508cc0e6dc8df9622adfca76c,README.md
mavenlink/brainstem-js,9cc1df79ab1eb09521528519a69c0bde332199a2,README.md
mavenlink/brainstem-js,9e04ca4cb6e0c2ebf884d997e2a5f8341f3067d8,README.md
mavenlink/brainstem-js,a3357474c1fc9e8244f3eb4a04956c8cfbc55543,README.md
mavenlink/brainstem-js,a7a34df734ea8c58d6fc6bd86d466ccefd30ac89,README.md
mavenlink/brainstem-js,b3a5a38032f27547c83dba07d52a168acc96be90,README.md
mavenlink/brainstem-js,b82215aa2c16c568be1538a58ed2893b99ff2f83,README.md
mavenlink/brainstem-js,bc054318b1a05f8fd8a8a5aa6cd6684753328b96,README.md
mavenlink/brainstem-js,ca569927ad09c69961fa9ccb50fce9900a951ae0,README.md
mavenlink/brainstem-js,d269355c0e5387ea72493eddca9b944217d15234,README.md
mavenlink/brainstem-js,f34666a6542e2e10241a40075cf9783d0151275f,README.md
mavenlink/brainstem-js,fa8ab2e7937bdc575174dbe5994571bc0e466680,README.md
mavenlink/brainstem-js,fbd57dcb2305143022f019048664fe7cacebab3e,README.md
metaskills/minitest-spec-rails,00b25e03b22967e752b4ed6a8e6213c8561b3640,README.md
metaskills/minitest-spec-rails,02c8c7b6892daa793d29b951963240b9a3e5967f,README.md
metaskills/minitest-spec-rails,05fb595d53390f3514b44c9831e9e37364344be4,README.md
metaskills/minitest-spec-rails,0618fb3d23c01366e5aec1fe8b23a99b8db8f508,README.md
metaskills/minitest-spec-rails,1998ff23d147735bcb40d03d10838e3c34c47d4f,README.md
metaskills/minitest-spec-rails,1a855971c6e583c3302dd9b3633c881faf230b34,README.md
metaskills/minitest-spec-rails,1fc01a444c3fc3d9d34de276e3e1eb4a241a4035,README.md
metaskills/minitest-spec-rails,20da8a1b2e50883271eafed092b20e9893d00f41,README.md
metaskills/minitest-spec-rails,2355f2b10960b28a0c7a679b0b08ceaf3cc06102,README.md
metaskills/minitest-spec-rails,27c8029946d316d2805c9ab8655a1cac4f8b7d93,README.md
metaskills/minitest-spec-rails,2cbb798a92fc83f47793c702c385b0bbeb99743d,README.md
metaskills/minitest-spec-rails,33aef82ff9d92e471f0a9ba851984506c1ba199c,README.md
metaskills/minitest-spec-rails,3ae9ab43625c6e763c31c8b7003cb33eda390205,README.md
metaskills/minitest-spec-rails,40542bef3952b1b49dd1f9096462d7c542ccc1f6,README.md
metaskills/minitest-spec-rails,42114a3d6955565323eed08023bf246d5a77a746,README.md
metaskills/minitest-spec-rails,42ee7a69f621236968c13d665f457747d9dd0f83,README.md
metaskills/minitest-spec-rails,47ae2ff434568adbe7fe44f33e3338759bdc06bb,README.md
metaskills/minitest-spec-rails,4ad5b1e115aab3c8225dd712ebd98ae5f74422aa,README.md
metaskills/minitest-spec-rails,4e03d6adcb3cbdf77e779c05dc73650efb730738,README.md
metaskills/minitest-spec-rails,5661af06aa5d7f558ad00e7db5cb01f0380f0409,README.md
metaskills/minitest-spec-rails,568d5963ef1d27b1b50e3ea0b7454707317a9cd5,README.md
metaskills/minitest-spec-rails,58af87a211c873d720615e7e6a5100e12df3ee4a,README.md
metaskills/minitest-spec-rails,6409548584987ac40ae0d776948a0d978c7a2ea1,README.md
metaskills/minitest-spec-rails,662585fa95bc785b6f835767f0172bff62b5759b,README.md
metaskills/minitest-spec-rails,680acdd899ecabc93a0f12e6cf71a287f30deb69,README.md
metaskills/minitest-spec-rails,6b2e958e11b55dad133392d525e3e7a472540652,README.md
metaskills/minitest-spec-rails,6bebd49386ff5d238556c6cd03844319fc2b14cd,README.md
metaskills/minitest-spec-rails,6d5d3aeee570fd65c49aae35fc447935a9ca88b3,README.md
metaskills/minitest-spec-rails,6fefaf0797be044ead4efdeb6ee0c9fdf4d2524a,README.md
metaskills/minitest-spec-rails,7285284df112e4af416c54b6f8493c4639de4f7e,README.md
metaskills/minitest-spec-rails,72a480bc493bf4e8f7077e6dfccbde65cd3c9ae4,README.md
metaskills/minitest-spec-rails,759e478377f289e92f2f713d28f0f621463fda03,README.md
metaskills/minitest-spec-rails,80beda3c2235fad0b488c1d910e1453c76f4c278,README.md
metaskills/minitest-spec-rails,818642f417a705ad52b215332a28d31436d72da7,README.md
metaskills/minitest-spec-rails,82a02e534acaa6aefb027632b049fb13678127ac,README.md
metaskills/minitest-spec-rails,852c2931623103443b624e490f4a607d7d3baeca,README.md
metaskills/minitest-spec-rails,8a23ed81cacb56fb822a58c65a997ee747828c93,README.md
metaskills/minitest-spec-rails,8d026007239d47f9f347bf79e23b227e3fc4ebf5,README.md
metaskills/minitest-spec-rails,8f40070fb2af271bda46a64b193cc2d6dc5c0d4d,README.md
metaskills/minitest-spec-rails,8f49e20eb8160c199fc9524fb41d8ebb65874ecc,README.md
metaskills/minitest-spec-rails,929388bbe28f0945068189c5f6f405086e9db688,README.md
metaskills/minitest-spec-rails,9990893c9ee1abd00edc4a7727a407f78d2842a6,README.md
metaskills/minitest-spec-rails,9f3b26fe1ab915fdded03e6a1da4076ab00a7558,README.md
metaskills/minitest-spec-rails,a6effad6a9d46c4fa72832951f5de92bd3d6f3c9,README.md
metaskills/minitest-spec-rails,a9b4bec81885ea606f0aa9df632be982b89378c3,README.md
metaskills/minitest-spec-rails,ac6146da0dd92b59b9d682948fe186ca15cc830b,README.md
metaskills/minitest-spec-rails,aff13943ec6984c5887b083b931ca8a68bf4d788,README.md
metaskills/minitest-spec-rails,b556bf1e6268e9b907573c2fa5b225a8d1ef229b,README.md
metaskills/minitest-spec-rails,b6072f8c571068f989df45f2ad44bdbc939c6906,README.md
metaskills/minitest-spec-rails,bf148bcba744654763cac270ee737e8ad2f941cd,README.md
metaskills/minitest-spec-rails,bfb8a7cf9590036e63e90ae777b33d0d8754b040,README.md
metaskills/minitest-spec-rails,c1fa2b9d79315b1e0202afe0e18885d84325fa01,README.md
metaskills/minitest-spec-rails,c7e84c7d96e27cf48e1ca6d9ecaa9210d78c1a90,README.md
metaskills/minitest-spec-rails,cd37d23a6e362b5010cf43232aa07607e17cf6cb,README.md
metaskills/minitest-spec-rails,d3da88e6fc405ba0b6586c74f5712bb33608afed,README.md
metaskills/minitest-spec-rails,d7cc4005354d6ef988f9c09e9d65cf4dab826eb4,README.md
metaskills/minitest-spec-rails,dfeb595fb1b7048c58cd8dfd035c2835e5bf8503,README.md
metaskills/minitest-spec-rails,ead4316cb4c4bcc6be196dedefb6112efbe24cc4,README.md
metaskills/minitest-spec-rails,fa2e556b5ddfc3cc9252c1a7cf6ef7b66a64e619,README.md
mozilla-releng/build-cloud-tools,10d6f3604e6cfb35d7c6eff328fe3fd00ce1a88d,readme.md
mozilla-releng/build-cloud-tools,47e559df87da6b315ebbe29e22406963ab27a255,readme.md
mozilla-releng/build-cloud-tools,59cd6c09797d8ab6e78bd3f9f883841071858d61,readme.md
mozilla-releng/build-cloud-tools,ccbcd8cbf6c59f6d270a2874abf209606f19bceb,readme.md
mozilla-releng/build-cloud-tools,d879121a333ceeb75f165afe91d183f573335e91,readme.md
mozilla-releng/build-cloud-tools,ee17fff554a2ad7d905bd4e9adb7ddea2e91bf38,readme.md
mozilla/mozilla-central,1edce26c5c14ad55bf6fb726620624182f91d3a7,README.md
mrmans0n/smart-location-lib,035aa457047ff8d7fc8137152937dcbff0261382,README.md
mrmans0n/smart-location-lib,06212388a46c75adf97a273ca1d15b2778c0e27c,README.md
mrmans0n/smart-location-lib,0ed2346d1c7e2e6ef53ce9778ce1606953bf55f5,README.md
mrmans0n/smart-location-lib,0f006da2237d12180dc4b5aa867ca5d4c1f0cd40,README.md
mrmans0n/smart-location-lib,0fe070c4b6f6869acc9e6c1c8177b021492c12e0,README.md
mrmans0n/smart-location-lib,105dd143c33f4a16fd71b7e0a93b245f29ce333e,README.md
mrmans0n/smart-location-lib,118f5268467536e42ca18cfe6defadad4779ddcd,README.md
mrmans0n/smart-location-lib,14dbcf7cb8308035ba05ceb2ce285be77e4d0ab0,README.md
mrmans0n/smart-location-lib,15fae2ff1613cf37392538a66d4759f46be2b558,README.md
mrmans0n/smart-location-lib,16476506d9c1fda8065c05c59059571f98590493,README.md
mrmans0n/smart-location-lib,165e016b7d47210b1e454dc228c5d6136b59d983,README.md
mrmans0n/smart-location-lib,177efc60ad178ab1c53719b5f65481e12c00f8c6,README.md
mrmans0n/smart-location-lib,18d43ce51d71a01045cc1252a308cf20dfcc7c88,README.md
mrmans0n/smart-location-lib,1910535d543b2bdd8c840bf868cce6e54620b98a,README.md
mrmans0n/smart-location-lib,208fe7c0c20191ff8112893f5a8458b9c0b56d63,README.md
mrmans0n/smart-location-lib,20a08c5c62e2d4b705c77c4cdb6c9937713816cc,README.md
mrmans0n/smart-location-lib,21e0902dfdcd96b09412c6070de189e500606389,README.md
mrmans0n/smart-location-lib,2444bda1a4cb7abf5bc854bc180f8fd8b4744147,README.md
mrmans0n/smart-location-lib,2525ea1d484acf0ebab00f84e4b0e66b20bd0deb,README.md
mrmans0n/smart-location-lib,272dd736204f9d253d359151efb1fe024a605dab,README.md
mrmans0n/smart-location-lib,2eb23f934cf71bc0307378d6ad80b733dbbb6fbc,README.md
mrmans0n/smart-location-lib,3104d23ee2fe63cd29405d39b0a8f31e89febc17,README.md
mrmans0n/smart-location-lib,32307ffc00fa72b07e22d3eb1d734695bc4818d8,README.md
mrmans0n/smart-location-lib,3734d7ee4d4aeb7a5a973753d7cc17812e4ff3f1,README.md
mrmans0n/smart-location-lib,3bb9c4ac65ba29399df41a08db0c8696c5c98fb5,README.md
mrmans0n/smart-location-lib,3bce85e980ed9b21c67aa2824edf3b53b63f1560,README.md
mrmans0n/smart-location-lib,3d77d87ab29e39644793115cd56f93d7e69001a6,README.md
mrmans0n/smart-location-lib,3ec3803ec79a3c70aced1d931c9f9376c21364cc,README.md
mrmans0n/smart-location-lib,3fcde4627f1397798d4b367ad73c426239c18ab6,README.md
mrmans0n/smart-location-lib,407312ee723d3ad9a70ec1813ff173ea5ba7ec73,README.md
mrmans0n/smart-location-lib,4a774dcf378ebb6793694a8f25dcae288be793fd,README.md
mrmans0n/smart-location-lib,4a7b176008accc1fd5c70102d5c72a9219ad4510,README.md
mrmans0n/smart-location-lib,4b104c606d31e1b78f48707308a200b0dbdbb909,README.md
mrmans0n/smart-location-lib,4dbda1e228dc54f5b53d31a83e28b06d0d42578a,README.md
mrmans0n/smart-location-lib,4ebaafd86b225fda880c4d97667795fe17a87e1c,README.md
mrmans0n/smart-location-lib,57f8823fc75aaad7fa2e5f9732f5ae18e5761457,README.md
mrmans0n/smart-location-lib,58890da2c2fa5a9ce9d1f8f127c4c64183f5f0b6,README.md
mrmans0n/smart-location-lib,5992b51d056d297d32635a61102efc90139423e0,README.md
mrmans0n/smart-location-lib,5bf712532966446f01bb51cc91c0a37c6698c2cb,README.md
mrmans0n/smart-location-lib,5e6ba3b92b4e73de95131a38e2033b447bef3e3a,README.md
mrmans0n/smart-location-lib,5fdd97af883ba9114ad535fde5266492b623fb53,README.md
mrmans0n/smart-location-lib,6439f856fb8c3cff32c81d6db65e24f5e085e703,README.md
mrmans0n/smart-location-lib,657a1a632b5a1f6aa3dc7e25546aa1fa972dc674,README.md
mrmans0n/smart-location-lib,672149e22ac8ed598e43077bd579458d1f55a585,README.md
mrmans0n/smart-location-lib,6a14b4789ea8231af9f5d39975a8690e1077f20d,README.md
mrmans0n/smart-location-lib,6af42525b3601d4a458796e02c82b5269b42378d,README.md
mrmans0n/smart-location-lib,6c283d4e3c166bdff4a7f2901f2f028ceb6d9473,README.md
mrmans0n/smart-location-lib,6d4091a79e1f01ab98885103ec3c642a61b7ee92,README.md
mrmans0n/smart-location-lib,6faf71073e5f822c3c513b307860972cd0c44510,README.md
mrmans0n/smart-location-lib,73fce8e89013fcf696970a41041baa41ca4bac26,README.md
mrmans0n/smart-location-lib,7555d5361d02e75d8fabfa4e8facb92b6362dab6,README.md
mrmans0n/smart-location-lib,757ccfd44d874831fa02e6ce5a8cecbd13d5cd85,README.md
mrmans0n/smart-location-lib,76f28a14a6da86c43870c9ee0c981e0aab7a87f6,README.md
mrmans0n/smart-location-lib,781f95a5672d30059e46a1a54ec9ac7dad7068ec,README.md
mrmans0n/smart-location-lib,85d564bf1c60b97a6a95703b021f49f57825fc41,README.md
mrmans0n/smart-location-lib,8755fabda8c340b46a58ce07b09d7f39ef3ba9c2,README.md
mrmans0n/smart-location-lib,87f5dfddf27e2eac34181d4b4bbc545e1eb88880,README.md
mrmans0n/smart-location-lib,8939ae96140e1a469f40a2dde1489002faca10ad,README.md
mrmans0n/smart-location-lib,8ad1c51eebc1575abe4b904beed506019f6f12be,README.md
mrmans0n/smart-location-lib,914c6224856dca2d6938f3d620d0882d6fe85a6b,README.md
mrmans0n/smart-location-lib,92cd90b0c275811fce72fadf951cea4ae9e870fb,README.md
mrmans0n/smart-location-lib,95bfae43611e105e40fc786c6808342eafd7678e,README.md
mrmans0n/smart-location-lib,967533e872d20b999fe24f09859db7dcffde9cd1,README.md
mrmans0n/smart-location-lib,985e5a2666e1c4cc71e47c580aa7300c30e3b582,README.md
mrmans0n/smart-location-lib,9b8c765af2cda83fa79776be276ece581d1ecbb6,README.md
mrmans0n/smart-location-lib,a0eae94adfcb4234612c6c4e96c44f1a0fabfbd6,README.md
mrmans0n/smart-location-lib,a40ceeb6b3be3f012982ddcac5f4e146a9468bf8,README.md
mrmans0n/smart-location-lib,a4f5353aee295b47edc313e72cd5ec5fbfbe2fd7,README.md
mrmans0n/smart-location-lib,a57d25466a850a30b6f3dd36ca373e1b22895b95,README.md
mrmans0n/smart-location-lib,a59a918b0aab2dfd38c8c11ba233c4c4c6ab91f4,README.md
mrmans0n/smart-location-lib,a88938fffaabda75333e700b3bed669a93d57729,README.md
mrmans0n/smart-location-lib,a899f3504e7f375975aabf348bc5809195a44b41,README.md
mrmans0n/smart-location-lib,a9a4daebb564009b5e72dac3dee543bbe3def454,README.md
mrmans0n/smart-location-lib,aaceff3674da0e67c392ad8745c7fd72a5554e9f,README.md
mrmans0n/smart-location-lib,ae0341e3726fce4e90c188754fcde2bd4c8f7a93,README.md
mrmans0n/smart-location-lib,aebca16aedd9a795967795640a194d39cc24dcb4,README.md
mrmans0n/smart-location-lib,aebe7cd94969e5f95dfa52943daa95e1c2a87de2,README.md
mrmans0n/smart-location-lib,b0471a9dade8c781c36edb242d7c00e3c3fe4040,README.md
mrmans0n/smart-location-lib,b3d519065cd846b56a22cd252aac4d4254cb9210,README.md
mrmans0n/smart-location-lib,b4c7a75c21f0a01c68d5600bc475edee1ad13565,README.md
mrmans0n/smart-location-lib,b569ce988c29973b7cd0ff7613921a2f526d5c05,README.md
mrmans0n/smart-location-lib,b5b6f9d9ba7456e9d4f6af8cb354ef5ba476f9f3,README.md
mrmans0n/smart-location-lib,b74bbec042abd1c0133d8f24ebbaf3c329116f25,README.md
mrmans0n/smart-location-lib,b7e8d33338e28523e74d3e5074ff3a340527aae6,README.md
mrmans0n/smart-location-lib,b7e9b97c00cb1f5df10d2307a79cc8aabce34858,README.md
mrmans0n/smart-location-lib,ba8403143c4e5fe4ca7f3a893b5084a302941270,README.md
mrmans0n/smart-location-lib,be66abceb9c57854cba86ae2b9dcbe87be6f781a,README.md
mrmans0n/smart-location-lib,bf50374ec25f891e6c9fb0a87572daca7864919a,README.md
mrmans0n/smart-location-lib,bf77c27ddcd5111c46ef823a628200f8cc949643,README.md
mrmans0n/smart-location-lib,bfefb04770bb3a9653515a526c01908c36ed1c66,README.md
mrmans0n/smart-location-lib,c167a1dad9a4940a13296b2565097fd8b547d7f0,README.md
mrmans0n/smart-location-lib,c26d41bb34c826b00aeefa82f0961516b82636e4,README.md
mrmans0n/smart-location-lib,c97c45eea80389ba191d7feeb3edc7349408db54,README.md
mrmans0n/smart-location-lib,cb32c003c2ecc0b9e185a6cd4d6f9cf1e4e1f038,README.md
mrmans0n/smart-location-lib,ccd3c85819aca7fda9f04e8fa3ebbbc80e04c321,README.md
mrmans0n/smart-location-lib,cf3a9f9ebd5d88fd5bc5fd4aa57d76feac3212cb,README.md
mrmans0n/smart-location-lib,cfe5f78ad569566654c70a65d9ebc75f6e610554,README.md
mrmans0n/smart-location-lib,d53134b602f76e392ffff6745eadadfe9af04cd3,README.md
mrmans0n/smart-location-lib,d774f6e0e00f4c7acbcd3a235083bbea69868f04,README.md
mrmans0n/smart-location-lib,daa854ba9e0e7b724c4d99b64453b06b82e2fda9,README.md
mrmans0n/smart-location-lib,dc4cb3191c5a9a6b31c8a3f2e06be64e2beedfb1,README.md
mrmans0n/smart-location-lib,e39424f064ba53c948d768abf837fe352458ee68,README.md
mrmans0n/smart-location-lib,e3aa51c3dbc502d4142028156f71995742d7c028,README.md
mrmans0n/smart-location-lib,e3d8748d749142fac630a620691842cefe087f95,README.md
mrmans0n/smart-location-lib,e503736dcbbd5fd79844cd6dfbac413430928b4c,README.md
mrmans0n/smart-location-lib,eaa79d16b0fc07ad0df18f69c6647d18dc15c3e1,README.md
mrmans0n/smart-location-lib,f0da0d19b6dc35f8a75d83682b4ee062114db742,README.md
mrmans0n/smart-location-lib,f288cd5e14083f058843914c347ea3f2c6b0052d,README.md
mrmans0n/smart-location-lib,f46665960911f474fa220a789c4a39f34711588f,README.md
mrmans0n/smart-location-lib,f4bd139f00e66c97254caff9729c42129545ce7a,README.md
mrmans0n/smart-location-lib,f54a681328b67dc40183bb05f08ccb657c7341d0,README.md
mrmans0n/smart-location-lib,f5e6ddac53643968c3ab50dcd6f92296188713e1,README.md
mrmans0n/smart-location-lib,f7476b3adcfe9545b137cc95c7203af47f9c9a98,README.md
mrmans0n/smart-location-lib,f77ac61ab6cc978f00d56d7389bf101a198d8e05,README.md
mrmans0n/smart-location-lib,f784efccbec4bc20a43fe6a1d5096e7c7a7b59fd,README.md
mrmans0n/smart-location-lib,f8076a5088534613113ab21cc11c9efdd38f8f95,README.md
mrmans0n/smart-location-lib,f8a6d95045effc46d3de73f5723d3f9bb6699928,README.md
mrmans0n/smart-location-lib,fabaa326960e38450c7b3d94a6e4627b3d242199,README.md
mrmans0n/smart-location-lib,ffe790c42dc8d004bf830b00356e190051d86117,README.md
msenin94/mk-post-deployment-checks,01277a11f00345d4979160298b650775d9084e2e,README.md
msenin94/mk-post-deployment-checks,08b8effa155a1c2aff093ee98df9ae5b64d502fa,README.md
msenin94/mk-post-deployment-checks,1338113d0a43979f608c69053d5e1bd7f5865e71,README.md
msenin94/mk-post-deployment-checks,4baa2b1c20c35cb664bac72461a3d99a97252f24,README.md
msenin94/mk-post-deployment-checks,6f3c5092d57a1d432fd740f59c31b109673a277d,README.md
msenin94/mk-post-deployment-checks,7aaa3e3354f478e9317a04769e8f07ae3e43265b,README.md
msenin94/mk-post-deployment-checks,a1645303ed0f1b3f2b5f344704ce5592fe7516af,README.md
msenin94/mk-post-deployment-checks,b39149d1d18df180e767b46e898d93a6798a7d3b,README.md
msenin94/mk-post-deployment-checks,f54f387710906518d7fb6ad994658323c92a308e,README.md
multiformats/go-multihash,0c03d8b1022b0173ebbca9da7364e53e31038dd4,README.md
multiformats/go-multihash,11bae57aa1cf61b615bc741a834fa2df4694c971,README.md
multiformats/go-multihash,12656686c2c50b7bda09388bba94a21fae6a25c6,README.md
multiformats/go-multihash,31c3a74c91e5b82e7786023c84acc4d0a80affc9,README.md
multiformats/go-multihash,3f4c3613d2e10144b1611d47a1247f10e6e7158c,README.md
multiformats/go-multihash,773f794610927c835fe4078c4e54adc6e94b630f,README.md
multiformats/go-multihash,7c7d1665f007fcbeb878c9d445575a6838a3b1dc,README.md
multiformats/go-multihash,c1e545ff795965b876e305d21b988848cc7ce9e0,README.md
multiformats/go-multihash,ccbe2585b623e173b88a781d7a8bbefd3e2860f4,README.md
multiformats/go-multihash,d347e54ee43197a19b4dc7184bc2b9d1343cd368,README.md
nmaguirre/eiffel-bank-ocr,38c9355018c44675243ccac0b4410516e78dc456,README.md
nmaguirre/eiffel-bank-ocr,780235ee0e5042985291cee17017822cf42ca868,README.md
nuxt-community/nuxt-i18n,039f282059d497e2cb0cc6cae51216b26d62af52,README.md
nuxt-community/nuxt-i18n,08b17b8dcbdae56748a609127465cec54958ce51,CONTRIBUTING.md
nuxt-community/nuxt-i18n,1556346c2d1d098e4e52181c5868138cdfd56cbe,README.md
nuxt-community/nuxt-i18n,18546f3b4a17b31ec361c7c4311d0b021b32242a,CONTRIBUTING.md
nuxt-community/nuxt-i18n,2357097fc93c4286a6afe7c467f49b7a68eba1f3,README.md
nuxt-community/nuxt-i18n,268a648e7c713104e67222c70c50492b5c759b83,README.md
nuxt-community/nuxt-i18n,3285793e06e7663d79994207707613f5a7a3aa27,README.md
nuxt-community/nuxt-i18n,333a2bbe4d16e41e0dc528ffe5f0aa9373c209c5,README.md
nuxt-community/nuxt-i18n,3e429888d309c20fd09be4af6a8f9582a564ecdc,README.md
nuxt-community/nuxt-i18n,4aeeeec78408ad23c8c5fd2426f9904a0b7222f5,README.md
nuxt-community/nuxt-i18n,4e2aeb4b1864ee27137ddf687338f744e7441408,README.md
nuxt-community/nuxt-i18n,5c40ec1c61470433575e1808f16c7a8bda38adb1,README.md
nuxt-community/nuxt-i18n,695054aca3b3a2a93c0b65d5d2fe210393e7e127,README.md
nuxt-community/nuxt-i18n,7930a2773311bef05bd98a3a98540ce17b6a7d6b,CONTRIBUTING.md
nuxt-community/nuxt-i18n,79def9d6be33a35edf738263305ab36fd98b7e10,README.md
nuxt-community/nuxt-i18n,7a330ac89c4635d971dc003c1059e6b7aac0d3b3,README.md
nuxt-community/nuxt-i18n,8517576a1a90e7555d5e10f90532188a337548b4,README.md
nuxt-community/nuxt-i18n,989d775ba39807bd0038ef15bd5369a574f9dba5,README.md
nuxt-community/nuxt-i18n,af7366ff39bc7522562312b6d6283801a7d74f84,CONTRIBUTING.md
nuxt-community/nuxt-i18n,b51d9439984a5ed5c3c35bc03a382f7c32cac953,README.md
nuxt-community/nuxt-i18n,b655a1c2595324924d170e4ee551dd10a763c23b,README.md
nuxt-community/nuxt-i18n,bf63a098c4d80f7ea18fd1e48e9ea30d8ce97200,README.md
nuxt-community/nuxt-i18n,c54b97e88d46e3f76958093ca31ea9cd71335c83,README.md
nuxt-community/nuxt-i18n,c5a55a32dcf9fc212030e2bd6a0e80246a373551,README.md
nuxt-community/nuxt-i18n,c60eaaa1e3477f09cf644ea9b3cd88077d19ee47,README.md
nuxt-community/nuxt-i18n,d20c6541e55b8ee340d494795f0c7d0b9f08faa5,CONTRIBUTING.md
nuxt-community/nuxt-i18n,d20c6541e55b8ee340d494795f0c7d0b9f08faa5,README.md
nuxt-community/nuxt-i18n,d3f9927b307e39ba342a232d8086fad2f2255374,README.md
nuxt-community/nuxt-i18n,d6405256f70435f0a13816eb7203d10a6150d5c2,README.md
nuxt-community/nuxt-i18n,d65024d6da47f8528bfd44e1cb379315ea6dbe02,README.md
nuxt-community/nuxt-i18n,e9774301c1e9a856674308f0d92d8bcb1dd45941,README.md
nuxt-community/nuxt-i18n,f513ee7bebb33964a9d6e15609c997848bc76825,README.md
pelodelfuego/vim-swoop,0132549e093a6d3d479a2dc6f90a21d22be07a19,README.md
pelodelfuego/vim-swoop,026c71955af886f07c3767a2baf5afd0b65ee1d6,README.md
pelodelfuego/vim-swoop,0553ff5bfca94abe032c764fa045acf6d3740781,README.md
pelodelfuego/vim-swoop,07e65ab96ec6fbd4364542a60bfe2f6312d459d3,README.md
pelodelfuego/vim-swoop,08774d635d5feaf6e55ae33b74c6da29937da639,README.md
pelodelfuego/vim-swoop,0ade72bc7ceb9fc7a4e08c8bec3f431c1dd67b78,README.md
pelodelfuego/vim-swoop,12f96fbe49bad6c1b2925a79fa7ef8023b540452,README.md
pelodelfuego/vim-swoop,1b7e22822b74e26a4571f91c7d66b5b9a32bbfd7,README.md
pelodelfuego/vim-swoop,1eddd4485abdac369f74d947f2c4e3ef04a07327,README.md
pelodelfuego/vim-swoop,23d01011ea55c2823db157820bbc9436cb762a94,README.md
pelodelfuego/vim-swoop,248c70e806dc5e7592b724ce63eb6acbca3e27f8,README.md
pelodelfuego/vim-swoop,24c4515ab5cf129c1df2c59c33e632e15654dd1b,README.md
pelodelfuego/vim-swoop,25f0a445a486ea125e1a3f118bfb5af80b9689b9,README.md
pelodelfuego/vim-swoop,284218b3261b53ed30cdcd21ae6be6edb2158ef5,README.md
pelodelfuego/vim-swoop,2d12dff675be90d4ffcc48acc6ef18c40eeb2a57,README.md
pelodelfuego/vim-swoop,2e1886aa7c8326aafb0b23601d7282f464192957,README.md
pelodelfuego/vim-swoop,304737971ccbf5d2ad3740c47cd1e698efe9f7fc,README.md
pelodelfuego/vim-swoop,31dc363dec0834c8f9116dd6e448fc5c6f6e6f3b,README.md
pelodelfuego/vim-swoop,329d6beecda7dc52cd8adcd835d24fb85f9b8f57,README.md
pelodelfuego/vim-swoop,3661fc20530a0f36991ac8e2eaf7de30d6560a25,README.md
pelodelfuego/vim-swoop,40b336aaa8c64d952cbb00588e5b1acbe531dc3b,README.md
pelodelfuego/vim-swoop,4280fa7a0398921b8ecb94f4cfff715082a0efdb,README.md
pelodelfuego/vim-swoop,4472730e395222c6b3a1732e195533e7c481516a,README.md
pelodelfuego/vim-swoop,492869a6b1c134772bbe15514d570400abe956a4,README.md
pelodelfuego/vim-swoop,4ebc2d0c6965d6dbb7690a3b1801b826460e7709,README.md
pelodelfuego/vim-swoop,5b2cfc03caa588e2bc47ae04777abf331fbd1fe5,README.md
pelodelfuego/vim-swoop,60b80b40baa6b5b97d73f09f3339d9a5cc4745e7,README.md
pelodelfuego/vim-swoop,679a132633e7326222c7b9e627b55bf50417d09b,README.md
pelodelfuego/vim-swoop,6bd0d917690d7862b6cfe7af3f8e6424d5dac4cd,README.md
pelodelfuego/vim-swoop,70067ef9797bd6c244d0708c7bf0d7ea9f11af70,README.md
pelodelfuego/vim-swoop,754034502d1e2620c96656872691c7c42ce70cf9,README.md
pelodelfuego/vim-swoop,78b86e732a4eee2167f626d23ac943374f40cb89,README.md
pelodelfuego/vim-swoop,795290853471f880dfc26de720d10fc37fed8fa4,README.md
pelodelfuego/vim-swoop,79cd802f62185ee8919584d801fce52191015ded,README.md
pelodelfuego/vim-swoop,7cc0adec05d803cb9326a29831826099294997bb,README.md
pelodelfuego/vim-swoop,7f0e3322978771291a5ac4b950e7bda9fb6ea1d2,README.md
pelodelfuego/vim-swoop,81fb429d330cc221e6bf818e4feb88c22db77b2f,README.md
pelodelfuego/vim-swoop,889f422255ad0c320298501811ec8f60c7ec3739,README.md
pelodelfuego/vim-swoop,8c4cbeeb77f633eba4df57eac2c8fd93d33cbe3a,README.md
pelodelfuego/vim-swoop,8dc61f4fff2b7ba4a8afccda7650cd717d28d84f,README.md
pelodelfuego/vim-swoop,906a87948bf51a1864c0445db5931dfb3e9be2ca,README.md
pelodelfuego/vim-swoop,9738d9d7b53249f3e36d075cb4a12dfe38db50d8,README.md
pelodelfuego/vim-swoop,975037ce40f96788e2d35c20ca32923a8163c898,README.md
pelodelfuego/vim-swoop,9ca4d7e6b493a3f26a85b481389655df85fc6f25,README.md
pelodelfuego/vim-swoop,a0647e8445a40b0d33f5f1b17f59472611354aed,README.md
pelodelfuego/vim-swoop,a5a2e9056e50f9038477e8324168cb05723ab667,README.md
pelodelfuego/vim-swoop,a82f4a668f5667c076a12d975e665ea0a3c60033,README.md
pelodelfuego/vim-swoop,b171d9409c7547ac5827a054ff3e5efe814eb525,README.md
pelodelfuego/vim-swoop,be4ea06516e18c156726f8c16487d7ff51240d7a,README.md
pelodelfuego/vim-swoop,bf2cc9dec9d0557507541186005e23b18c63f549,README.md
pelodelfuego/vim-swoop,c53ea7001e3066550194a9f530a86930a42a8f7f,README.md
pelodelfuego/vim-swoop,d28fbc831d35ec3625765f0242d8b04125c1994e,README.md
pelodelfuego/vim-swoop,d531f64824de3ce4b432a223cb44a2c756cc8cb9,README.md
pelodelfuego/vim-swoop,d54f5b2081cc6532eb7041df075bfb5960271bb7,README.md
pelodelfuego/vim-swoop,e1ee52a07c3fa6b952a15807dc74471155100f06,README.md
pelodelfuego/vim-swoop,e24e353afb385a44cb6c0e928d8395fc8f74f6e4,README.md
pelodelfuego/vim-swoop,e4cfb41d1bbfbeee1df39ef2f6251085911d2e1f,README.md
pelodelfuego/vim-swoop,f61be4b2446f81d534fb63bcafcd4b4a39dba0cc,README.md
pelodelfuego/vim-swoop,f7b3dd29fb31e8dc8a70c219e7f32d2af0582ac6,README.md
pelodelfuego/vim-swoop,f9657e80efacf019bb3f0c0bd5290bc853179732,README.md
rackerlabs/docs-cloud-networks,04c60405a5b6f25bf7f0d16ac9628bbf9d83fde0,README.md
rackerlabs/docs-cloud-networks,08000aa0d9a772e6d7949785680cb3a6df29e4a9,README.md
rackerlabs/docs-cloud-networks,417d939e964c59dfde1e8130d9ab8dfb7f7f23f2,CONTRIBUTING.md
rackerlabs/docs-cloud-networks,417d939e964c59dfde1e8130d9ab8dfb7f7f23f2,README.md
rackerlabs/docs-cloud-networks,683bfbd84d8512bc701c285a35cec09a703b6de9,README.md
rackerlabs/docs-cloud-networks,8cc19f247875a1cf8503b022d68fdfe780b3ffb5,README.md
rackerlabs/docs-cloud-networks,997d832fd1e9120a3546003950e60ae1faa65579,README.md
rackerlabs/docs-cloud-networks,ccf2c3f9ac138c432b932d4c11bf1183e33ea234,CONTRIBUTING.md
rackerlabs/docs-cloud-networks,e4a8ffb63a53d9cf83eb65858a0bcdcbe0b9211d,README.md
rackerlabs/docs-cloud-networks,e567ddbe3df67c3ff3b230d85a5d0d6f84b306b9,README.md
rackerlabs/docs-cloud-networks,fb59952a0f792ab43a222b6589ced5d5e3491d21,README.md
rafi/vim-config,000be8dcb215c1f2b6175e2a33d6a7a0df87b89d,README.md
rafi/vim-config,00329dd6fc6a764e4c2b98488d2a56b5a339a26a,README.md
rafi/vim-config,003b945195e03f8cd471f6fa7740af7014192da3,README.md
rafi/vim-config,005eb808506c2a7bb8a334c0cebee76c0d267b75,README.md
rafi/vim-config,007266a9fda655903b73279c3fe10d398da52bf5,README.md
rafi/vim-config,012a9da3aea7b1cd637adeba7b2f8763d5719c56,README.md
rafi/vim-config,015be035f13411aaefe7c21f3f2dfb08374a21fe,README.md
rafi/vim-config,025a40687aec4e21de212755d163583816b2aa50,README.md
rafi/vim-config,03c5c0d614963bfa219f0aecd00bd220c2368784,README.md
rafi/vim-config,043a65ce68c53f838fc4baa0f8e812817fda834d,README.md
rafi/vim-config,0460d553f5725b892083bb4bad159d1a96770ea3,README.md
rafi/vim-config,052a6f56ab9cbfebd255d7e09fe758c3a06ff706,README.md
rafi/vim-config,061a1661c99636a632ee804f2446b7e5d74ea6ea,README.md
rafi/vim-config,063527397edfc0299bf9216d7e9dad130a967cff,README.md
rafi/vim-config,066510fe9c97b683b41eabaaf626069872d16fed,README.md
rafi/vim-config,070287658bbe235627c6d14348eeb42a0c5bd3d6,README.md
rafi/vim-config,07e7fa10abb3923b1b9199ada0095fe89f6d0b7e,README.md
rafi/vim-config,0850e543e90d2dbacd4e3e91db0e977d153c309f,README.md
rafi/vim-config,08dc7ed6edb98528f3a0c05ed56dcb7a4cbe0598,README.md
rafi/vim-config,09ad83bfa67c1a2876e0edba9b84df560d134a40,README.md
rafi/vim-config,0ab79bf82710056b2510f0630fdb9d369ba4be87,README.md
rafi/vim-config,0aee60f0a2fa011c609bf5f8387f4c575387efcb,README.md
rafi/vim-config,0b197c618abd451c6f65404ca551fa91b759da94,README.md
rafi/vim-config,0d4c8fa2b0306e7f3653b0a3a24a801332859b1d,README.md
rafi/vim-config,0e56d26e4ab40566fc8f5b8bcdfcb52729f55d16,README.md
rafi/vim-config,0e743fe0f5d97b512829f2202fb6fabdb63a7d20,README.md
rafi/vim-config,104b05c6e32bdb04e0b4c1457a1b09b6b67bc525,README.md
rafi/vim-config,137271a0a251aa800e462ddfbb96873935fbb39c,README.md
rafi/vim-config,139aa3b27e5b0fc0348845708d78d9a0d4e8a9af,README.md
rafi/vim-config,13b3cd704ad3140f9b2fdac553b90c280639b020,README.md
rafi/vim-config,13b948d72d77df8de0291b0c9d33684cc1cc2e97,README.md
rafi/vim-config,142fbb975b4dff74eca65879113425146fa34db8,README.md
rafi/vim-config,1457be4b7c3991ca9b312faf5e457b59054c40e3,README.md
rafi/vim-config,1484aee59ed544a70e6d46186fcf17c66f691e72,README.md
rafi/vim-config,163ab6e847cf3a514efd0bb207df6bd3ac4cfd33,README.md
rafi/vim-config,16437c303a76c9f537628f058050adb0d20a8c1b,README.md
rafi/vim-config,16a8c722d7da4e69fa040d511712f2e4505f3e22,README.md
rafi/vim-config,16ee424004a73907b07c8bc74cd9f59ce6699464,README.md
rafi/vim-config,17c3410d7bb3f446963f0135f7e6752254ce7b93,README.md
rafi/vim-config,17c94ec4a806bdb444748dce1679619750d07532,README.md
rafi/vim-config,19a5e6c1fe36a46131e6bf1f964a76ab4596d078,README.md
rafi/vim-config,1a1a4d6d17ba79e8277da27bb0bc0c9b1ae9e6f8,README.md
rafi/vim-config,1b9d3847ce4adf7e85832cace167ec94ca9dd189,README.md
rafi/vim-config,1bea5f37b59811413066ce894160b8c0e5ef97b8,README.md
rafi/vim-config,1c04b3888dcb4cb39649cd4003c01d6def100b41,README.md
rafi/vim-config,1c64270ba88144d5a8efc68df0330b52fd3f8c5e,README.md
rafi/vim-config,1cb7cb6effd4d84d4963359c9a7a7db9c670fa1c,README.md
rafi/vim-config,1cff57fa0ceab9bd8771b796e0aabe53cfed7db7,README.md
rafi/vim-config,1d1fb346727c5f146b2bc13d7deb5cdbf35e92f7,README.md
rafi/vim-config,1e69092f09e83304baa4b493a568a3ce634594dc,README.md
rafi/vim-config,1e7413e751bfb93667c1f669871efbbb43164976,README.md
rafi/vim-config,1f55908236714db6f09e6332e643f0db3f9f58cb,README.md
rafi/vim-config,1fa750d8d92982cb0cb5140beaf465e02b63489d,README.md
rafi/vim-config,2051063a33da592c2949a742bc5b7a57137fd656,README.md
rafi/vim-config,20e63d9640303ca7f2fc6acde8466b6a9ebcd482,README.md
rafi/vim-config,224cbb819b8e77ebdbf12a61fc2f2f084bc73231,README.md
rafi/vim-config,22ff58fe5e5f6acc3ee25b2d5f71d2b0ee931318,README.md
rafi/vim-config,230febcd12e1a4c27f2ebb2241c8618846b766b7,README.md
rafi/vim-config,23a50f104d634e5e4a19843b4905f4c47192c8f7,README.md
rafi/vim-config,24999e02b71e0608e0cfe6ae46497fa20c4ee886,README.md
rafi/vim-config,24ec1cdd192c798408c289d29f379660d9d59758,README.md
rafi/vim-config,253ff124521d5b9f4ed57897835749178fd8132b,README.md
rafi/vim-config,2547b411569fe5264beb75e515e4c9ca997212ad,README.md
rafi/vim-config,25ab45b4135218568fea429ca7953f3c744fa499,README.md
rafi/vim-config,25ebae67f528a873ab5ad4fb245850451bec4b9f,README.md
rafi/vim-config,273f36418285879f3482d773a336bff528111c0c,README.md
rafi/vim-config,279785687f0da101145d85372d6558af01532d20,README.md
rafi/vim-config,287794b1ccf1ba59e22d9fc1d643fe4e0e0c2267,README.md
rafi/vim-config,29042ae22bab823e484ad96d4956343b437d287e,README.md
rafi/vim-config,2b122741fa5481d2383bf035c6189ff2009363a7,README.md
rafi/vim-config,2c238739e9964d94d7dc8f8433f4688efdc39613,README.md
rafi/vim-config,2cc6edda4eb41a1f11831069d13e48adcac90f28,README.md
rafi/vim-config,2d1a10dace476fd59275fb7f112fc94fe7d5f16f,README.md
rafi/vim-config,2da4275a76cd3aae05dba847a859221ea2f7c813,README.md
rafi/vim-config,2e082afd6f3817acadc204e36fb13ab6268c0625,README.md
rafi/vim-config,2f38180a94b5551927127fcde5dc57db271a1d4b,README.md
rafi/vim-config,3149b76b5029e88dc84801929e0b28e42a5fb5ae,README.md
rafi/vim-config,3598a87f84caef0e9b45bf1ca4adc0c1f1dd6b77,README.md
rafi/vim-config,3689ae1ba113e2b8c6d12f17281fd14d91e58027,README.md
rafi/vim-config,36f309262103da3bb66445ddda9e89a7d1c7252f,README.md
rafi/vim-config,37208ebb6376975f97e469f2b7adb2bb14556245,README.md
rafi/vim-config,373507350dc90a0f788fa5880c5e9efccf24b0a0,README.md
rafi/vim-config,37b4ad3d7ac96d4fadf4f97fb7a510fe3ffa780f,README.md
rafi/vim-config,388082017fbe7a52f688012c5b04e3f505030368,README.md
rafi/vim-config,3891b5e7a53bdc80f06b5d73226eb75cf763cae6,README.md
rafi/vim-config,3b630bfeb56c5154cc221bbfa0c08ff6f3161704,README.md
rafi/vim-config,3c02788f37ca3f6ae6fe5aeda1ee095c61286ce5,README.md
rafi/vim-config,3e379acd59be843e502f4bd01a2dfe63fdb7c2da,README.md
rafi/vim-config,3eeba1e1b124a1c4a712bb871f4b38ef95ed8322,README.md
rafi/vim-config,3f9caf893576161efd5df697f29d4ef9b62f216b,README.md
rafi/vim-config,40d6a91f6bf542f63a154385fb430976b014f239,README.md
rafi/vim-config,4312b904047da5af15af4b7b93548fb24d1fb4c7,README.md
rafi/vim-config,462f3a2b03cb861d31ff630b717f17ee805b91bc,README.md
rafi/vim-config,48af154d1c1908e371c0a2b16043446569e74312,README.md
rafi/vim-config,4971431db187fb0f255818634b739cbb3b293416,README.md
rafi/vim-config,49c16654de9b31231a748b8dca942e5c2a76a757,README.md
rafi/vim-config,49d03d433a07956e51b79db4a8034e16da8f8815,README.md
rafi/vim-config,4a867d806ed968e40217ce3af9925d1eaa1bf6e2,README.md
rafi/vim-config,4bd09a00137cca42b5282fc3b37088e9b250f746,README.md
rafi/vim-config,4c4d3f84889a7931d358c0bbd666eff202f6247f,README.md
rafi/vim-config,4c4d5a066f71524e0b3e480f0bdb7a515a6dbb3c,README.md
rafi/vim-config,4d212a33d2b608d7bd6e506e93b778c09e3effb0,README.md
rafi/vim-config,4d8293faeb219205e4a845b08db384a12cecfeb1,README.md
rafi/vim-config,4e5404c35fd814d6cd033dfa8fab4cf735237c28,README.md
rafi/vim-config,4e8380782e95e7574c18287eb18193d33d6446c5,README.md
rafi/vim-config,4eaac2893f1b72cbce010ab12743c686e8b2408a,README.md
rafi/vim-config,509e303a99c9e885c2797515bb6195a36a7ec490,README.md
rafi/vim-config,520b2d26b3f84e7833edd5a536dd7541483c2324,README.md
rafi/vim-config,5218f7f925ff169cbdda19dc83b90cca80b11f2e,README.md
rafi/vim-config,54055a5ffff0eacd38f57978fa186620d97d0551,README.md
rafi/vim-config,5419d4e422ab065b4bc7989808fd1c2db5925f62,README.md
rafi/vim-config,551f7d88ed93d5fd71d77c873acbd245bdcf8a93,README.md
rafi/vim-config,55372b83702edeef306eeab9b4eb2f8dab29e5a2,README.md
rafi/vim-config,56df7b75dd33288724039ea25c35cdc1e02fc421,README.md
rafi/vim-config,5a02aedc1a08cfd66048c15311a306a4b8eb8491,README.md
rafi/vim-config,5ae35f30ad478399d9b577e9cee62dcea14b3ec2,README.md
rafi/vim-config,5b0c97c452e6a343b968f960b44a682ec3f0d6b9,README.md
rafi/vim-config,5c40af2bb99df6f0f42c1e404162bf63607a9a4d,README.md
rafi/vim-config,5c7ff282d07333a40877455cf36e809d3c155234,README.md
rafi/vim-config,5db40a132980567ec04069ac93ce11c23b81eb90,README.md
rafi/vim-config,5e8c222571d3b840df6aa85bbbb448f7215229ae,README.md
rafi/vim-config,5f4bc7f57f1b6f5baf99ea26f1c39fbe57026786,README.md
rafi/vim-config,5f63a021154c72cd4119f87951268c00922045c1,README.md
rafi/vim-config,5f87e1e8999b5218181efff5fcade06a052b728e,README.md
rafi/vim-config,5fccb2c294e82bfcbc18434d843c95ef8dfe2def,README.md
rafi/vim-config,605c1be8ee5bfa4d6e38f98bb6801a7d70f2f5a5,README.md
rafi/vim-config,60a52d6c216645f283b4741063c9bc96a58cd683,README.md
rafi/vim-config,6312511333b12c313093402986207f7ad8b34190,README.md
rafi/vim-config,63fff0726875ccacd3934fae1fc189a6de417ebd,README.md
rafi/vim-config,654e73e2f6c3fe6e634ae4b8c9e8ee5df79d32fe,README.md
rafi/vim-config,65706e65d24b6ae8647fa7ed8dc8cb903cf04484,README.md
rafi/vim-config,65e6d1309b2176d839eff939b32ac4abc8fbaaaa,README.md
rafi/vim-config,66d78f533bf8bf2a53bc1e6bae1470165a437fca,README.md
rafi/vim-config,66e6faae808f52a41f80f8493ed0122a6e5145ae,README.md
rafi/vim-config,66e85d4f6edbfdeada155b234f6c1af0b6836006,README.md
rafi/vim-config,67a102d30137b63e6f411600b3849b71e500084f,README.md
rafi/vim-config,69af7a36ea1197b107d407cd2bea23683aa988fa,README.md
rafi/vim-config,6a6731627df9ece2453dcabce5bd6aa9b047ac5d,README.md
rafi/vim-config,6bdd6c17f4c5a5dc2d879d05b1105400342031f6,README.md
rafi/vim-config,6e7dbdc7e53b601491969a78002b55e5b7248bb5,README.md
rafi/vim-config,6fce4b5a25f0f197f8fe5e929976828a76687489,README.md
rafi/vim-config,71ed48d3a4695f4441155713584531098241c73c,README.md
rafi/vim-config,71f5c8fe4fdace95e5467591871942cb56184526,README.md
rafi/vim-config,72662d31f1cd96090e416e92a8ddaacf3464feb7,README.md
rafi/vim-config,7338e59527a7046b67cf77a6f0db27091879e5a7,README.md
rafi/vim-config,73542feba065f0a2797c4df229fa6fde81e048b4,README.md
rafi/vim-config,745a37b9f2d859ace5eeac6d997e41b4185fae1b,README.md
rafi/vim-config,750275fbe549e729340752b191152fb640633a3b,README.md
rafi/vim-config,7562533aecb065ddfa0204ad7f3f8d5fe9e8d5bc,README.md
rafi/vim-config,76a4bf4277d70ab995e584a3465be5ede5858a8a,README.md
rafi/vim-config,7816eb8d1a4e8b8a42c3e32164673cf45930b5dd,README.md
rafi/vim-config,78ca5f069a55f5018342982fb729be107effc305,README.md
rafi/vim-config,7ae731386c2f1d19f86ad446b2146d672ab9b463,README.md
rafi/vim-config,7c95d3c20f9a7ca1ef4355fd75640bf66d930801,README.md
rafi/vim-config,7d145d1e2960991f3a2109e1718cfee0b55a9010,README.md
rafi/vim-config,7e42c0d7485ff4ada9d8912750f10104dcf561a9,README.md
rafi/vim-config,7efe81b185aba0048856782a70e02d49113093d1,README.md
rafi/vim-config,7f1f42812b64385ec1ccff097f92d6346e48bbaf,README.md
rafi/vim-config,7fb3c88ee2d3aa055b5c12d734d2a18fda8e2d63,README.md
rafi/vim-config,804ca5a8212f30ae0c7560fc682f1edb24b929ad,README.md
rafi/vim-config,80bb5ef1b79bdd8b611e5bb8188329f40ac87032,README.md
rafi/vim-config,82d10ed7f58f79f02b0e90595a72e78171f454c4,README.md
rafi/vim-config,83efed6aec4619c57dd10f3405ec64b88ec7e441,README.md
rafi/vim-config,8408fb3b94ac23ec81d70ffccf09459f31173649,README.md
rafi/vim-config,84400b279bb7cd6cee71ea3663144fdc69a21142,README.md
rafi/vim-config,8792cec70f5edb63771a09168f90d39a72e96d09,README.md
rafi/vim-config,8835758144249f35a5b028cc1de57fc5fd9bd25d,README.md
rafi/vim-config,88dace4fb37d29621dd69e94fdad1387d7053339,README.md
rafi/vim-config,8a0fae9e38ff3464b8287f5a0e30e90bdf32ea42,README.md
rafi/vim-config,8c2e10274352873ada97bf322bb3049e282457bb,README.md
rafi/vim-config,8c37085ae523ce87728c289916c286dd56829844,README.md
rafi/vim-config,8da6f1c4c57296beee4e7f0c6ed414fa084e4fc5,README.md
rafi/vim-config,8e56080e8ce00aa1bdfc5a5b29136d484d36b5c0,README.md
rafi/vim-config,90618fd98b53974b4e8cc074c7bbe4e07382af25,README.md
rafi/vim-config,906cedd5829ee967a991ed40d6bc885e7a7a69d3,README.md
rafi/vim-config,90fe1ab2d2ba86ff9d0fb0c5876f263f647dbb88,README.md
rafi/vim-config,91a719716b50693c923689b1885b732af504a47f,README.md
rafi/vim-config,9226f6ecd0a8068cf0c56aa4a3a53dffe67f2251,README.md
rafi/vim-config,936b5a0c74b3a6444e6812389f1de9e87ad1ae7f,README.md
rafi/vim-config,94ccfca61084586d7af010a01a5e860cd00947ee,README.md
rafi/vim-config,94d8bf4d50996f7c1ca1fdec9288a2ecb1f64430,README.md
rafi/vim-config,95478b650b6d8f7d866f167eaf29fdc1065cbf18,README.md
rafi/vim-config,95a7ce8a17bad2fc923716252409a43effc87565,README.md
rafi/vim-config,96b9e50e7f8b0a49d06bc3414d57779255db20a2,README.md
rafi/vim-config,975a2e0531c924fb60b2b9aefb73540e4bc2e9d5,README.md
rafi/vim-config,977afe43dd3207c479f56f5031a605377d9b5947,README.md
rafi/vim-config,979ab23059c8a7561631db8b841f4e4bc99f1095,README.md
rafi/vim-config,9848fc167992da6256fb80b3878173edbe998471,README.md
rafi/vim-config,9882554c3e4207c885d0771fbf98f1f2187fcee1,README.md
rafi/vim-config,9a1abc3251807cb7a98a82e9111df9c7be6e582e,README.md
rafi/vim-config,9a414adccbcda15b8e8c975cb1bc29e9477310be,README.md
rafi/vim-config,9ac8df8accd33fb44973408da3a3e874bca45a64,README.md
rafi/vim-config,9b025ed4c50b9e8c7d83f6b5d42d493d5cdb3cc2,README.md
rafi/vim-config,9c0e128d9d242fa337f530e72d47c619ed2662bd,README.md
rafi/vim-config,9e60f5791f738a8152ff47d0150ecf1534b57575,README.md
rafi/vim-config,9eac39c64426030c364060966c4f22ef51029d5e,README.md
rafi/vim-config,9f008d09273a022b9610336729575a6d311e2af4,README.md
rafi/vim-config,9f070f7bc20eb538ce893a31c388a0dad87952c0,README.md
rafi/vim-config,9f0fce58540862c877c391c9794203d12e22f193,README.md
rafi/vim-config,9fa237bee0cbfde31785166b6a10ce61f3cf2e07,README.md
rafi/vim-config,a0f818b15a043403e5531077072af0073a4575a4,README.md
rafi/vim-config,a1b328f512099c68c8409d3f9e16cecf6a24ee12,README.md
rafi/vim-config,a1bcb56152a395c880f69aea3ea2dc2f44e77fd0,README.md
rafi/vim-config,a345af1768634982247f96e54511576b8aeeb5c8,README.md
rafi/vim-config,a3496ad3b1a64dc5c652aa92b0b8f9ebe9271957,README.md
rafi/vim-config,a4897795574f6bf299f710b8106d2b32beccf072,README.md
rafi/vim-config,a5c4078702ff7fc3f66d9c4c6d9b0b46ea111b68,README.md
rafi/vim-config,a6483f350898409ce8ba893797d91ee51c2654a4,README.md
rafi/vim-config,a6e648425ed1e663fe2be35b5b138607ea39153c,README.md
rafi/vim-config,a7685f8d248555ec4a71f0e755ff71201f975804,README.md
rafi/vim-config,a7b66ee91f265d629b0fc64720435cf08cb89386,README.md
rafi/vim-config,a7ebe7d7476aef9b773b1de3feedb6c2cef23302,README.md
rafi/vim-config,a7fefb108414a583a634c35d251457105ab2b68f,README.md
rafi/vim-config,a808394190a0d210b415086296a465d19f4410f2,README.md
rafi/vim-config,a8a74766178c167495a498599e885c7ff8c4ff5d,README.md
rafi/vim-config,a8ad2959fc982a46849177e09313f21bcd16dfe8,README.md
rafi/vim-config,a9050572dd4f3a36dc800651077928e4d0971cb4,README.md
rafi/vim-config,a991ad0861a9b176428b8e579e464c8873ac43b4,README.md
rafi/vim-config,aa38e3449a7f2f75c410e0b78b16f1b1f7898e01,README.md
rafi/vim-config,aa4cb195fa61d4e7a5138db52ac450b973b1e316,README.md
rafi/vim-config,aa74fdee2270376dfcce338649e74993c3f714d5,README.md
rafi/vim-config,ab442809607e5cd2c6866c0d96ab3cb668fb542c,README.md
rafi/vim-config,ac06301f49110fb1d3004b94695e85e04731c1f7,README.md
rafi/vim-config,ac6349993dd75835a3a09dd38a35c674299bc405,README.md
rafi/vim-config,ae28e0fd4b71fdd5e0ced66ba3743aaef8546a8d,README.md
rafi/vim-config,aea808bda3a3c9a5d018aae275ff88e89b5e09a1,README.md
rafi/vim-config,b007afabfc8af43e3dbb7ad3aad6ced37f0dbd8c,README.md
rafi/vim-config,b256963ea1cd5ad21bd16c92b1556333919afc4c,README.md
rafi/vim-config,b39e45574589a86dd3522838a9c32b5405f8efa7,README.md
rafi/vim-config,b4bfc5306467c44df6e63c5a67d93a9fc7a3e1f7,README.md
rafi/vim-config,b51ebbd6b006892f89ebccb6e3991332916d4a65,README.md
rafi/vim-config,b68ed7398c0fc565017f2b14b579ed61a2b85820,README.md
rafi/vim-config,b6e7b922b9325b7698359f93b637a98cd01495de,README.md
rafi/vim-config,b7d6f457fec6a3a8ef7447526f00549beb43d458,README.md
rafi/vim-config,b8b74085a55ef57b964c22615d7b30841adcc4d9,README.md
rafi/vim-config,b95b67c318475fb087004c22d76aebc5095f8e3e,README.md
rafi/vim-config,ba228113cdec5cf0ba101c778a06c53aa6aee90c,README.md
rafi/vim-config,baf811ddf435b08a2718fa0cbc604ffc5e448063,README.md
rafi/vim-config,bb4685faa4911c42972a58b2ce10f2d813460c95,README.md
rafi/vim-config,bbca2a69988041fa75ae5d781457f11aa0c08dfc,README.md
rafi/vim-config,bc6cf4379e519eb4d8ff407cd08ce7b3ac10c4c3,README.md
rafi/vim-config,bca5045c1f66471249ce312b01796f460ada938a,README.md
rafi/vim-config,be015b04f9d464b9acfaa1fdf92c2e622b1d720d,README.md
rafi/vim-config,be95f4ed39e477cad7aa34df95ce5492274aa6a5,README.md
rafi/vim-config,beb8d869c0a87a026056f50a6364263a50a64bb8,README.md
rafi/vim-config,c0d6625be1cc9a51637d2e855f925a0523578141,README.md
rafi/vim-config,c139b00825e728e8deb9dab116db821a3c8d6d0f,README.md
rafi/vim-config,c2445e0690811bf0c255f1cd51200bcd232747d7,README.md
rafi/vim-config,c32532824d23bcc0a4dbf319b620549bea7ba31e,README.md
rafi/vim-config,c3e486416ccc6b501bbaaaf6db3a706e2fbad756,README.md
rafi/vim-config,c421353ad8942a491699208fde5b39ac6f4f70f5,README.md
rafi/vim-config,c443b12a105787dedc5d5df53cf35ce2910c8c8c,README.md
rafi/vim-config,c445369b74ba0cf96ac03032baeb953a5b353d7a,README.md
rafi/vim-config,c602c9b483a4f5fd20edf0c45567064e80e95b11,README.md
rafi/vim-config,c6c297f5f67b14b702d84703bfbaa5370fb2eae0,README.md
rafi/vim-config,c77953024530bbb623693a290fd7cf4e60029906,README.md
rafi/vim-config,c7e899f13464308fddb1661d7d068659e606a030,README.md
rafi/vim-config,c822625a3d314c6007152751d2eb25846e5958f6,README.md
rafi/vim-config,ca174515da066a7b29bc6b5ed0d1ed251a4b5134,README.md
rafi/vim-config,cbd919ca07b169e265b997cd70d33ec0b69c170a,README.md
rafi/vim-config,cc66557abe6f2fff2804d9fefa3b0a6067be452e,README.md
rafi/vim-config,cc6e90abc7e6e3f1dfabaa7c9a97ce93396cfddf,README.md
rafi/vim-config,cc8c1c36c8ff86243a989f63905a4ac91afb4fb1,README.md
rafi/vim-config,cdecd98da44dc45502c834929d85b7fce24500af,README.md
rafi/vim-config,ce261a81ca6bc0ef9a243d2254851930842fda0a,README.md
rafi/vim-config,cf79809b9c19619d996b47b67daf796c1abd1e15,README.md
rafi/vim-config,d0992b15f4af8079ac69f16db380e28719ff9ea1,README.md
rafi/vim-config,d0e3d7bd100dfae2eaf54ebc7df2794292960cc1,README.md
rafi/vim-config,d28045f4526d27c9cfe5f07a860fdc708be063fc,README.md
rafi/vim-config,d29325b86ebcafcde6368a0e97f48665ad5c139e,README.md
rafi/vim-config,d49e5c0b1f90785ecc8f5a766c97708cfb2c5ba8,README.md
rafi/vim-config,d504d45dbcdc9c5c0cc4823bb4b8942d2e9f41ca,README.md
rafi/vim-config,d621c167b424d848460d397be61ceac686c70e58,README.md
rafi/vim-config,d7dbb4e8a2967f945c6acc28fa3d00ee921147f6,README.md
rafi/vim-config,d804bbaf91be4dbbab6ab046b00168a15c064244,README.md
rafi/vim-config,d975d9408d4dd5005ea29cd432f4884dd31fa498,README.md
rafi/vim-config,d9a06da7d7ade38b587d4301e4fd4afaf2a4e7c1,README.md
rafi/vim-config,da733d539422756c50f9976d0676a863f07e646a,README.md
rafi/vim-config,daec7d95cd4b5b6d9cfc868d80da5e66bb10f19c,README.md
rafi/vim-config,daf684ad53c7725e4ab829592c9dfef5b5ba65fa,README.md
rafi/vim-config,db1e7f7cb527672f9475714a8a61a6855065b0c6,README.md
rafi/vim-config,dc295c15923653b1ef6af36894109416c026ffd5,README.md
rafi/vim-config,dc52397c918a448e531de173b2ee2a3d60308083,README.md
rafi/vim-config,dc5c50512733c3616059049a6a70d82a39edf08f,README.md
rafi/vim-config,ddd83469874f7602759bf9d79f4546c66a202e75,README.md
rafi/vim-config,ddddde00443674fe36422b78118e0fe6ef83fe47,README.md
rafi/vim-config,de4ae654515b0e8e8383a725c7a5d3f619d8d6de,README.md
rafi/vim-config,dede543943e84329d7f6b6c3c2de366cd64f8e55,README.md
rafi/vim-config,def07ff94d32a25cf872bc1cb09d521be4e36f53,README.md
rafi/vim-config,dfdae3d12237d7456807f76fa4fa53c39d7f401c,README.md
rafi/vim-config,e0ac61dbc9b438f394ce072cdbcbc580acc8e226,README.md
rafi/vim-config,e20b51b70958ccd4b3b892f1e797f74ff9ba4d55,README.md
rafi/vim-config,e297ded75fb2b575d236e1bf1e211bc62a5e980a,README.md
rafi/vim-config,e2b9e3e1cf8ffa7fd400d5fabd3fe75171b2f509,README.md
rafi/vim-config,e360c1e0cd40c5ad51bf8a588ffc1ea500ebda9b,README.md
rafi/vim-config,e3e2e00e7026f82114324bf21500a46e5237cc79,README.md
rafi/vim-config,e445804a7a8cc49eb93db1d368b9a56fc21a9e05,README.md
rafi/vim-config,e4a28d3c46ce483bd17a43235c5251db90fc5ad6,README.md
rafi/vim-config,e7166b74b692b2a3cb86df8b95b80fb7ec9a5350,README.md
rafi/vim-config,e71963691e06d435c8b0fda875ea62969e7421b4,README.md
rafi/vim-config,e78b80cf4dd96379654b0d2e6437c2efa1c1a57d,README.md
rafi/vim-config,e8f45fca65ec68993d8503663e4ba7c40d730ebe,README.md
rafi/vim-config,eb0135716b2e8866f7d41327f77a78be4e411c4a,README.md
rafi/vim-config,ec0041b73bf74bdcf0d5f8f1f933c824952a5a75,README.md
rafi/vim-config,ecc924f991a87263edd08ef69a7994b131ffbfb8,README.md
rafi/vim-config,ecd5fb19fcd8bb5b24865f1ccf0eaa4027124739,README.md
rafi/vim-config,ece01e4c5f19701bf131dd173653c11c5d736eb7,README.md
rafi/vim-config,eceaf6c3c1cda0de99cb6ebc2ac91e9d5ea59fcf,README.md
rafi/vim-config,ed1112db97746f613d6fd6df24fbb5516213eb59,README.md
rafi/vim-config,ee34c955caf596a997f3000bb61595ca0890dfae,README.md
rafi/vim-config,ee7e37be3c99a8392dd9b2dc84f223a10a305c59,README.md
rafi/vim-config,eee1ea2f229b431367fa4f0620279c5c50cb052c,README.md
rafi/vim-config,f0124646905b4098e44ea800b8dd7ef9a0bd2de6,README.md
rafi/vim-config,f04fe49630f268903e9a9cbecc080a4b1f481682,README.md
rafi/vim-config,f1000812777d7880040ba4a07cdce367ce354b04,README.md
rafi/vim-config,f30518dc3641e193f3c80e775653cbbe8533539e,README.md
rafi/vim-config,f329b91074ec4b087c01c7cddae4d6348a18fd0b,README.md
rafi/vim-config,f3902702fe8cbc9efb3ce26d5847f45cb00f63f8,README.md
rafi/vim-config,f437c53b1db77190221b832aab93a2ba230b80e3,README.md
rafi/vim-config,f836addddc8c431bde7c475ec7c699cc0a043373,README.md
rafi/vim-config,f8e03850202f435fd4d760bbbb19df4d03ddf760,README.md
rafi/vim-config,f97866ed796e1ac6b7463a221f8d25155f595865,README.md
rafi/vim-config,f9a55853fe9abd9ce7a6fd6e66659a67de517e8f,README.md
rafi/vim-config,f9c796c92317a3ec4f60f42259ae900b02ee661b,README.md
rafi/vim-config,fa0a9011cfc8314dd8c948d18cc2844e8bd9bc98,README.md
rafi/vim-config,fa5cca5b5936a44df00cdd9861b814f9cd982082,README.md
rafi/vim-config,fa6622ec1fe9033ee38f7157d3281b7d9acfc8e3,README.md
rafi/vim-config,fa942d5f993a2f0c0742b486c87dab8b87a1f439,README.md
rafi/vim-config,faa1f860cef29d19898c0bb1a979463ae25c5dfc,README.md
rafi/vim-config,fb3c9eeab7da031d6fc4ca8be65b50f6ce26e551,README.md
rafi/vim-config,fc9ccadb696f319057c663ed7d1c02624d780af7,README.md
rafi/vim-config,fd8da06314f2a3ce9c8b104e267d8a6b8485b683,README.md
rafi/vim-config,fe61c2745cacc56aa3e424b4d649f69717b6f6a1,README.md
riscv/riscv-linux,600cf51b022ea962a8a9d17a7b259c552b4d34ac,README.md
ros-infrastructure/buildfarm,0e9d609872f27fc8e6a83dc4e3b278247f8b0749,README.md
ros-infrastructure/buildfarm,165acc09ba3b3d80732cb009bbbb03980667df88,README.md
ros-infrastructure/buildfarm,3ea190f07ffd4292135f1ff18b9d00c1bf5644b1,README.md
ros-infrastructure/buildfarm,5a1c12b66d9186b3c443a649add9942aeef5d8c8,README.md
ros-infrastructure/buildfarm,5a29677aa6c504374d61bb3e1458d22177b751d7,README.md
ros-infrastructure/buildfarm,68854c0e8553bc10c90b9508638cf12ce77d3fc2,README.md
ros-infrastructure/buildfarm,8107c31431fb39758ba851b385b80f52948ecc47,README.md
ros-infrastructure/buildfarm,9ff465b97e990b5c2a4b57dddcf2a04cefbeb3c8,README.md
ros-infrastructure/buildfarm,cf3437691db91e308745028ebbadb8e2cdaa03ce,README.md
ros-infrastructure/buildfarm,d536a16e11d288ad0fd23a34b4dca627dea52a7c,README.md
ros-infrastructure/buildfarm,dc8721a466e9a478c2a5a98567d9eb1f75d5f00b,README.md
serde-rs/serde,0024f74f34fbbdc44a7b22457faebe36c5cbe7f8,README.md
serde-rs/serde,05098105a8d799e3c4651608ab7fe7992c811122,README.md
serde-rs/serde,0557a7feacdcb0689187669ae41ea1eaa3327174,README.md
serde-rs/serde,0ae4d5bcb23fc3208ed0881aa1c6cee6632aabf0,README.md
serde-rs/serde,0e8d94750b1e43d30e5789bdd0bef4886034e46b,README.md
serde-rs/serde,10f23dddfeb7466122ebdb7f70074120994b809c,README.md
serde-rs/serde,1232cfd1949b946fb0973ef284e858db4075897f,README.md
serde-rs/serde,13a33b3c338c0dbce2b93f6fe654f68fa6389d02,README.md
serde-rs/serde,16af2d9ce77cf45d6fc1ddeb352a676d9bceee8d,README.md
serde-rs/serde,18e077eda96cab6e3c37d31ba52ef3f1f33960b9,CONTRIBUTING.md
serde-rs/serde,19f04f094a95b29f808e42f65f8c3345506d4f0a,README.md
serde-rs/serde,1a1b6fbf85bda46bf024852e1c57087a7b1484d2,README.md
serde-rs/serde,1b14cadf20fb85d5689fe8046a5356e2f7979055,README.md
serde-rs/serde,1b6ae02e8ac3424819eac6bb1da745e3d7414c24,README.md
serde-rs/serde,263a1dbdd716c2b96a523bce9ad45b1eadc81129,README.md
serde-rs/serde,26b1ed79c05183715320a51120880d0d592702ef,README.md
serde-rs/serde,27c8b2d66a7d6e92f48abea257dc6d451ea533f9,README.md
serde-rs/serde,2aeb51ad51bcd9174905bee9b10384d929a995a7,README.md
serde-rs/serde,2c49f9aad33009b9f468ce51388852fa0ae31dac,README.md
serde-rs/serde,2c984980a0faf0670d1d461aac2527feecf9de30,README.md
serde-rs/serde,2d99a50c274631fa20d7a7a04972903193bd433a,README.md
serde-rs/serde,2e76f7013f7f255a943cc929312d2ab6541932c4,CONTRIBUTING.md
serde-rs/serde,305fab7c1694341a20e0c41980c2c5df90e68550,README.md
serde-rs/serde,3167f986896ac8e9ea3e3ac12f6b92ac215fdd7e,README.md
serde-rs/serde,332b51f58afc02406f072848ebffd986f070973f,README.md
serde-rs/serde,332d59f362a3b0744eef91d750cc3d361390f03d,README.md
serde-rs/serde,3a687e5369359cc3a3015b246fccb60ac5979e8b,README.md
serde-rs/serde,3aba2b79b8aa9866d26bca8bb12e946f33559c26,README.md
serde-rs/serde,3bbf70575b517a99956efc3523e4bb33620313b5,README.md
serde-rs/serde,3caac4e6f39c92229dc75ae3155ecfc63ffe0d51,README.md
serde-rs/serde,3d2e3beafefa58da4d6cf2f68fe06319dad08626,README.md
serde-rs/serde,3eec111e8f8c1a17db55d55f3aeb52a6a9be53de,README.md
serde-rs/serde,3f28a9324042950afa80354722aeeee1a55cbfa3,README.md
serde-rs/serde,43624e8e7f44e082658db95dbff795c70af96b12,README.md
serde-rs/serde,46bd36e17c5132a4fa08ecc9bcdd35d201a504c0,README.md
serde-rs/serde,46f88037db239ac87c65081523941db104f56aab,README.md
serde-rs/serde,48997cbb5bbbc613c98a7dd95f800469ac1d43ab,README.md
serde-rs/serde,4ba748c902b56119dee8ce8ccd7ffde8fc0d0211,CONTRIBUTING.md
serde-rs/serde,4dcf7917067d53d7b9b6a3846bfca90e8eec9fec,README.md
serde-rs/serde,4f59cd217a13311916cbcdee99cea7e34a509d75,README.md
serde-rs/serde,55355b6680f60cc56ae9526cf8b3059277305cf5,README.md
serde-rs/serde,55615e8f8e05976826cf6b14b097c73394dd01f4,CONTRIBUTING.md
serde-rs/serde,55eb390778a32c4c87d085a5d3178c741995c77e,README.md
serde-rs/serde,57753c9044d810e6ed3106c4a644090134f37d35,README.md
serde-rs/serde,5a44519a9ac88854883f877b8186a9f6dcbf913a,README.md
serde-rs/serde,5dee9118c7f24e835807f7c3c795988d615714fc,README.md
serde-rs/serde,5e47432ef07337678bed2b197a45be3dde7e2695,CONTRIBUTING.md
serde-rs/serde,5f4a7e54bc98565345b04f69b4e78263b6849e28,README.md
serde-rs/serde,630501b93d09a2eb7149c9d9b7871bdd31a77961,README.md
serde-rs/serde,6b3958d5fc30fad5272027943a968c5457f82b13,README.md
serde-rs/serde,6b5bd24edddbc6e432efb6053d0bcba5fc5d4fcd,README.md
serde-rs/serde,6d58492ad06a215b4ce66c30acf7dc7803c8ffa5,README.md
serde-rs/serde,6ea632e98b5d47abe5d1eb1732b64db7ef79cab9,README.md
serde-rs/serde,7014c105b46e0b9cd01a3b899468d8e81c738a39,README.md
serde-rs/serde,7045fee26000e9e49fcf9cdb99db611a249ce915,CONTRIBUTING.md
serde-rs/serde,72af0896e89dcd92879c8aa3ead8aa81e4d23e71,README.md
serde-rs/serde,739ad64c7cc79afc9acbe81f745671d9bfd0ff47,README.md
serde-rs/serde,761284932bf5b053c050e697492b46b8657dc8a9,README.md
serde-rs/serde,76cca814f07b6abd9b1793424df02bab7b6a098f,README.md
serde-rs/serde,77e56613a5473cbf336c53fc7351fa912baa49cd,README.md
serde-rs/serde,78cf29d1d1d72fbbd8d64b9a6bbe0ddfa6823618,README.md
serde-rs/serde,79cc333dca8b6037d268ce5664040810bb3f1f7d,README.md
serde-rs/serde,7ace67e997982e522d3edbf92afc724105a14ec7,README.md
serde-rs/serde,7ad31a01ddf62bc6d9285b9fa7be960ae7bc46bb,README.md
serde-rs/serde,7f9ba155cb7c57a2ec279d385e15342e1f2edfdf,README.md
serde-rs/serde,7fb2bd50bf23376a90962fa410f7d57d378d27b5,README.md
serde-rs/serde,80a27cbb4ad11429515e3fa8072bc5274e319975,README.md
serde-rs/serde,830528d5b109fc1e8a0c4cbe720d88e881b12088,README.md
serde-rs/serde,85a5cf7cb121e5b65748faddb1e4f606ec365640,README.md
serde-rs/serde,87393b61bb2b921c758dbc6c5ae0317a13b5133d,README.md
serde-rs/serde,894a21bc1f3040fe4feaed38ecedcdb120ebc8c6,README.md
serde-rs/serde,8c30ec969859b471a10ae19731e6605abcd527ef,README.md
serde-rs/serde,8c57f433ff059a77a055dc9e7f22c41f68e42d87,README.md
serde-rs/serde,8d6cc4dfa5f99d05d402a55dd8256a86fd324173,README.md
serde-rs/serde,9082b75e7594284b39f20cae20fb92685e34f519,README.md
serde-rs/serde,93968455f3f4158e4c455b1b6743fe3571c74e8a,README.md
serde-rs/serde,93a7568ff6ca2006d7b69723c6154920f0a359c8,README.md
serde-rs/serde,991e344804059226cb89dd8d295085f653339a31,README.md
serde-rs/serde,9c0140968dcf3d693576755c81162c35841948f1,README.md
serde-rs/serde,9d96f95ddd8ad3fc274f94b4cf2de4ea58ec4884,README.md
serde-rs/serde,a0eb235f0a85015d754caae5fda27f56dfe6e953,README.md
serde-rs/serde,a18d8fbc090acaf48878c78d19bcc091083d3e0e,README.md
serde-rs/serde,a41dae45a59e217f2d29341b41c6f91ebc861954,README.md
serde-rs/serde,a4de662adb01a5cb25053521cb68676cdc8235c2,README.md
serde-rs/serde,a57a324d7254c282f6032f9a65044bb5da34c4e1,README.md
serde-rs/serde,a5928288087939e6906b1023842f85cc24ffed29,README.md
serde-rs/serde,a8509a1d03e96f6d85c50f2a1154f3fb2962f3ea,README.md
serde-rs/serde,aa16ecf4d3360e5c88af1ea68614ae914ad281d5,README.md
serde-rs/serde,ae806af644029218edebfc8d5febc8e2946cca9d,README.md
serde-rs/serde,af835a26995e4958204d8ebd829a41b9119aa758,README.md
serde-rs/serde,affc81b1d65a4503e18f22e09b11702658a5012c,README.md
serde-rs/serde,b01fc032fd98c4836a6d0c4ce12c391dc84dde7e,README.md
serde-rs/serde,b2acda333b0f9fb73bdd1fc64f21fb311bcb488d,README.md
serde-rs/serde,b50b702d1c3d719d2b07a8baea878d53c1d348e5,README.md
serde-rs/serde,b77cfb635da5a0e382b9986bd265f3493ea5aef3,README.md
serde-rs/serde,b7e3058078749769bab3851b79bbd3be342f05ce,README.md
serde-rs/serde,b7f30d7f82ada57cdf279fe6aae3ad4585462a01,README.md
serde-rs/serde,b80fb0ed0e244fe38e0ffd90b2847c02d32a45dd,README.md
serde-rs/serde,bc8de251cf8475ff9a0c4d03fb357443ea095a99,CONTRIBUTING.md
serde-rs/serde,becb8c48e8562f4b472c216eba7eafc03ecf6b4e,README.md
serde-rs/serde,bfac1a581c8a4f4a2c7d3b6622114f395e98cd96,README.md
serde-rs/serde,bff2301ac3287fb0bb23c7781f19b60d66c92543,README.md
serde-rs/serde,c20730ee39cfc9c2e769907ba19ac7b3e1943d8f,CONTRIBUTING.md
serde-rs/serde,c244535f9b4c9b4934784d4f72ec6a7564521bfc,README.md
serde-rs/serde,c3fe6c9c67867efb6253298f461d9680088c79e7,README.md
serde-rs/serde,c475df83208cadacd3fdc11d21e3155c1c88489b,README.md
serde-rs/serde,c5f606f10f9a13c2cda3765d3f2f2ca404bf2d5d,README.md
serde-rs/serde,c91737fef1e107c7041c568cfe8e4d4eb65ca6ff,README.md
serde-rs/serde,cc4f289758039aeaebae5375535a0ba22bc520fd,README.md
serde-rs/serde,d0a63b451c7ada4def6948901812fea61f8536fc,README.md
serde-rs/serde,d57f02884fa9ede04a9ab31db0bd406322dae199,README.md
serde-rs/serde,d656b4dd6ae448f34c2ad1f6b7bc39ed594bcac2,README.md
serde-rs/serde,d81f0ef6527f9d7fea41e4d8b82680719da7f1e7,README.md
serde-rs/serde,d98f0eea3dcded96d0460ca6916e4d86935e2acc,README.md
serde-rs/serde,da4e37d3f52ba647332335eb34ab785015e1396a,README.md
serde-rs/serde,dbd05ae9cc18753f1ae090b9f60c691e5efc2804,README.md
serde-rs/serde,dd9b415ff90f1f7b61ddde34abde93c1aab2cef2,README.md
serde-rs/serde,ddda360fecb4169a8ee406eb59a547542916b9b2,README.md
serde-rs/serde,ef5a0de38430e8cd5aa9871c6bb8ddfabf30f611,README.md
serde-rs/serde,ef5d09e14446e9a96d614be4d3973c4b36b35b45,README.md
serde-rs/serde,f197c3ce96470bba56885621d22b896cea5f5aa6,README.md
serde-rs/serde,f369707dc52a11dbeb290527c78f9f2caf165bbf,README.md
serde-rs/serde,f394f25956c5172e17487bd325a00511beb959c7,README.md
serde-rs/serde,f3d566af0926333d428ad16c7b70ecdeb72a1d3e,README.md
serde-rs/serde,f771eea6e6481b6622165ee91c545518d8a35d69,README.md
serde-rs/serde,f8a91e51762a90d51281da98c280ced6139f3a59,README.md
serde-rs/serde,fa0312ac453372ed5dd67c2e38709bbb0d776b05,README.md
serde-rs/serde,fd3869d380f611bdb4b948460f99c6c43401d911,README.md
serde-rs/serde,fd9d334d01e4c049fdc213901086cf1d759825a6,README.md
shadowmage45/AncientWarfare2,0c1bc8491d6029cc6c77bc69dd2b69aeca470a37,README.md
shadowmage45/AncientWarfare2,0dce06a710bbebc323d6f4f6e648c4f9623606dc,README.md
shadowmage45/AncientWarfare2,15720ff6953f595a1f0641a3e6f8d5a10ec96c91,README.md
shadowmage45/AncientWarfare2,3a1a137302355272b224c76771d390d855653e08,README.md
shadowmage45/AncientWarfare2,52b15672b9a408c345127c2a36a6de15dffc3602,README.txt
shadowmage45/AncientWarfare2,5504a8b56abc6f9cfc24ffe7ca623d35cf4413ae,README.md
shadowmage45/AncientWarfare2,5659f630772af35ba6e098beebdf5b1d8b668834,README.md
shadowmage45/AncientWarfare2,5a3c0f9349f05398c760a32aba5bb44b44afcb5c,README.md
shadowmage45/AncientWarfare2,5ad966bf30a8b1fd05d7f7b31cea04f821261bff,README.md
shadowmage45/AncientWarfare2,72b622155e2591bf26a081378ae97bbe30a0df28,README.md
shadowmage45/AncientWarfare2,746cbfd777b4274129b877c0af52449185360c5d,README.md
shadowmage45/AncientWarfare2,805d005a412b97ebc51557bed5cb9ad482bd2e96,README.md
shadowmage45/AncientWarfare2,892fe3e3507874f5d6d67a770225dec43e6b771d,README.md
shadowmage45/AncientWarfare2,99efc851728989d7462981abab5815e70aa715e7,README.md
shadowmage45/AncientWarfare2,af9fd4e4cdffdb2b592b6ce4fa01cf8e1bafd87d,README.md
shadowmage45/AncientWarfare2,b9817e25a3344aadc928329db4e014cb87105868,README.md
shadowmage45/AncientWarfare2,bded38cc5ec560cbbdb2d52d583981268cd30d40,README.md
shadowmage45/AncientWarfare2,cde028591376858544eb2404ab8d249c93b90d09,README.md
shadowmage45/AncientWarfare2,d50f102f0a1bd16237a382cc01d7ab8d396d6830,README.txt
shadowmage45/AncientWarfare2,dab879097d1806b379baacb888be6c8677c69b74,README.md
shadowmage45/AncientWarfare2,e606873b6ca0e94cf693990e3027e8f8aebd5a9c,README.txt
shadowmage45/AncientWarfare2,ea3eb938f59a4ee2ea472f314f004289acce80ba,README.md
shadowmage45/AncientWarfare2,f46568c239ecf6e50f1cfa32fe89f14e4d5f1c11,README.md
shadowmage45/AncientWarfare2,ff087c2164f1cd1e8687311352bb305de4fe0ad9,README.md
sobolevn/git-secret,00deabb0e3c2cc51ddd48cacdb2da5bfda85614f,CONTRIBUTING.md
sobolevn/git-secret,00deabb0e3c2cc51ddd48cacdb2da5bfda85614f,README.md
sobolevn/git-secret,03808496a994272b3392067ddb5ae5a1816aa0f9,README.md
sobolevn/git-secret,0bcce874222f6b90cab615137e7ee9f6b1706145,README.md
sobolevn/git-secret,1045c2a71ead1c2cb46342eabdb7c2d0b93afab8,CONTRIBUTING.md
sobolevn/git-secret,109326cbc3933abbbe78b6b94844f454ef35e144,README.md
sobolevn/git-secret,1161098f1261676252e886af9072af5a9caaa1cf,README.md
sobolevn/git-secret,120edded4f06f6ee654558abeba29c9aed015cb5,README.md
sobolevn/git-secret,12d4b9f6de17ae7e3731a0b1239ecb8b2916d519,CONTRIBUTING.md
sobolevn/git-secret,13071f1a9638a308b9b30973e9e2970d06e51f31,README.md
sobolevn/git-secret,1820bd163fe00d8caecd2302c3c2eb2167c8c143,CONTRIBUTING.md
sobolevn/git-secret,192cd71765f6470122bb6897a489c4bbe958c097,README.md
sobolevn/git-secret,1985575dbfc7940d63e23be9c26b864f65140f9a,CONTRIBUTING.md
sobolevn/git-secret,19a4928580041236b1204deb61a119fa42427b2a,CONTRIBUTING.md
sobolevn/git-secret,1b345c470734cd73ca678c647b242865f231c042,README.md
sobolevn/git-secret,1bf0fe1c47119f4dab33e9bb4403067c89eb8487,README.md
sobolevn/git-secret,1e748a3c540bc421f9112a119ca886f92092491f,CONTRIBUTING.md
sobolevn/git-secret,1e748a3c540bc421f9112a119ca886f92092491f,README.md
sobolevn/git-secret,2047a0f11b0a7b9f339cf9b158c820e9fd1d4809,README.md
sobolevn/git-secret,235a73af36d97ace1323724908ab51f8b04a7352,README.md
sobolevn/git-secret,239c2b63dcb85c31c85fdadac4115e9a8fcd7b6f,CONTRIBUTING.md
sobolevn/git-secret,255c9487550e923569e72844210bfdbb7959f677,README.md
sobolevn/git-secret,26ecd390d6189f156c08b8ec3e134c0e3d133ffd,CONTRIBUTING.md
sobolevn/git-secret,28e3a9b1c2841799e652014f5f2bc6bf8ddb290f,CONTRIBUTING.md
sobolevn/git-secret,28e3a9b1c2841799e652014f5f2bc6bf8ddb290f,README.md
sobolevn/git-secret,293446461f60095d9b53c457fd7d6ce60d2df9f0,README.md
sobolevn/git-secret,2e9e374acb853f23f81ed4994e2f451056ce633f,README.md
sobolevn/git-secret,329324adfa22aaa5e7459efef0380e732df8aa47,README.md
sobolevn/git-secret,3577c165ec67b854c12d72f797f64178c840cc26,README.md
sobolevn/git-secret,368be9790a9183e378e4322be90504e355e49afb,README.md
sobolevn/git-secret,3b845650fd65e61269df08ed005dcf61e7d80700,README.md
sobolevn/git-secret,3ee08d52cb0c153c8f65907b7e1c82e69bd35838,README.md
sobolevn/git-secret,410e7831899d01efba785a315148dacbfbc7e0c0,README.md
sobolevn/git-secret,44bcfcd5bf6ab1ca5def40d0cc091db17aebd3b5,README.md
sobolevn/git-secret,44be48d568647a21b8363641305bb0d8606da2a6,README.md
sobolevn/git-secret,4740dd62230fc9c7f71ff8a5cae7692abe22c034,README.md
sobolevn/git-secret,492d705e02bd35f7b29a7a2f0c7ac27ab898ab4f,CONTRIBUTING.md
sobolevn/git-secret,49525b8a2b830d1918d5fd40f64d9b18a0fe93aa,README.md
sobolevn/git-secret,4d14c98778bec6546c8f967dbba0bcc33c5d34e0,README.md
sobolevn/git-secret,51b1797203b1cfc43f8568bd195822ead27e1f15,README.md
sobolevn/git-secret,52ef0976e9f3c51bd252e3ae0fb20e10e9f60e8b,README.md
sobolevn/git-secret,54ce590e26985b02a4c148866054649534bfd067,README.md
sobolevn/git-secret,5c25233b892c2d24b1ba2ce4d0f7d7a596d3810f,README.md
sobolevn/git-secret,5fc8ecbddeaf322b0e9990cc220b0470581a45b8,CONTRIBUTING.md
sobolevn/git-secret,6188d145398f70d019861bd453a4309c8e3764aa,CONTRIBUTING.md
sobolevn/git-secret,6251fae396da5dc181f5a015b2cb5654616475dc,README.md
sobolevn/git-secret,66f9b63872b577e143aacc58d1332f44a66e7897,README.md
sobolevn/git-secret,6abdd4523d090ab5a7fe0bbf5a00313f3e3b1402,CONTRIBUTING.md
sobolevn/git-secret,728371912eb2617191d25b363011f2c16e781058,CONTRIBUTING.md
sobolevn/git-secret,75c0a7d63956f7b47ec8a749fbd452caee296f1f,README.md
sobolevn/git-secret,760684135ddd905c4a5dc92c03cf0eca264be7ea,CONTRIBUTING.md
sobolevn/git-secret,76362aff53f7bbee2d45f2fc9966e6a32624a9c8,README.md
sobolevn/git-secret,7dd6177e28500fa643d3a4607d444b7b54e33182,README.md
sobolevn/git-secret,7de04950e9d93e0a44e7e90188136c18ff6eb41b,README.md
sobolevn/git-secret,7e8187d9868f1660e8710bbe171349728a54d844,README.md
sobolevn/git-secret,83b03b61bc61b27a9fb8425d79bc3b16b70ccaad,CONTRIBUTING.md
sobolevn/git-secret,86a214574d09c3f4a606cf5aac6d0871a204ee56,README.md
sobolevn/git-secret,8a1151930f15a780e6b2d3589d01eb0f8ee7c7ca,README.md
sobolevn/git-secret,8ed0f21635c7b5ae4e7a781d07928dba644abf4e,CONTRIBUTING.md
sobolevn/git-secret,996895bad77bce0344542a2b12f4c3667388ead9,README.md
sobolevn/git-secret,a342993dd625006838f19bc4f2177d74f332b946,README.md
sobolevn/git-secret,a40477ca8074a79f6560efadb36e615108f27e06,CONTRIBUTING.md
sobolevn/git-secret,aec3ac1ae28135825a7dc39330725f424d21e8e5,CONTRIBUTING.md
sobolevn/git-secret,b370149e1890dc4ca2ff18c85a5aa58921712304,README.md
sobolevn/git-secret,b5bdec9673f38e75f7898943ffbe86d85cdc5c3e,README.md
sobolevn/git-secret,b750ba6da30f3cac0c8ec674cd9b61bc8549b90b,CONTRIBUTING.md
sobolevn/git-secret,b8cab67e2ca4c98cd1be5f335118c5e1f1707cb0,README.md
sobolevn/git-secret,bf6fdac0b230a573f508bd6bd04879fb26acaffe,README.md
sobolevn/git-secret,c1ac63a60eb7dbe84b95d41fe588c8577e7cd151,CONTRIBUTING.md
sobolevn/git-secret,c1ac63a60eb7dbe84b95d41fe588c8577e7cd151,README.md
sobolevn/git-secret,c1fa611f4dd8ba9f5f76931db39050941fb745ae,README.md
sobolevn/git-secret,c4fa8e29185f3c0442dbb3e60f0e7fddd01a13e3,README.md
sobolevn/git-secret,c78bc099a76604e1f0eb9317170473bf12c92d3e,README.md
sobolevn/git-secret,c9861a107902b196bdd42750d155bea613c29266,CONTRIBUTING.md
sobolevn/git-secret,ca500fa13f20fbb3c6024e2135caf16e983cd9f9,CONTRIBUTING.md
sobolevn/git-secret,cb1636a6dc8c4d5833c2797672a588cbd36b8265,CONTRIBUTING.md
sobolevn/git-secret,cbdd9b84144a131a7a6d80655158fe0232e4953e,README.md
sobolevn/git-secret,d8eff64a0b2df1cb7624edb0bd55eeb46bd447ee,CONTRIBUTING.md
sobolevn/git-secret,dc3b9a4bc6bb87f911d0f5fd479f637a073dc88f,README.md
sobolevn/git-secret,dd02a6f6576aadb2ea9f9a72eb63943d72c3f653,README.md
sobolevn/git-secret,df3c22dee389c86cf71a8d4c06e06ec9d715fadd,README.md
sobolevn/git-secret,e2754adebe8a677e65b5c390408ad5675108f961,CONTRIBUTING.md
sobolevn/git-secret,e2754adebe8a677e65b5c390408ad5675108f961,README.md
sobolevn/git-secret,e3bf934835ac1b745e15c4cc3e98ac27223115d8,README.md
sobolevn/git-secret,e4cc0301d57b6e18a29781a664e38dc352a009d7,README.md
sobolevn/git-secret,e52038b78631d3281a4577fe9059b5fb4e5b1b3c,CONTRIBUTING.md
sobolevn/git-secret,e81a401f38c7926c9357dfc9d952490fde4ca9df,CONTRIBUTING.md
sobolevn/git-secret,eafd3fc531cea4c2d9f5d257ef6fa5d60510ea9b,CONTRIBUTING.md
sobolevn/git-secret,ef4335a55a0fcc55bfc1d25f3b0886b404569fec,README.md
sobolevn/git-secret,ef63e88965a961193bac2155556e68fe0a716b9e,README.md
sobolevn/git-secret,fae00fac3da2ab91371c3fec7327f9d8eb649248,CONTRIBUTING.md
sobolevn/git-secret,fae00fac3da2ab91371c3fec7327f9d8eb649248,README.md
sobolevn/git-secret,faec094ef954f521ee118fc325d8bec00dd894fa,README.md
tomasbjerre/pull-request-notifier-for-bitbucket,025f6fe9c62c65d82099df785d2bda55e36a14b7,README.md
tomasbjerre/pull-request-notifier-for-bitbucket,075534c181a7eeb6385ce740733c2d3690240280,README.md
tomasbjerre/pull-request-notifier-for-bitbucket,085e0959e0b2f5a399904b8d902320e7e5d7c850,README.md
tomasbjerre/pull-request-notifier-for-bitbucket,095795704b8e580f9380c91a12f4d5202f1075f8,README.md
tomasbjerre/pull-request-notifier-for-bitbucket,0e92ec95e6dfd300aa22bbd576f751ae43a24192,README.md
tomasbjerre/pull-request-notifier-for-bitbucket,102ff202abfca8d943b9648d655af272d784ce5a,README.md
tomasbjerre/pull-request-notifier-for-bitbucket,1ba6feddd199edcdf1f89274e989abac2aea1809,README.md
tomasbjerre/pull-request-notifier-for-bitbucket,1d67435aa0d03bafd339672f1de8dfd5b14ac112,README.md
tomasbjerre/pull-request-notifier-for-bitbucket,1f554c7a3bbe0ef0bf05f336d6388510475584c6,README.md
tomasbjerre/pull-request-notifier-for-bitbucket,2455b339fceebf4c148203d50de7c5657a002451,README.md
tomasbjerre/pull-request-notifier-for-bitbucket,26977070d5f8b5394337a5de5c1ffacc7fa43df9,README.md
tomasbjerre/pull-request-notifier-for-bitbucket,2a5c79347b713c864c81a9e293002e2cf40c77aa,README.md
tomasbjerre/pull-request-notifier-for-bitbucket,2b6d1c07042c3b92e79b4ac4b83e1253171cf5e3,README.md
tomasbjerre/pull-request-notifier-for-bitbucket,2fb2ce7d37c417cbe2967a5d50a9402b3cd81a13,README.md
tomasbjerre/pull-request-notifier-for-bitbucket,30039a0e09718a2e57a53c28839f5c9a22d7147f,README.md
tomasbjerre/pull-request-notifier-for-bitbucket,3026116d25fb0d417353e277bcb5be832324840b,README.md
tomasbjerre/pull-request-notifier-for-bitbucket,319f5de5c123e062bdbf1730364a29f5c1ab057e,README.md
tomasbjerre/pull-request-notifier-for-bitbucket,325719d15073ec627ed48340a5d745485901c763,README.md
tomasbjerre/pull-request-notifier-for-bitbucket,341c703cbbb0324816da3d82dae22cb1b469aecb,README.md
tomasbjerre/pull-request-notifier-for-bitbucket,34ef39f654c3a368ad1c7e7ca39b3526f184215f,CONTRIBUTING.md
tomasbjerre/pull-request-notifier-for-bitbucket,3d93bb18e290f321eaac365236d79883e747e3fc,README.md
tomasbjerre/pull-request-notifier-for-bitbucket,3e1fddaecb4aab84ab058658da03f51f48c41f71,README.md
tomasbjerre/pull-request-notifier-for-bitbucket,41db3f8eb13d07e99c7e9692aaba1b774ac46639,README.md
tomasbjerre/pull-request-notifier-for-bitbucket,440ec961e2ac0e5210f14e6ab45d26817365a61d,README.md
tomasbjerre/pull-request-notifier-for-bitbucket,4497d053f0e857c49b1b7d0daabc01cf4048a40d,README.md
tomasbjerre/pull-request-notifier-for-bitbucket,475f25de338f7bcc6d688a3a23a8bc0ac54d8069,README.md
tomasbjerre/pull-request-notifier-for-bitbucket,48b7b744a94f01ec9f55da23863709711f3a3ddc,README.md
tomasbjerre/pull-request-notifier-for-bitbucket,51f4c60414588938737e6bb01a43e51554c23092,README.md
tomasbjerre/pull-request-notifier-for-bitbucket,5403e2ab255c0832e882fdb89c01df7379715e88,README.md
tomasbjerre/pull-request-notifier-for-bitbucket,580f1cca1e2f0b6d93fbf449e3ecc3f7998b6ded,README.md
tomasbjerre/pull-request-notifier-for-bitbucket,5a16a6941de3a530d4bfeb918f594b668c967684,README.md
tomasbjerre/pull-request-notifier-for-bitbucket,5af97f531cae647f5b46511a7e53939ca09a54ca,README.md
tomasbjerre/pull-request-notifier-for-bitbucket,5f555e903069e04b79e0b223c0d7d0ad756ba6d9,README.md
tomasbjerre/pull-request-notifier-for-bitbucket,5fc911633acc3cb7b2c6100348654cbc69ca4fe5,README.md
tomasbjerre/pull-request-notifier-for-bitbucket,60732c85dbda9a8976b495d7f8d8dd2738223156,README.md
tomasbjerre/pull-request-notifier-for-bitbucket,60bea78e853280fa5640ffd958ad9df39496ff6a,README.md
tomasbjerre/pull-request-notifier-for-bitbucket,620b9287a4248521c517c3b46717193423b58655,README.md
tomasbjerre/pull-request-notifier-for-bitbucket,68df953937ea4015d49c49c991f27544b41041d7,README.md
tomasbjerre/pull-request-notifier-for-bitbucket,693476d0c3cac7eb831c92e9032b8cd261e68f0f,README.md
tomasbjerre/pull-request-notifier-for-bitbucket,69ef82ce0cd4ec60d990c109396385ece3301566,README.md
tomasbjerre/pull-request-notifier-for-bitbucket,6b8832e587d55b04a061f105a92923be0f3febd9,README.md
tomasbjerre/pull-request-notifier-for-bitbucket,6fafc078851d1e4e9ed4a172fef1d28e3304399b,README.md
tomasbjerre/pull-request-notifier-for-bitbucket,76a9217621257e4ec8d3d79d39d9691fa8e38ec9,README.md
tomasbjerre/pull-request-notifier-for-bitbucket,76aa6838a73a556c93a832a5cf80de13fc10fefe,README.md
tomasbjerre/pull-request-notifier-for-bitbucket,777950639f662ae738704bbb1de3085b9f8eae85,README.md
tomasbjerre/pull-request-notifier-for-bitbucket,7e9306755d0f9f4bd20495bec6fd6d25acdbffe6,README.md
tomasbjerre/pull-request-notifier-for-bitbucket,85558ecd08f2321195de81791833d23d8c5f5398,README.md
tomasbjerre/pull-request-notifier-for-bitbucket,85ae09637882b5ca7088cf8e66d115e4bf17870e,README.md
tomasbjerre/pull-request-notifier-for-bitbucket,8904d03202979bdd4a06a3fe6f06f466132a94fe,README.md
tomasbjerre/pull-request-notifier-for-bitbucket,8c1ba38e561e02b008ca7baaaa7d58bae8b22390,README.md
tomasbjerre/pull-request-notifier-for-bitbucket,934453f12768a510b5629d9823b12050e220aeaa,README.md
tomasbjerre/pull-request-notifier-for-bitbucket,955985dc28a5a713ce70ed9a7dd315c9cda708b7,README.md
tomasbjerre/pull-request-notifier-for-bitbucket,982d5db365e5ff5560db81bbddf488072d08ff9a,README.md
tomasbjerre/pull-request-notifier-for-bitbucket,986b61f32e72b4428fc93d7658b6e87c5b4c6c3f,README.md
tomasbjerre/pull-request-notifier-for-bitbucket,9c6ed9e9e986ecf06c3205ab6ce4c99bb85bf79f,README.md
tomasbjerre/pull-request-notifier-for-bitbucket,a213fbd6426fd6f750922ac8f2d204c659685ff6,README.md
tomasbjerre/pull-request-notifier-for-bitbucket,a3854c75c7af44043ebbc7f4ac357a4eddf4ac3e,README.md
tomasbjerre/pull-request-notifier-for-bitbucket,ac0b07f4647d520da018b04916ea458bd6f43116,README.md
tomasbjerre/pull-request-notifier-for-bitbucket,aef9959f68fa4e4271d771e81be8f9996cc2f94a,README.md
tomasbjerre/pull-request-notifier-for-bitbucket,af17e040766546b9857cd4ef1fc3406bb56cf424,README.md
tomasbjerre/pull-request-notifier-for-bitbucket,b8600f3a7d972c43638076f5b3012bebc32c957a,README.md
tomasbjerre/pull-request-notifier-for-bitbucket,bc2820ea6e97a4158426c7a2dfa80480a5804ced,README.md
tomasbjerre/pull-request-notifier-for-bitbucket,bcd78419efe26e8222962ca356a41f4009be8502,README.md
tomasbjerre/pull-request-notifier-for-bitbucket,bfea25b36db3cb299a21b42273cd8e0f22e94d6b,README.md
tomasbjerre/pull-request-notifier-for-bitbucket,c3df65fc66369fa319cf0815821323006eb70169,README.md
tomasbjerre/pull-request-notifier-for-bitbucket,c8cb7b1d6f4dcb8e6225ab54329c81b6d4d198b4,README.md
tomasbjerre/pull-request-notifier-for-bitbucket,c905ca3cd3b4205ba930aa85d01d730bce772d4a,README.md
tomasbjerre/pull-request-notifier-for-bitbucket,cd2321799656b261a188cbdf612e44753e2a2975,README.md
tomasbjerre/pull-request-notifier-for-bitbucket,ce0079ebc0e3ef378cd533871161144f2b05b080,README.md
tomasbjerre/pull-request-notifier-for-bitbucket,d04d4bbcb5b1a6e28788b3d48f8765a6568a9ce5,README.md
tomasbjerre/pull-request-notifier-for-bitbucket,d23fe8fe5b339d9e03e65ac16e1c582330cfc038,CONTRIBUTING.md
tomasbjerre/pull-request-notifier-for-bitbucket,da839907caf3a40480e2bd073a4a431ddb7ffe35,README.md
tomasbjerre/pull-request-notifier-for-bitbucket,dba06db7fd2b4d98dcbe933e183a68cdbfe43a02,README.md
tomasbjerre/pull-request-notifier-for-bitbucket,defa1014c12bb8c3e2a5ef5e92698b30bc5ab747,README.md
tomasbjerre/pull-request-notifier-for-bitbucket,e52ff1d1da15f3177f14fa5c7d315959551790e6,README.md
tomasbjerre/pull-request-notifier-for-bitbucket,e6717f40011194ef11ff1129624a698643527297,CONTRIBUTING.md
tomasbjerre/pull-request-notifier-for-bitbucket,e6717f40011194ef11ff1129624a698643527297,README.md
tomasbjerre/pull-request-notifier-for-bitbucket,e984b77686d15833f4f215327974bcb29e756184,README.md
tomasbjerre/pull-request-notifier-for-bitbucket,eae3578be0763bc990695812db69fac54b3be435,README.md
tomasbjerre/pull-request-notifier-for-bitbucket,eb2b5922f7473ce6ac73258a8175ab4e1e182111,README.md
tomasbjerre/pull-request-notifier-for-bitbucket,ec660104ede0b3c1c0610a23662c66ec199a48e4,README.md
tomasbjerre/pull-request-notifier-for-bitbucket,f18ab7e268f0013e6b588a81d87552a825232d73,README.md
tomasbjerre/pull-request-notifier-for-bitbucket,f6836b09b4d371b864cf34eeeacf00aa0b1e93a4,README.md
tomasbjerre/pull-request-notifier-for-bitbucket,f6e6fe6953e57b65490e4097ead2390648ff12cb,README.md
tomasbjerre/pull-request-notifier-for-bitbucket,fbdec988218c8d9cbae74f99126ccab98e51832f,README.md
tomasbjerre/pull-request-notifier-for-bitbucket,fe0d68fed224d5e5236c5a9bf8d524952822eb60,README.md
ulope/pyformat.info,04d4b72e0c0b965853d9fd67e646f75da1a0f3ac,README.md
ulope/pyformat.info,102cd0f6f666c36ca78e5de3c09581fc7539a457,README.md
ulope/pyformat.info,3d93f7128a1ddc9875e88e12cf77b69f5cd52e8e,README.md
ulope/pyformat.info,4357e464904df47aeb19c6c771c2da4abb63813e,README.md
ulope/pyformat.info,68c0db937f1ced0cfcea4cb834a9a3d84d4d0110,README.md
ulope/pyformat.info,a1c121275553bb110befddb63ec540f9339acbf9,README.md
williballenthin/python-idb,0c8bbad029139d0b8a6f8b215148e71c2ec0a028,readme.md
williballenthin/python-idb,0d751b1c7bfe4060618b2b4a25d198ecff9276c6,readme.md
williballenthin/python-idb,2128e5bcf186f4d47c7fb81d2ff4b4a49d793354,readme.md
williballenthin/python-idb,4a1447c8c4122fff7b2de1fad36f5f388d6e1f07,readme.md
williballenthin/python-idb,67a16ebc1cef8aab82a50539ad46d013fb517922,readme.md
williballenthin/python-idb,70c5c9fc8dca01d38d8a7f10a9aa17afc0aed55a,readme.md
williballenthin/python-idb,71a0dfa5ed1e7a6c350d73ce93601aca688f0422,readme.md
williballenthin/python-idb,7f9b3861975afda3a21b790fd330c92e7f1fab7d,readme.md
williballenthin/python-idb,8e0b469c015465adbcef207f414e5de5f91eb496,readme.md
williballenthin/python-idb,97135b0cbe7c6477d016407a8bfe9764c732268c,readme.md
williballenthin/python-idb,a3d588e8bb5610a054618db983847f48c5e4b5ee,readme.md
williballenthin/python-idb,a3f694004c3f3f4f53ffbc0d2c8087fb72bd8d60,readme.md
williballenthin/python-idb,ae702b25cdec5edce3210eef15e2fb46c0d3b5e2,readme.md
williballenthin/python-idb,c2a4243f93f1d837cec90402fceb0001b88abd1c,readme.md
williballenthin/python-idb,c809b73a629f49adf67716388104a51544d0b142,readme.md
williballenthin/python-idb,d0f092180b8a69804cd766da2b2d515657108435,readme.md
williballenthin/python-idb,ddf2bba54edbe4ee5cd2d7e8577d48cc28f3bbe3,readme.md
williballenthin/python-idb,e3421bdae76ccb38f648042b0c68f0638bd80f04,readme.md
williballenthin/python-idb,f6eaeed6ae5985461ce095c2f9003f70d41c2b98,readme.md
xwp/pwa-wp,065232fe5206d3463166eb5e5e216d072e110f63,README.md
xwp/pwa-wp,069630ecd23272a39c06ae0f0b61c8d205fd02e0,README.md
xwp/pwa-wp,0ad39727a83d3d7bd9e174ff007ccb60e692b24c,readme.md
xwp/pwa-wp,0ad39727a83d3d7bd9e174ff007ccb60e692b24c,readme.txt
xwp/pwa-wp,0e6985a85e74a52f02c1fb88999449717f062ffa,readme.md
xwp/pwa-wp,0ec7fc666ed79722c4663a56ccd1b6d7b0e66ce1,readme.md
xwp/pwa-wp,0ec7fc666ed79722c4663a56ccd1b6d7b0e66ce1,readme.txt
xwp/pwa-wp,0f9306d0c64a4feae8af945475b23446600b410b,readme.md
xwp/pwa-wp,0f9306d0c64a4feae8af945475b23446600b410b,readme.txt
xwp/pwa-wp,1204d05f8e276e529ab3b6e6985cd74a58183873,readme.md
xwp/pwa-wp,1204d05f8e276e529ab3b6e6985cd74a58183873,readme.txt
xwp/pwa-wp,14c87a0c044f423d6bc4afcc0d2f6165b32e4e03,readme.md
xwp/pwa-wp,1a4e3c367e34fe0e8932159af79e942ec80ded17,README.md
xwp/pwa-wp,2b04a486cc34bba3d79c7438a1ed53195999ec23,readme.md
xwp/pwa-wp,2e21f266b5ab2ff7df1c1cbdb853daa840725b3c,readme.md
xwp/pwa-wp,314502fe3914d4d28407f5a4701023286a293957,readme.md
xwp/pwa-wp,314502fe3914d4d28407f5a4701023286a293957,readme.txt
xwp/pwa-wp,32c1a37dcf8743547984f96020e455415abdd062,README.md
xwp/pwa-wp,350f5492c41e365edefb76665c16a6918247bf0c,readme.md
xwp/pwa-wp,350f5492c41e365edefb76665c16a6918247bf0c,readme.txt
xwp/pwa-wp,3644c21961aeafeb7afdec688214bd98170c8c89,contributing.md
xwp/pwa-wp,37a3365ff7d2c20541978be85525cd6140a37c4c,CONTRIBUTING.md
xwp/pwa-wp,37a3365ff7d2c20541978be85525cd6140a37c4c,readme.md
xwp/pwa-wp,37a3365ff7d2c20541978be85525cd6140a37c4c,readme.txt
xwp/pwa-wp,3a28e49b526cd04e0e35045f6ea1c5fa77f08bc6,readme.md
xwp/pwa-wp,3a28e49b526cd04e0e35045f6ea1c5fa77f08bc6,readme.txt
xwp/pwa-wp,3b1e68cc827241a0b6afd71a03a7e258400a73c0,readme.md
xwp/pwa-wp,3b1e68cc827241a0b6afd71a03a7e258400a73c0,readme.txt
xwp/pwa-wp,3dedc8b3ba29ac18276d94be85a6eff1c27d56c0,readme.md
xwp/pwa-wp,3dedc8b3ba29ac18276d94be85a6eff1c27d56c0,readme.txt
xwp/pwa-wp,4132e4063b999ccf1da600ed398f5e3a0602cc31,readme.md
xwp/pwa-wp,4132e4063b999ccf1da600ed398f5e3a0602cc31,readme.txt
xwp/pwa-wp,434702a4145b2960a52ba318a7bb48a159e6c819,readme.md
xwp/pwa-wp,434702a4145b2960a52ba318a7bb48a159e6c819,readme.txt
xwp/pwa-wp,44ac038afb19c39267c0d8caa33476e8b6d2886c,contributing.md
xwp/pwa-wp,4699c4a9271f6d732eb992e552a333de0bc68471,CONTRIBUTING.md
xwp/pwa-wp,4699c4a9271f6d732eb992e552a333de0bc68471,contributing.md
xwp/pwa-wp,4f0c48685f2f968353dcaa40795630d37686f5c3,readme.md
xwp/pwa-wp,53a2d2d387aae93b78ae3c438af9be5356f998a1,README.md
xwp/pwa-wp,58e49050e4ae6b68eccaea70e0986ff5d8d040dc,readme.md
xwp/pwa-wp,58e49050e4ae6b68eccaea70e0986ff5d8d040dc,readme.txt
xwp/pwa-wp,59516fa4f2bf670fd2a428d68e660bc993453809,readme.md
xwp/pwa-wp,59516fa4f2bf670fd2a428d68e660bc993453809,readme.txt
xwp/pwa-wp,5ed4882b08ea535723c4d569b013c804898fd7ba,README.md
xwp/pwa-wp,5fd0c2631eb5e7a34b90ce572bd6da7bee1df272,README.md
xwp/pwa-wp,622ae739f232704e979efea0bc616bf52e277ecd,README.md
xwp/pwa-wp,65bc42ea28daaefcbc2828eab07f35aeeb4a6eb9,readme.md
xwp/pwa-wp,65bc42ea28daaefcbc2828eab07f35aeeb4a6eb9,readme.txt
xwp/pwa-wp,69b73afc65b5476e0da68fe6a1af2317c80e48cc,readme.md
xwp/pwa-wp,69b73afc65b5476e0da68fe6a1af2317c80e48cc,readme.txt
xwp/pwa-wp,6a751a1737c5c72047e33e2bd5cdc8be66ad656c,readme.md
xwp/pwa-wp,6a751a1737c5c72047e33e2bd5cdc8be66ad656c,readme.txt
xwp/pwa-wp,6d837b8c77bd40e06baebd87f3cbe8c997c10908,readme.md
xwp/pwa-wp,70bf832d58687fcd9e385cae8f3594ae42ccf13e,CONTRIBUTING.md
xwp/pwa-wp,71c8593f418220ae1473444e61013b327669e429,readme.md
xwp/pwa-wp,724462a01e26e11f0f8859d8a2e4efd3c1032385,readme.md
xwp/pwa-wp,724462a01e26e11f0f8859d8a2e4efd3c1032385,readme.txt
xwp/pwa-wp,735274e54fcc96173a2d420d4c7db3b6016acacb,README.md
xwp/pwa-wp,742cfbbaf11374212308276e09d14c857de89264,readme.md
xwp/pwa-wp,742cfbbaf11374212308276e09d14c857de89264,readme.txt
xwp/pwa-wp,75ef4ed3530b80c233c2a53252fbe1f00464d60a,readme.md
xwp/pwa-wp,75ef4ed3530b80c233c2a53252fbe1f00464d60a,readme.txt
xwp/pwa-wp,76b4c72428ec2ab8c3f1f24c9c9252e7915ca2ba,README.md
xwp/pwa-wp,797873c5e83ecec67d5ec7bafd70d91bc1a0d932,readme.md
xwp/pwa-wp,797873c5e83ecec67d5ec7bafd70d91bc1a0d932,readme.txt
xwp/pwa-wp,7cad4afef477de784df4b39441fb4ba181ae2053,README.md
xwp/pwa-wp,8340be04b4410c19293698956e001b02d31d15be,readme.md
xwp/pwa-wp,87ebccc372c2540ce916197d9234e31e32235d1a,README.md
xwp/pwa-wp,8b5e3e633a65fadf7399ea4afe5de9cecb1af7f9,readme.md
xwp/pwa-wp,8b5e3e633a65fadf7399ea4afe5de9cecb1af7f9,readme.txt
xwp/pwa-wp,8b75cb294147d2bcb21cf001fc7ef64b976eece7,contributing.md
xwp/pwa-wp,90986deaff7eb4f96dfcc56e4aeac947ce9ebed6,readme.txt
xwp/pwa-wp,928905ec46c22cce684155a26a7cad1800e89de8,README.md
xwp/pwa-wp,991508eded141f8f39bfb35d49b5e0eaa86dd7f9,README.md
xwp/pwa-wp,991508eded141f8f39bfb35d49b5e0eaa86dd7f9,readme.md
xwp/pwa-wp,991508eded141f8f39bfb35d49b5e0eaa86dd7f9,readme.txt
xwp/pwa-wp,996abb215a5c031cf713ba86ba7c94ecc7df7065,readme.md
xwp/pwa-wp,996abb215a5c031cf713ba86ba7c94ecc7df7065,readme.txt
xwp/pwa-wp,9af0affebdf5eb336625bb2901220f77379c1d27,readme.md
xwp/pwa-wp,9af0affebdf5eb336625bb2901220f77379c1d27,readme.txt
xwp/pwa-wp,9fb310bf9c9bcdd2dca161a08297341e3cdb8144,readme.md
xwp/pwa-wp,9fb310bf9c9bcdd2dca161a08297341e3cdb8144,readme.txt
xwp/pwa-wp,a3dcda1824bd3b2d9bfe0d71fc9f6099fcbc09a3,README.md
xwp/pwa-wp,a9213f04fe1dce8ecb787cf7a08d6e27686ce914,readme.md
xwp/pwa-wp,a9213f04fe1dce8ecb787cf7a08d6e27686ce914,readme.txt
xwp/pwa-wp,b2d769191495d3ca5abc99f457d09d050c6ee728,readme.md
xwp/pwa-wp,b3875babef076f5b03df9663de328d2d56f50f21,readme.md
xwp/pwa-wp,b3875babef076f5b03df9663de328d2d56f50f21,readme.txt
xwp/pwa-wp,b3a5df6751e37020de77b79675edb62198df557f,readme.md
xwp/pwa-wp,b3a5df6751e37020de77b79675edb62198df557f,readme.txt
xwp/pwa-wp,b9cc669b097641392b6dd73acf76b5c00c2f206f,readme.md
xwp/pwa-wp,b9cc669b097641392b6dd73acf76b5c00c2f206f,readme.txt
xwp/pwa-wp,b9ed5c5f019bfc3c64f6dc830ce54fd69ce1d475,readme.md
xwp/pwa-wp,b9ed5c5f019bfc3c64f6dc830ce54fd69ce1d475,readme.txt
xwp/pwa-wp,ba4ef0576121f13331c3f33d8855b98dfc08e0e9,readme.md
xwp/pwa-wp,ba51eb1d65453bba7dd18dfd88b3942632b3840a,contributing.md
xwp/pwa-wp,be11d4e9a106ba71ddf90839e3c6a1cd963f6585,readme.md
xwp/pwa-wp,be11d4e9a106ba71ddf90839e3c6a1cd963f6585,readme.txt
xwp/pwa-wp,be1edaee2c6dec13288b773032cce32c212060be,readme.md
xwp/pwa-wp,be1edaee2c6dec13288b773032cce32c212060be,readme.txt
xwp/pwa-wp,c528717e20e78631ff9d395a473e8f748a2ee8ce,readme.md
xwp/pwa-wp,c528717e20e78631ff9d395a473e8f748a2ee8ce,readme.txt
xwp/pwa-wp,ca997e9426b2f2db25a9b210e5eb8f5238aa1106,readme.md
xwp/pwa-wp,ca997e9426b2f2db25a9b210e5eb8f5238aa1106,readme.txt
xwp/pwa-wp,cbad4a4e49e866cd7b410794332e3e2191b4c6b8,README.md
xwp/pwa-wp,cbc59a139d4b5ef51dec16cb6832e1d8957416b8,CONTRIBUTING.md
xwp/pwa-wp,cbc59a139d4b5ef51dec16cb6832e1d8957416b8,readme.md
xwp/pwa-wp,cbc59a139d4b5ef51dec16cb6832e1d8957416b8,readme.txt
xwp/pwa-wp,cd5b5fd5bcc666cf4585917bbed7e1d37224b6a9,readme.md
xwp/pwa-wp,cd5b5fd5bcc666cf4585917bbed7e1d37224b6a9,readme.txt
xwp/pwa-wp,cf473318e1bd2f3cc35859af8719463fc52f37c7,readme.md
xwp/pwa-wp,d049d0b6d9a4ed71399b5db374b7898e94733765,README.md
xwp/pwa-wp,d1700c211b07a654204dce61975c4aeb5db03120,readme.md
xwp/pwa-wp,d2d559bf3c93792266b48c0dceafa1e4c4517139,readme.md
xwp/pwa-wp,d2d559bf3c93792266b48c0dceafa1e4c4517139,readme.txt
xwp/pwa-wp,d31a3c5e0889a194eb869710403e55a7d6221f82,readme.md
xwp/pwa-wp,d31a3c5e0889a194eb869710403e55a7d6221f82,readme.txt
xwp/pwa-wp,d37364f387de628c63e773f40231f9122f6d850f,readme.md
xwp/pwa-wp,d6b37b1df62a2d57cca80c34c5f5682b2c232c5d,readme.md
xwp/pwa-wp,d6b37b1df62a2d57cca80c34c5f5682b2c232c5d,readme.txt
xwp/pwa-wp,db4a662fb438110dabcdeb4be04429545357f52b,readme.md
xwp/pwa-wp,db4a662fb438110dabcdeb4be04429545357f52b,readme.txt
xwp/pwa-wp,dd49a54cf4009a2b77a74809e4a3c349d57223ca,readme.md
xwp/pwa-wp,dd49a54cf4009a2b77a74809e4a3c349d57223ca,readme.txt
xwp/pwa-wp,df3dc8f926bdc3bbc54c61474147a8413c9af24f,readme.md
xwp/pwa-wp,dfd67fc4c73311ed2a1630717790f23dcc45acba,readme.txt
xwp/pwa-wp,e32cc58adfef8d438be2f4447ad2ba835a5ded68,README.md
xwp/pwa-wp,eaa0ce06eb2280169315d992a458049593a45bca,readme.md
xwp/pwa-wp,eaa0ce06eb2280169315d992a458049593a45bca,readme.txt
xwp/pwa-wp,ead8a09af8b918b54f2dc040c4abc19ba0058101,readme.md
xwp/pwa-wp,ead8a09af8b918b54f2dc040c4abc19ba0058101,readme.txt
xwp/pwa-wp,f4d4f0e213a026aaf8f3a2693b4893a5bdead3b1,readme.md
xwp/pwa-wp,f4d4f0e213a026aaf8f3a2693b4893a5bdead3b1,readme.txt
xwp/pwa-wp,f4e80a3c87b34a238aea80be5fc063bc4e6e249c,README.md
xwp/pwa-wp,f7c628f6fff647866b3f1f87ec677ae66fecf083,readme.md
xwp/pwa-wp,f7c628f6fff647866b3f1f87ec677ae66fecf083,readme.txt
xwp/pwa-wp,f7fd7208e2a872b6fcf8a3d382317cd9b5c52ee4,readme.md
xwp/pwa-wp,f7fd7208e2a872b6fcf8a3d382317cd9b5c52ee4,readme.txt
xwp/pwa-wp,f935fe6a28fd286e12e4b0f20670a1a9a0e81f5f,contributing.md
xwp/pwa-wp,fd6891c92293f08c7cab1ca52bb5501a6c99f0c2,readme.md
xwp/pwa-wp,fd6891c92293f08c7cab1ca52bb5501a6c99f0c2,readme.txt
xwp/pwa-wp,fee496164dc1028b8248640bc24b291b9397678d,readme.md
xwp/pwa-wp,fee496164dc1028b8248640bc24b291b9397678d,readme.txt
yonadev/yona-server,046af27c7a471132b758fd46bf21aa8a700b1bec,README.md
yonadev/yona-server,04a7aa312e257d7d5e36e0ebda61dc9a508e6720,README.md
yonadev/yona-server,06171e3bb7cde2f34d04920c5f8cafcfdb1db619,README.md
yonadev/yona-server,07bff46a8691d21d4b4d8d2347e2f7a9c7936f50,README.md
yonadev/yona-server,08cb51e4e3d920798eeba1cc56c4a781e21ed4e7,README.md
yonadev/yona-server,090a8b373978cf0c0cbc77f56f48967e39f63c66,README.md
yonadev/yona-server,0b9ecff4013166ee31ba908fe0e2d7924e772667,README.md
yonadev/yona-server,16361606e219437d0893352ea99b326c877346e8,README.md
yonadev/yona-server,23b0b98126461aeb4e41a41efe8d9c33cff96134,README.md
yonadev/yona-server,23d40c7285e1e46d9ff8bb43c4500a672db5fb37,README.md
yonadev/yona-server,34f32a38fee7eaaa0afad66ed726249b8cfb9535,README.md
yonadev/yona-server,3b69668dd4b5fe1a155104e69f3890cd24bbeeac,README.md
yonadev/yona-server,3bfc3eeba9e0d1a3a071ab45e6f4635299d547a1,README.md
yonadev/yona-server,478607b450cd3d77523c4a0957d1880e2b22c25f,README.md
yonadev/yona-server,5c159595e52542e79a4700b8639f2417aa3b9506,README.md
yonadev/yona-server,6395e8631ed32bed9967add258bd3755a2ca8cca,README.md
yonadev/yona-server,648415e402d0ae34be90749104208aeb2d913267,README.md
yonadev/yona-server,670add651a8e34ca6771e6603cbe8af8f447e28c,README.md
yonadev/yona-server,68c4f27b908d7753be9040b1bba1491d81a9c516,README.md
yonadev/yona-server,6dc1b0fd24c6d7538323468811622cabe5c91748,README.md
yonadev/yona-server,6f7646ff9fb3f53c2451701a609e54f901a2d60f,README.md
yonadev/yona-server,7e5a555cd431d04e5f7cbff2e00bce3dccbf80ce,README.md
yonadev/yona-server,85b25da5ca0025a6bdad8dadbb40ef44557f0ba7,README.md
yonadev/yona-server,8a0856c66369f4697130403d913a84331980e618,README.md
yonadev/yona-server,90b702f2ae6943a371036ab67350ccb2906a9d6d,README.md
yonadev/yona-server,93152d7b9bd8e424c497412df9bc4d523eff0441,README.md
yonadev/yona-server,93d5ddfa95fc9f2881e87d2263a304525ac3596d,README.md
yonadev/yona-server,944b2d7d922809c3add4f48dc4b381b73cfdbbf8,README.md
yonadev/yona-server,9517e200b6d21df785488b0cad5070fbc3c7fe9e,README.md
yonadev/yona-server,a2ff36e20d8d3fae2fda544956a554cf325871eb,README.md
yonadev/yona-server,a3c2d0fa1ab0824edd6870df18b086f066e30248,README.md
yonadev/yona-server,a466329294f50bf9d0c67d524e2ac9650258f838,README.md
yonadev/yona-server,ac6c7c9cd25ff56a837f8dc546ea2c1df9952e8c,README.md
yonadev/yona-server,af9cfdeb108c6ea8c9da581a9db1754387f27df8,README.md
yonadev/yona-server,b564bd93027e3130754f65a8f939590f58c06ec0,README.md
yonadev/yona-server,bca037c3aa26a53bb9889756981a7ed5bd780161,README.md
yonadev/yona-server,bd4d782b05cdaab4a1d6cf51a616f6ef2bfb0fcd,README.md
yonadev/yona-server,c1d3b0d67e2d446acb24d1f9f0078e1bbe9501e1,README.md
yonadev/yona-server,c4a0ace1f16aba371d7b5eec2db4178b61f3518b,README.md
yonadev/yona-server,c8617e4921934c4bff4407f7815b0b0eb05719f1,README.md
yonadev/yona-server,e31923e4ca9360a7b0189c26c98734de314251f1,README.md
yonadev/yona-server,e680b543d1fcaea2dde9c6c96ee0d7de165a88f5,README.md
yonadev/yona-server,ea4b8571be25fff792ec35ba3f77f9fd8212051a,README.md
yonadev/yona-server,f2ac43e5a58038ab2b6be34d34dea3dac097c122,README.md
yonadev/yona-server,f51c75ebabeb04a547530be839ad30f487a2e3c4,README.md
yonadev/yona-server,f95972c2220698fd62c91a6678703807ea2523cc,README.md
yoshuawuyts/nanomorph,06ba615f898d51b59ac6a81edc2cd92ee75c5cd7,README.md
yoshuawuyts/nanomorph,15d35f98132f44a714d27fb1501e78e71b262bd7,README.md
yoshuawuyts/nanomorph,258a1def202673de708149581030ccb5272444b2,README.md
yoshuawuyts/nanomorph,279fc068f564c6ee409f6f39a4336294a9c44f96,README.md
yoshuawuyts/nanomorph,2e34aa64626d9d6d7eba129d2f7a48ea3095c593,README.md
yoshuawuyts/nanomorph,35c9a9728368e817e6acb7b0ddc13431c62ed659,README.md
yoshuawuyts/nanomorph,428c0da46690eb01de6ac14f6ab84c6fb3dd0f8a,README.md
yoshuawuyts/nanomorph,4deb6992cb0f64c4e4a1cd24ef51a07ccce47e10,README.md
yoshuawuyts/nanomorph,4dfd5c9d408384ee48f0928c6c0dc89655e76986,README.md
yoshuawuyts/nanomorph,5b0c7feb9dee8206ce3d67fee04fe7fda58ec848,README.md
yoshuawuyts/nanomorph,66bdd155189456befe7ad551c63784b7b5c0f148,README.md
yoshuawuyts/nanomorph,7262e0353d1b7d95d63ad03952f8a8c2819937d3,README.md
yoshuawuyts/nanomorph,7ad8fdfc948569fab35bf16ca4d8614435407c40,README.md
yoshuawuyts/nanomorph,7da28f29e77257584881609cd61bb975fdf84f6a,README.md
yoshuawuyts/nanomorph,9667e282f863ffc35c29faee51c2f8b8d4634474,README.md
yoshuawuyts/nanomorph,9d87f1ec658d76f51b92f3126fc541e4a9ae1a30,README.md
yoshuawuyts/nanomorph,a4203ff453072f3f39e362624359880fe541790f,README.md
yoshuawuyts/nanomorph,af5741ec99e53c76d4a8515cdbad95b8c71a278f,README.md
yoshuawuyts/nanomorph,c2d695895cba3c80e6703ef43006cbc67aa416c6,README.md
yoshuawuyts/nanomorph,c3295b01c6fd4557b539f7ba854e22f8f68d232d,README.md
yoshuawuyts/nanomorph,c3ac1f6c0ec21ab3e794e6cd4d02f4a8c97b290c,README.md
yoshuawuyts/nanomorph,d2f2d90055f08c243f1bdf48f13132e6a7c3a83a,README.md
yoshuawuyts/nanomorph,d3316e65a583f346af19df1f313db60fc288bb66,README.md
yoshuawuyts/nanomorph,d515c5d0fd893496ddeaa360ecdcb6fcefec45e8,README.md
yoshuawuyts/nanomorph,daf596e76d39a2ad532c0d26e644a350d8eeaa0c,README.md
yoshuawuyts/nanomorph,e12652006ccfe1ef6b09a73894ae53069d521918,README.md
yoshuawuyts/nanomorph,ecea21da4ea63ea7f7a2b85ab8c543828289e3c5,README.md
yoshuawuyts/nanomorph,f2fe1d2e139008e7d70a541a2a2f11308677e825,README.md
yoshuawuyts/nanomorph,f6247a0659e72c80a36fe15c9efc3fcf90cfcb64,README.md
yoshuawuyts/nanomorph,f81f25f80005672df4add481a6461f972d4130aa,README.md
yxl/Fire-IE,29b49971e36b0477ab0273519be8b2b395ad9c0b,README.txt
yxl/Fire-IE,410c5d65766ea3b945d3b876c0ce5000e30fe376,README.txt
yxl/Fire-IE,73e9cd6d019fae814feb936abbad1d8b937abef6,README.txt
yxl/Fire-IE,8282518a8f30ee3d582d55ba72c3e5541583543c,README.txt
yxl/Fire-IE,87901ada1840f634eaed897a5655650ff6c4f7f2,README.txt
yxl/Fire-IE,8d0ed28e12ae7123d544491d043e40e15235a33a,README.txt
yxl/Fire-IE,91a9335190df206460892b4d237f1158f303b36d,README.txt
yxl/Fire-IE,99b4cef49d0e7b3645466729b251a5be22e7e4e5,README.txt
yxl/Fire-IE,a5487b274c2400bb96db859250d77681dc2aca4a,README.txt
yxl/Fire-IE,c35022782c6ae81c04249f00773f4866d1a67234,README.txt
yxl/Fire-IE,fffb6211577e34b1bc0cc4312b0fcf23cfc35367,README.txt
