url,path,is_ccdc_event,detected_channel
https://github.com/SciTools/iris/commit/16c6a33a6930ead8540b3ea0234712a1c395b579 ,README.md,True,twitter
https://github.com/SciTools/iris/commit/16c6a33a6930ead8540b3ea0234712a1c395b579 ,README.md,True,github_discussions
https://github.com/maproulette/maproulette-backend/commit/c1e212c474c6ca0b921ebdbaadcaff6e9a823c35 ,README.md,False,
https://github.com/voxpupuli/puppet-bacula/commit/79923adc88d48a4e92a73c581d4815a7414b7f15 ,README.md,False,
https://github.com/plotly/plotly.js/commit/f8065b86b9f4c3c39896b8c394f31118e0b2c819 ,CONTRIBUTING.md,False,
https://github.com/navikt/modiapersonoversikt/commit/1f912e2f670b6168d16a4d539d1a66b1184a7d7f ,README.md,False,
https://github.com/twilio/twilio-java/commit/bb8ec5f0a3302328bddfee6bf9e22a68bc756dd8 ,README.md,False,
https://github.com/Screenly/Anthias/commit/293e7a0cd0d01588612aa19e35ff58313bf232e9 ,README.md,True,
https://github.com/flexera-public/policy_templates/commit/6faa07b13ccf91fd9d3b194d1dbfe36ee0db2b6c ,README.md,True,
https://github.com/gentoo/libressl/commit/0a52cc1e683bd4cba612a3e9d2b1c71ec92f0e92 ,README.md,False,
https://github.com/flexera-public/policy_templates/commit/392513cf1da4be256cb23b8b0b3546eb03a6bd11 ,README.md,False,
https://github.com/ktorio/ktor/commit/59b602fb99028b96c01106149f748fbd3b08b10d ,CONTRIBUTING.md,False,
https://github.com/loonwerks/jkind/commit/7fe1dd8b495cc7a06a3ed5385de9fafe6ccf5adc ,README.md,False,
https://github.com/contentful/contentful-management.js/commit/9148fc9cc7cbfe7e4e39449f1be501ff13c617fe ,README.md,False,
https://github.com/graphql-python/graphql-core/commit/8cedfcdd7fa1e528573c7f4c43871e16a14a764e ,README.md,False,
https://github.com/zendesk/sunshine-conversations-web/commit/27b986f77c497d9639c1e2a9104fc22e45af7167 ,README.md,True,
https://github.com/plotly/plotly.js/commit/965efb64d90453d9e4b2a4830bb1be065f47465b ,CONTRIBUTING.md,False,
https://github.com/pwsafe/pwsafe/commit/94ddb07b5e8785c55d200dde44e6bd4db1e0a255 ,README.md,False,form
https://github.com/pwsafe/pwsafe/commit/94ddb07b5e8785c55d200dde44e6bd4db1e0a255 ,README.md,False,forum
https://github.com/plotly/plotly.js/commit/6585ad5b13605c6da9caafdd48fab6f40f30d22a ,README.md,False,
https://github.com/anura-engine/anura/commit/a9cfdf9494b8efe403fd5b634a8a5d416ff7803c ,README.md,False,pull_request
https://github.com/Pushwoosh/pushwoosh-phonegap-plugin/commit/911f7a4cbc9f540b175d61326bcae28ab5413b36 ,README.md,False,
https://github.com/05bit/peewee-async/commit/d14e60258f44f588c4e41b538c9def13f32a6690 ,README.md,False,
https://github.com/flexera-public/policy_templates/commit/c86f2db76caaa734f60dbea04d7ed942ebc32ad9 ,README.md,False,
https://github.com/flexera-public/policy_templates/commit/06a1ab298915a5203b4cbc5e773d57481d1b0043 ,README.md,False,
https://github.com/wmixvideo/nfe/commit/3b95e261414032f1b5696d1ddf503b1e85e09e26 ,README.md,False,
https://github.com/flexera-public/policy_templates/commit/807d7c81037598e25144f5cacd455225c1c142fa ,README.md,False,
https://github.com/iobroker-community-adapters/ioBroker.telegram/commit/c8aa1d78b7c8fa3415bef4a41e8f25ae22fc1e27 ,README.md,False,telegram
https://github.com/OpenEnergyPlatform/oeplatform/commit/a6afda00c8ec8567b8fc9e8e8b87e44e51ab5d48 ,CONTRIBUTING.md,False,
https://github.com/plotly/plotly.js/commit/6655952b1824ee1389129130660c924f5f1f16d0 ,README.md,False,
https://github.com/flexera-public/policy_templates/commit/657490d022f6e9277df06399cd25cbcc964b1308 ,README.md,True,
https://github.com/alakajam-team/alakajam/commit/e427365a043712843db49844c07325183096edde ,README.md,False,
https://github.com/flexera-public/policy_templates/commit/9a0b89592a076cdba8093b7256c9115671e27000 ,README.md,False,
https://github.com/dominictobias/react-image-crop/commit/626ba6a175cb98c7bf1f49f71d8f5eda28ff5d10 ,README.md,False,issues
https://github.com/Pushwoosh/pushwoosh-phonegap-plugin/commit/0fb566c4597b24df1521c1861bdd4deea9614cfd ,README.md,False,
https://github.com/flexera-public/policy_templates/commit/73380c4c6a40f14f583ea8f51be3ad555bbc0af0 ,README.md,False,
https://github.com/MUME/MMapper/commit/f3e1c78e44870fa2914866df8f93fa32936d542a ,README.md,False,
https://github.com/aerospike/aerospike-client-ruby/commit/60759791939dc6db701107123bc3b3e867c408ff ,README.md,True,
https://github.com/webpack/compression-webpack-plugin/commit/f540c48a1c3fbc965ae8b01f60b9fc706a8eec47 ,README.md,False,form
https://github.com/webpack/compression-webpack-plugin/commit/f540c48a1c3fbc965ae8b01f60b9fc706a8eec47 ,README.md,False,forum
https://github.com/flexera-public/policy_templates/commit/53df181b06f6f014f6eaa5154578d8922dee1a07 ,README.md,False,
https://github.com/freebsd/atf/commit/cfe6ee16396acde99a993ffa3e93a7acd8c28e20 ,README.md,False,
https://github.com/scipopt/SCIP.jl/commit/888a3a01dba7ba23eee621c08fbfaf944830056a ,README.md,False,
https://github.com/wazuh/wazuh/commit/f8a33575b70c46170404ff42e05b3543e8a2586f ,README.md,False,
https://github.com/flexera-public/policy_templates/commit/2e34b5e4377273218509fd6ec9afa94eeabcc911 ,README.md,False,
https://github.com/twilio/twilio-java/commit/7705b7368ab35ea29fbb9616950343e0640faf88 ,README.md,False,
https://github.com/freebsd/atf/commit/85fbfd89ac899d8a498d87ade634807cc78aa09a ,README.md,False,
https://github.com/zdavatz/oddb.org/commit/4fe644c1b06fe50dc399b97a33fe437840724b23 ,README.md,False,
https://github.com/Pushwoosh/pushwoosh-phonegap-plugin/commit/1ace470d463d09ee96e229aee078325c2d16afd4 ,README.md,False,linkedin
https://github.com/flexera-public/policy_templates/commit/9daf5a12eecb01f8ead84be74b538436538c67a9 ,README.md,False,
https://github.com/Pushwoosh/pushwoosh-phonegap-plugin/commit/6595b7b2951d342dd8648095e12854958c4765af ,README.md,False,
https://github.com/apache/shardingsphere/commit/b0e7883664b3b9415dd60f1e24f849ec26af8a48 ,README.md,False,
https://github.com/ROCm/MIOpen/commit/47c33da2b123578497995ecee886ffde88703aab ,README.md,False,fork
https://github.com/flexera-public/policy_templates/commit/037122ecdc279ed3726d5b138cc391998418cd7c ,README.md,False,
https://github.com/flexera-public/policy_templates/commit/a751bd71bd5943a0011b769044ed659ea295fe0a ,README.md,True,
https://github.com/anura-engine/anura/commit/5b1b8f670400b33cd416cc4b07a6e96f35d7958f ,README.md,False,pull_request
https://github.com/tighten/ziggy/commit/ab39cd9647c3fbe2efc04407e078dfc4ff212ad1 ,CONTRIBUTING.md,False,
https://github.com/firebase/firebaseui-web/commit/80ff09a67eda047cf39f22b26e302a503de3d43a ,README.md,True,mail
https://github.com/firebase/firebaseui-web/commit/80ff09a67eda047cf39f22b26e302a503de3d43a ,README.md,True,fork
https://github.com/flexera-public/policy_templates/commit/e766bb706711277c721e85f53a671380e03ec186 ,README.md,False,
https://github.com/apache/shardingsphere/commit/4d7c66a8b67f1bdb5ce4cde611bec636a507cfa8 ,README.md,True,
https://github.com/bitnami/charts/commit/52dfed6bac44d791efabfaf06f15daddc4fefb0c ,README.md,False,
https://github.com/Pushwoosh/pushwoosh-phonegap-plugin/commit/8382aedcfb7950340df5838922cc5136866be5d7 ,README.md,False,
https://github.com/OPM/opm-simulators/commit/46eac8c726a7ac6258c2f73d1ef19f137bda576d ,CONTRIBUTING.md,True,ping_on_github
https://github.com/OPM/opm-simulators/commit/46eac8c726a7ac6258c2f73d1ef19f137bda576d ,CONTRIBUTING.md,True,issues
https://github.com/OPM/opm-simulators/commit/46eac8c726a7ac6258c2f73d1ef19f137bda576d ,CONTRIBUTING.md,True,fork
https://github.com/OPM/opm-simulators/commit/46eac8c726a7ac6258c2f73d1ef19f137bda576d ,CONTRIBUTING.md,True,github_discussions
https://github.com/OPM/opm-simulators/commit/46eac8c726a7ac6258c2f73d1ef19f137bda576d ,CONTRIBUTING.md,True,mailing_list
https://github.com/OPM/opm-simulators/commit/46eac8c726a7ac6258c2f73d1ef19f137bda576d ,CONTRIBUTING.md,True,github_issues
https://github.com/OPM/opm-simulators/commit/46eac8c726a7ac6258c2f73d1ef19f137bda576d ,CONTRIBUTING.md,True,linkedin
https://github.com/OPM/opm-simulators/commit/46eac8c726a7ac6258c2f73d1ef19f137bda576d ,CONTRIBUTING.md,True,pull_request
https://github.com/flexera-public/policy_templates/commit/24dbc8165d9002c34b165989ffc038e51c41812e ,README.md,False,
https://github.com/bitnami/charts/commit/7795f7c1636d0294c86ab7e1116ef1c442d38274 ,README.md,True,
https://github.com/anura-engine/anura/commit/b929da99629d315582fec49b1dff39c6f1e5616d ,README.md,False,mail
https://github.com/freebsd/atf/commit/c6b52a93a54ae9fe3a36cf24cfd760f80080ac59 ,README.md,False,
https://github.com/RustAudio/rust-jack/commit/8dcc07d78a57c6964e90d024a2c59c2bcbf5d02e ,README.md,False,
https://github.com/flexera-public/policy_templates/commit/5a9dc2d5d4d0f015723cd2f345a34a74a5546ce6 ,README.md,False,
https://github.com/05bit/peewee-async/commit/922068c579f92d9344db382cc001baca13114d40 ,README.md,False,
https://github.com/spf13/cobra/commit/3f3b81882534a51628f3286e93c6842d9b2e29ea ,README.md,False,
https://github.com/flexera-public/policy_templates/commit/c6b93ea3f00a23f03cfc3a2f0870bced3e5587f4 ,README.md,False,
https://github.com/i18next/i18next-gitbook/commit/a180d4298e0444e9f7bb5aadfd178885db3d1f3b ,README.md,False,blog
https://github.com/i18next/i18next-gitbook/commit/a180d4298e0444e9f7bb5aadfd178885db3d1f3b ,README.md,False,website
https://github.com/jackc/pgx/commit/58b05f567c01eafb14218f659a16a5384ffe5dfa ,README.md,False,
https://github.com/gcanti/fp-ts/commit/cabd6777aaf86f99740952cb66993820ea6ef564 ,README.md,True,website
https://github.com/lttng/lttng-tools/commit/43974eca015a536c9890e6185494ffa0fe4a8fd0 ,CONTRIBUTING.md,False,
https://github.com/iobroker-community-adapters/ioBroker.telegram/commit/95ffc347541b06864ac05b683c3deaad8c24cfa5 ,README.md,False,telegram
https://github.com/danieleteti/delphimvcframework/commit/0a1d2cd315832227eb4e4cdbf34de646f72530ca ,README.md,True,
https://github.com/firebase/firebaseui-web/commit/dc35482cc70ab229242d4f8894f17d901086117b ,CONTRIBUTING.md,True,form
https://github.com/firebase/firebaseui-web/commit/dc35482cc70ab229242d4f8894f17d901086117b ,CONTRIBUTING.md,True,pull_request
https://github.com/graphql-python/graphql-core/commit/9dcf25e66f6ed36b77de788621cf50bab600d1d3 ,README.md,False,
https://github.com/pwsafe/pwsafe/commit/aebba91da40bc2628504a4a1b941a80eb457b4f3 ,README.md,False,form
https://github.com/pwsafe/pwsafe/commit/aebba91da40bc2628504a4a1b941a80eb457b4f3 ,README.md,False,forum
https://github.com/clearlydefined/crawler/commit/70129db1df8790efdb470b0062520b66052e3cf2 ,README.md,False,
https://github.com/ktorio/ktor/commit/668886e5817c37041a692296e45883cb7e8a8184 ,README.md,False,
https://github.com/DEFRA/flood-risk-engine/commit/4f3d7d287a8b25a13f40188ebc29c980472b8e65 ,README.md,False,
https://github.com/freebsd/atf/commit/ffb32f0e1ba916f9dec4320db1bbea2f5c3ada61 ,README.md,True,google_group
https://github.com/freebsd/atf/commit/ffb32f0e1ba916f9dec4320db1bbea2f5c3ada61 ,README.md,True,mailing_list
https://github.com/iobroker-community-adapters/ioBroker.telegram/commit/b1d80e3427a882fcd2368abf796969f4717a4664 ,README.md,False,telegram
https://github.com/ktorio/ktor/commit/37a9a0f6753cf9b9630e02c5c350f764e1da1b20 ,CONTRIBUTING.md,False,
https://github.com/jackc/pgx/commit/0819a17da8863cd8bd6819dfed246d6101f67086 ,CONTRIBUTING.md,True,
https://github.com/webpack/compression-webpack-plugin/commit/4aaa64242ec46fb308adce508dbbfc5d08b146b2 ,README.md,False,
https://github.com/quotient-im/Quaternion/commit/5653d8074eb09d7b7b29104336723746d8e45c24 ,README.md,True,form
https://github.com/quotient-im/Quaternion/commit/5653d8074eb09d7b7b29104336723746d8e45c24 ,README.md,True,forum
https://github.com/tighten/ziggy/commit/409d4ea61af71f8b8ef43e73c00f4b6d23451aa8 ,README.md,False,
https://github.com/flexera-public/policy_templates/commit/58257fe741097efea678d940cfe365bd6c18e7c9 ,README.md,True,fork
https://github.com/OpenEnergyPlatform/oeplatform/commit/e6d1359302d4962d282c2319fe96d872fe0ef160 ,README.md,False,
https://github.com/Screenly/Anthias/commit/42a8207c155bbbf75d172d8f4833c9b47f0b6676 ,README.md,True,blog
https://github.com/flexera-public/policy_templates/commit/8378c2b539e4f92418119d0dc8be683d63b8d4be ,README.md,False,
https://github.com/twilio/twilio-java/commit/0b771a9a9fb024e0ab7d087dd5771f12fc5ee9be ,README.md,False,
https://github.com/tighten/ziggy/commit/9101d1fa2ec11271943507d93b926555b6f7e9e2 ,README.md,False,
https://github.com/flexera-public/policy_templates/commit/9973f485fd095198e08404a258eb419834582be5 ,README.md,True,
https://github.com/webpack/compression-webpack-plugin/commit/2ef7b3724a841285a0dcadc2bd68c307d299ef48 ,README.md,False,
https://github.com/facebook/pyre-check/commit/950ec3cfec92210d597b91cdc6ed5eeeb418747d ,CONTRIBUTING.md,False,
https://github.com/twilio/twilio-java/commit/2b32a891fe960fabcd53c212df66f0af3b3c11da ,README.md,False,
https://github.com/apache/shardingsphere/commit/05668f1d844938b3382afcbd51c60d9ea46ab0fd ,README.md,False,
https://github.com/wazuh/wazuh/commit/d39e33b9d431bb49671c7cb6aaf42270a04c0c47 ,README.md,False,
https://github.com/flexera-public/policy_templates/commit/aac51e205d33a0d66784d0a5d78ba7e945de32f5 ,README.md,False,
https://github.com/percival-detector/percivalui/commit/412f769fd50aaa21f675fa514a643d9aa62cbdc9 ,README.md,False,
https://github.com/voxpupuli/rspec-puppet-facts/commit/46b97a79c4604f067aaf9119a1e33cde93e0447c ,README.md,False,
https://github.com/scalacenter/bloop/commit/372a1767e7d94a0016b81877a2090b5b0f29a353 ,README.md,False,
https://github.com/OpenEnergyPlatform/oeplatform/commit/ebe852e61a65427ff355148ad79af9e804ebf41b ,CONTRIBUTING.md,False,
https://github.com/pydata/sparse/commit/373f29faa342bf5b1e9308a6f6d208fc7ab4b9e9 ,README.md,False,issues
https://github.com/aerospike/aerospike-client-ruby/commit/40ff3fbd5b7793e30d24d5fdb30d412f01325dc5 ,README.md,False,
https://github.com/hakyimlab/MetaXcan/commit/76a11b856f3cbab0b866033d518c201374a5594b ,README.md,False,
https://github.com/airbnb/epoxy/commit/0824c3188fa571db6867fde09edcd74d9f1b38d2 ,README.md,False,
https://github.com/ktorio/ktor/commit/1fcffc22f3c3bd321ee85f198bbde0a15b45df43 ,CONTRIBUTING.md,True,pull_request
https://github.com/crytic/echidna/commit/a870f7f8d5726d3dcd6de971641a1025139dd183 ,README.md,False,
https://github.com/flexera-public/policy_templates/commit/15efef3c76cd29215dc59c56edd268d22b813ce9 ,README.md,True,
https://github.com/OpenEnergyPlatform/oeplatform/commit/576b4efe2c259ee877fee20bca1c72020538b563 ,CONTRIBUTING.md,True,ping_on_github
https://github.com/OpenEnergyPlatform/oeplatform/commit/576b4efe2c259ee877fee20bca1c72020538b563 ,CONTRIBUTING.md,True,linkedin
https://github.com/OpenEnergyPlatform/oeplatform/commit/576b4efe2c259ee877fee20bca1c72020538b563 ,CONTRIBUTING.md,True,form
https://github.com/OpenEnergyPlatform/oeplatform/commit/576b4efe2c259ee877fee20bca1c72020538b563 ,CONTRIBUTING.md,True,github_issues
https://github.com/OpenEnergyPlatform/oeplatform/commit/576b4efe2c259ee877fee20bca1c72020538b563 ,CONTRIBUTING.md,True,github_wiki
https://github.com/OpenEnergyPlatform/oeplatform/commit/576b4efe2c259ee877fee20bca1c72020538b563 ,CONTRIBUTING.md,True,issues
https://github.com/OpenEnergyPlatform/oeplatform/commit/576b4efe2c259ee877fee20bca1c72020538b563 ,CONTRIBUTING.md,True,fork
https://github.com/danieleteti/delphimvcframework/commit/7bf672bc323733952f7cafac0c775bbc1d264319 ,README.md,False,
https://github.com/ktorio/ktor/commit/92a0d3fd502aaf5fd3fac665fb35a0c93ac2b5df ,README.md,False,
https://github.com/flexera-public/policy_templates/commit/3a5a0f0d0cf59f2f868991025a6276a6beadc080 ,README.md,False,
https://github.com/danieleteti/delphimvcframework/commit/ab5d673e9dea5bb415534b092208b628a66d09cf ,README.md,False,
https://github.com/SciTools/iris/commit/6928d4b9740f1aba93192d82b705731d34cfa7e9 ,README.md,True,
https://github.com/bugsnag/bugsnag-symfony/commit/79d57c28242ba24be5d4c0cd9385230ff3fcdfaf ,README.md,True,
https://github.com/voxpupuli/rspec-puppet-facts/commit/c61c713703a7f385b967062e08186676967ff59e ,README.md,False,
https://github.com/spencermountain/compromise/commit/5eb8c1724341ebd5e9cb298ed18a367455d0ad55 ,README.md,False,
https://github.com/RustAudio/rust-jack/commit/02a5936b0db70b5ce9b46ea4c2a56ca638369d9f ,README.md,False,
https://github.com/plotly/plotly.js/commit/429a0a41d3853a65f45adeedb369edec3675be3f ,README.md,False,
https://github.com/galaxyproject/bioblend/commit/8e08b055e97daee35c2f41a780c71614f2e11455 ,CONTRIBUTING.md,False,
https://github.com/jackc/pgx/commit/e1b90cf6208a3b36ba9f5a6500cabe809b0da301 ,CONTRIBUTING.md,False,
https://github.com/iobroker-community-adapters/ioBroker.telegram/commit/07706f28ba20641967ca473f801970787531f93d ,README.md,False,telegram
https://github.com/plotly/plotly.js/commit/2f0723934b0405523c2acbcfe0deab2a2dc811bd ,README.md,False,
https://github.com/OpenEnergyPlatform/oeplatform/commit/4711e90a0289fc4ae6ea6a49b3c3b13793b0f7c4 ,README.md,False,fork
https://github.com/OpenEnergyPlatform/oeplatform/commit/4711e90a0289fc4ae6ea6a49b3c3b13793b0f7c4 ,README.md,False,website
https://github.com/flexera-public/policy_templates/commit/24d3aa150fd4b742e3d68c5ce05f2a6c8551e9ac ,README.md,False,
https://github.com/flexera-public/policy_templates/commit/ff79127e450a6a2fc6246eb055965c80f7463c1e ,README.md,False,
https://github.com/ktorio/ktor/commit/16df081ae41b42c684178f6535cee17562e2e497 ,CONTRIBUTING.md,False,
https://github.com/pwsafe/pwsafe/commit/8d6536bf2ca7abd575b0ec1923a8e2ca3303a96c ,README.md,False,github_issues
https://github.com/pwsafe/pwsafe/commit/8d6536bf2ca7abd575b0ec1923a8e2ca3303a96c ,README.md,False,fork
https://github.com/pwsafe/pwsafe/commit/8d6536bf2ca7abd575b0ec1923a8e2ca3303a96c ,README.md,False,ping_on_github
https://github.com/flexera-public/policy_templates/commit/3b36d07729f9b1be947e09e23e4fad59a2da9764 ,README.md,False,
https://github.com/jcabi/jcabi-maven-skin/commit/c4b02898d1fbc21346e19ce66ad4d67e83b4970f ,README.md,False,issues
https://github.com/voxpupuli/rspec-puppet-facts/commit/598d630da1a5d8317b4f6f0c22d8686cc458ba4d ,README.md,False,
https://github.com/SpectoLabs/hoverfly/commit/ae6b759fee9722f54d80380ca0b70b0f07b0b349 ,README.md,True,github_discussions
https://github.com/SpectoLabs/hoverfly/commit/ae6b759fee9722f54d80380ca0b70b0f07b0b349 ,README.md,True,mailing_list
https://github.com/flexera-public/policy_templates/commit/499f5b23f1e8077c669bfcf22312feb13885d3c1 ,README.md,False,
https://github.com/plotly/plotly.js/commit/e523791e75bb71af0dc773143bd276e71bde5b2d ,README.md,False,
https://github.com/webpack/compression-webpack-plugin/commit/195f4db5ab87a80ecc2a8ca836568fc650b63051 ,README.md,False,
https://github.com/flexera-public/policy_templates/commit/31263440f0a27defbad2bbf86dde375a6343c582 ,README.md,False,
https://github.com/i18next/i18next-gitbook/commit/aa1ddde0883cd1e0315c32fd362141d7060179bd ,README.md,False,
https://github.com/apache/shardingsphere/commit/1bb1b3416941145f68fd79301f85598abe72dcd6 ,README.md,False,
https://github.com/bids-standard/bids-validator/commit/e28cada552ad7101ec8656f4347e247010830b66 ,README.md,False,
https://github.com/MisterPhilip/omnibug/commit/8636ef5a47a767baf58f70275b93c961dcf48b26 ,CONTRIBUTING.md,True,github_issues
https://github.com/MisterPhilip/omnibug/commit/8636ef5a47a767baf58f70275b93c961dcf48b26 ,CONTRIBUTING.md,True,issues
https://github.com/MisterPhilip/omnibug/commit/8636ef5a47a767baf58f70275b93c961dcf48b26 ,CONTRIBUTING.md,True,discord
https://github.com/MisterPhilip/omnibug/commit/8636ef5a47a767baf58f70275b93c961dcf48b26 ,CONTRIBUTING.md,True,pull_request
https://github.com/Screenly/Anthias/commit/77d527a50c6b38062451c9112ee5656f7d483dff ,README.md,False,
https://github.com/Pushwoosh/pushwoosh-phonegap-plugin/commit/3df57f3310576a3110b5d6c7b76527ad9ee6cc03 ,README.md,False,
https://github.com/jackc/pgx/commit/3b7fa4ce87fb5dfd1fe1a9942b9a09cda5957dcb ,README.md,False,
https://github.com/Pushwoosh/pushwoosh-phonegap-plugin/commit/4137be588a58e7aab925475eae0d03baf1f13199 ,README.md,False,
https://github.com/Farama-Foundation/ViZDoom/commit/17479b92f9a71ec0519af4409b4a7c4bf7b4c5b3 ,README.md,False,
https://github.com/iobroker-community-adapters/ioBroker.telegram/commit/d152f931ed32ee0177be8ee93acf524e94e4ecfd ,README.md,False,telegram
https://github.com/bitnami/charts/commit/a4ef0a63877fcf32895869ceef0916c15a4718e5 ,README.md,True,form
https://github.com/bitnami/charts/commit/a4ef0a63877fcf32895869ceef0916c15a4718e5 ,README.md,True,forum
https://github.com/iobroker-community-adapters/ioBroker.telegram/commit/d456c7d7b1bc03d2f8709eaeebab4139b1d20e00 ,README.md,False,telegram
https://github.com/OpenEnergyPlatform/oeplatform/commit/ced714d98a5864abaf29fb523e1ddff7e6c97466 ,README.md,True,
https://github.com/flexera-public/policy_templates/commit/a9da0b61696b317a4a04875c0cca450721991a55 ,README.md,False,
https://github.com/danieleteti/delphimvcframework/commit/777cbb166b010171190b264894d68d8018672743 ,README.md,False,
https://github.com/crytic/echidna/commit/81517472ef3b2b2029b397534590375648b8fd46 ,CONTRIBUTING.md,False,form
https://github.com/crytic/echidna/commit/81517472ef3b2b2029b397534590375648b8fd46 ,CONTRIBUTING.md,False,fork
https://github.com/crytic/echidna/commit/81517472ef3b2b2029b397534590375648b8fd46 ,CONTRIBUTING.md,False,pull_request
https://github.com/Pushwoosh/pushwoosh-phonegap-plugin/commit/e68e4d3bf96ff5a788b713436d5e62eb1d44e9a7 ,README.md,False,
https://github.com/crytic/echidna/commit/81517472ef3b2b2029b397534590375648b8fd46 ,README.md,False,mail
https://github.com/opendsm/opendsm/commit/338b9b1fa2d739d6fdbbbec2596a39b651ba2108 ,README.md,False,
https://github.com/docker-library/ruby/commit/cf905a63f0b9f9ab45b97922fd87464006a68f8f ,README.md,False,
https://github.com/quotient-im/Quaternion/commit/949e6f3a9ee1dd4b956fe0dcd8f9005ba1c998c2 ,README.md,False,pull_request
https://github.com/quotient-im/Quaternion/commit/949e6f3a9ee1dd4b956fe0dcd8f9005ba1c998c2 ,README.md,False,mailing_list
https://github.com/quotient-im/Quaternion/commit/949e6f3a9ee1dd4b956fe0dcd8f9005ba1c998c2 ,README.md,False,rss_feed
https://github.com/bids-standard/bids-validator/commit/fd86b31616aef580d46d51dbf96c86eda5141640 ,README.md,False,
https://github.com/bitnami/charts/commit/a5e4bd0e35e419203793976a78d9d0a13de92c76 ,CONTRIBUTING.md,False,pull_request
https://github.com/pulumi/pulumi-aws/commit/5459b84cd773a63f520d9e0d653d72691e416338 ,CONTRIBUTING.md,False,
https://github.com/i18next/i18next-gitbook/commit/ab7db916a6067975f6a7d9e5f67a5652663d7167 ,README.md,False,
https://github.com/flexera-public/policy_templates/commit/9e0ffb44722d5631bb460fa165b2c0221fac3826 ,README.md,False,
https://github.com/iobroker-community-adapters/ioBroker.telegram/commit/3e43c5b896e4e1f831827d1042e7ea24c86b347e ,README.md,False,telegram
https://github.com/bitnami/charts/commit/e9f02f5007068751f7eb2270fece811e685c99b6 ,README.md,False,blog
https://github.com/eslint/eslint-github-bot/commit/d426e8a8278e77c64214c5246e2ff85daea63539 ,README.md,True,website
https://github.com/graphql-python/graphql-core/commit/2c94f03026932e929c329456da5403a773e9dab1 ,README.md,False,
https://github.com/iobroker-community-adapters/ioBroker.telegram/commit/bf810767a7838a3b4192fa572dcb1eee5994ef2c ,README.md,True,telegram
https://github.com/tighten/ziggy/commit/0c37d349b304e8aed183d4cedcf9f0662c3a6cf4 ,README.md,False,
https://github.com/firebase/firebaseui-web/commit/dc35482cc70ab229242d4f8894f17d901086117b ,README.md,True,ping_on_github
https://github.com/firebase/firebaseui-web/commit/dc35482cc70ab229242d4f8894f17d901086117b ,README.md,True,facebook
https://github.com/firebase/firebaseui-web/commit/dc35482cc70ab229242d4f8894f17d901086117b ,README.md,True,twitter
https://github.com/firebase/firebaseui-web/commit/dc35482cc70ab229242d4f8894f17d901086117b ,README.md,True,form
https://github.com/firebase/firebaseui-web/commit/dc35482cc70ab229242d4f8894f17d901086117b ,README.md,True,fork
https://github.com/firebase/firebaseui-web/commit/dc35482cc70ab229242d4f8894f17d901086117b ,README.md,True,forum
https://github.com/firebase/firebaseui-web/commit/dc35482cc70ab229242d4f8894f17d901086117b ,README.md,True,mailing_list
https://github.com/firebase/firebaseui-web/commit/dc35482cc70ab229242d4f8894f17d901086117b ,README.md,True,mail
https://github.com/firebase/firebaseui-web/commit/dc35482cc70ab229242d4f8894f17d901086117b ,README.md,True,rss_feed
https://github.com/jackc/pgx/commit/659823f8f354ca478f19fae188c51cf8ae233492 ,README.md,False,
https://github.com/opendsm/opendsm/commit/fc189d5dc42b81a6a3f11afc598dc414ebc7eb14 ,CONTRIBUTING.md,False,
https://github.com/flexera-public/policy_templates/commit/bef2ccdc47634343f3872fe2d595ef940b9523a9 ,README.md,True,mail
https://github.com/lttng/lttng-tools/commit/d6e376c19c6b1b1247f46ea19e00a636e7f22efb ,CONTRIBUTING.md,True,irc
https://github.com/danieleteti/delphimvcframework/commit/671153ef303816c9b0d6169cc7fa137a633ba4f4 ,README.md,True,
https://github.com/clearlydefined/crawler/commit/254deb0777c2fbcfd081765e7e82c86807081067 ,README.md,False,
https://github.com/flexera-public/policy_templates/commit/513d722c03810dbbde725028e25d2a52fd619c1f ,README.md,False,
https://github.com/danieleteti/delphimvcframework/commit/77c9785116249cf530d73129ee7df41bd7d47d2a ,README.md,False,
https://github.com/http-kit/http-kit/commit/91e46cb71f1360677c96659a074ff92726aff8e5 ,README.md,True,github_issues
https://github.com/http-kit/http-kit/commit/91e46cb71f1360677c96659a074ff92726aff8e5 ,README.md,True,slack
https://github.com/contentful/contentful-management.js/commit/0415a18ba7f65024858b718945ca9ad71a490e1a ,README.md,False,
https://github.com/plotly/plotly.js/commit/1e45fcf6128d0bf70ebbc328d968c022d44056fc ,README.md,False,
https://github.com/wazuh/wazuh/commit/59cf6b5b2cd1609ff7bef8cec1d03f80d80d8bfa ,README.md,False,
https://github.com/flexera-public/policy_templates/commit/3eefe891d40c690c92745693eee61413c771a46c ,README.md,False,github_issues
https://github.com/anura-engine/anura/commit/374a6d88cc3949caad268db8fb07f3fccab4b562 ,README.md,False,pull_request
https://github.com/unicorn-engine/unicorn/commit/f8c6db950420d2498700245269d0b647697c5666 ,README.md,True,
https://github.com/flexera-public/policy_templates/commit/93ed25efdf501cda7902d275ccd6b0db77e4fb1f ,README.md,False,
https://github.com/rails/activeresource/commit/aef92ecdf333e2b3e2476d7087d94a2fe08a31c8 ,README.md,False,
https://github.com/tighten/ziggy/commit/fc6d6ca8b91dc5c833fe7f2105c315ca87869840 ,README.md,False,
https://github.com/flexera-public/policy_templates/commit/1a293d4af208fe6386a6b9b83157b22355d9240e ,README.md,False,
https://github.com/iobroker-community-adapters/ioBroker.telegram/commit/61274eb601668651049ab8c0238d9b35c5a7d648 ,README.md,False,telegram
https://github.com/danieleteti/delphimvcframework/commit/f39fc9e3e578f6ccf76f4237aee6c3be742d3646 ,README.md,True,facebook
https://github.com/danieleteti/delphimvcframework/commit/f39fc9e3e578f6ccf76f4237aee6c3be742d3646 ,README.md,True,stack_overflow
https://github.com/danieleteti/delphimvcframework/commit/f39fc9e3e578f6ccf76f4237aee6c3be742d3646 ,README.md,True,blog
https://github.com/plotly/plotly.js/commit/cc5ac8bbf86d5ac834122a858cb07b35478824fe ,README.md,False,
https://github.com/flexera-public/policy_templates/commit/5cf8d89999ea27a3e3cecadee0e39c02bd339aca ,README.md,True,
https://github.com/iobroker-community-adapters/ioBroker.telegram/commit/280c56063b85aeddc131679860db45babf001236 ,README.md,False,telegram
https://github.com/contao-bootstrap/form/commit/52d8e2ffbfa389cec1a0dd7300bbc2732abef040 ,README.md,False,form
https://github.com/contao-bootstrap/form/commit/52d8e2ffbfa389cec1a0dd7300bbc2732abef040 ,README.md,False,forum
https://github.com/spf13/cobra/commit/11ab62158ac7079acb819b02c25c9a1ee2eb5eb6 ,README.md,False,
https://github.com/tighten/ziggy/commit/ca69f344d0cbddb149e8062012045e829d68a165 ,README.md,False,
https://github.com/tighten/ziggy/commit/b4275a726dd1ec7adeca93db9be9558f77ea4041 ,README.md,False,
https://github.com/KordingLab/KordingLab.github.io/commit/f142bc3c8877870bdbdd3a6b2bfbcd4ef321781c ,README.md,True,ping_on_github
https://github.com/KordingLab/KordingLab.github.io/commit/f142bc3c8877870bdbdd3a6b2bfbcd4ef321781c ,README.md,True,forum
https://github.com/KordingLab/KordingLab.github.io/commit/f142bc3c8877870bdbdd3a6b2bfbcd4ef321781c ,README.md,True,pull_request
https://github.com/KordingLab/KordingLab.github.io/commit/f142bc3c8877870bdbdd3a6b2bfbcd4ef321781c ,README.md,True,mail
https://github.com/KordingLab/KordingLab.github.io/commit/f142bc3c8877870bdbdd3a6b2bfbcd4ef321781c ,README.md,True,website
https://github.com/ROCm/MIOpen/commit/5518f2484d585477ef42c699ebac8a47ff680a11 ,README.md,False,
https://github.com/ForgeRock/forgeops/commit/62e1d3a9fb8adc8814897d366e55cb2e0ef96327 ,README.md,False,
https://github.com/webpack/webpack-hot-middleware/commit/b5df4cce15256253469b9a36be134ebb8920cce1 ,README.md,True,
https://github.com/dominictobias/react-image-crop/commit/5fc2b705c404f1a5d34b9592df1f95fe83181d9c ,README.md,False,
https://github.com/flexera-public/policy_templates/commit/6853a217f5f3ef43d2b3bf80d5b6e7ebe485fd57 ,README.md,False,
https://github.com/danieleteti/delphimvcframework/commit/0edc0c6cd2c76ffbe89a250adf01b63d55caef7c ,README.md,False,blog
https://github.com/flexera-public/policy_templates/commit/de98c78b0e87a08a3e7b72534877ad0634e2e7a1 ,README.md,False,
https://github.com/iobroker-community-adapters/ioBroker.telegram/commit/01fd6be6f63dd451f4c7d042f0d605a0435c008b ,README.md,False,telegram
https://github.com/flexera-public/policy_templates/commit/a72b01b7e6c774eebc92e9ce56c0a0de3626b274 ,README.md,False,
https://github.com/clearlydefined/crawler/commit/1faa1dd2d960351194d4c5157149c2de5c396b8f ,CONTRIBUTING.md,False,
https://github.com/flexera-public/policy_templates/commit/ee9381a97742bb24f11fbed0c0b75ce24d64908c ,README.md,False,
https://github.com/dachcom-digital/pimcore-toolbox/commit/bba510faa8a7207ee90e874832aeb99c072c6cd8 ,README.md,False,
https://github.com/flexera-public/policy_templates/commit/47b7628b9199d93b1cc8f9ca96f0e185bfa2223c ,README.md,False,
https://github.com/flexera-public/policy_templates/commit/3e4eb8358e14c453e4ec8fa8aaf79333cb65fd9e ,README.md,False,
https://github.com/flexera-public/policy_templates/commit/b1259918e861a3b070e1586a9149a279dd4d820c ,README.md,False,
https://github.com/iobroker-community-adapters/ioBroker.telegram/commit/aecf78e8aceea1c86fe1cd4ee0c6e5f8107526f2 ,README.md,False,telegram
https://github.com/iobroker-community-adapters/ioBroker.telegram/commit/a8a3bf847c2fd8fa945fc8443c087350d325c86c ,README.md,False,telegram
https://github.com/OPM/opm-simulators/commit/8018ed28a9f117de6791975df8a46808ec54f398 ,CONTRIBUTING.md,False,
https://github.com/OpenEnergyPlatform/oeplatform/commit/2668dc66dde978b65b26834a3785d29a7eb11499 ,README.md,False,
https://github.com/flexera-public/policy_templates/commit/855539e1ca42b2a24002da17c8bce2d2e3f106c7 ,README.md,False,
https://github.com/OpenEnergyPlatform/oeplatform/commit/cd467f1bd23e4df295201a4a59ddcc3f14a9a2c8 ,README.md,False,
https://github.com/spf13/cobra/commit/680936a2200be363c61feda8cd29287f0726a48c ,README.md,False,
https://github.com/spf13/cobra/commit/67171d6909986ee86fb946f808b87aba88ee417a ,README.md,False,
https://github.com/crytic/echidna/commit/0ee08865cf1e9872843621d75c9aeb0b4d24c015 ,README.md,True,
https://github.com/yohang/Finite/commit/74b702e8ceb3220dd6e9878ea839df2a761e60e2 ,README.md,False,
https://github.com/crytic/echidna/commit/4676495b78facabded36caf930ff521fdbd727ff ,README.md,True,
https://github.com/i18next/i18next-gitbook/commit/36a15c5b1c227509a8fb56d8cf1a726ec20790df ,README.md,False,
https://github.com/simonmichael/hledger/commit/3d5704fe22dcc71f7c0983d679d46fec8c3ed947 ,README.md,True,
https://github.com/Pushwoosh/pushwoosh-phonegap-plugin/commit/2dc0a59291afbe04aeadff0d4381f8045d031b9b ,README.md,False,
https://github.com/flexera-public/policy_templates/commit/ea04637fb86c6b1a905111d7010c6c54fe716e62 ,README.md,False,
https://github.com/flexera-public/policy_templates/commit/7de21c94f9bb5564a6e25efe688daa8b0b829225 ,README.md,False,
https://github.com/flexera-public/policy_templates/commit/0bffeee3db18d8be9046b85dc7654c8b3f7b79cd ,README.md,False,
https://github.com/flexera-public/policy_templates/commit/0e7d3b272461885662581839f988f765e6601654 ,README.md,False,
https://github.com/i18next/i18next-gitbook/commit/a0cc4d8d47688721ef4b56a0e090fb9a3b5c798f ,README.md,False,blog
https://github.com/i18next/i18next-gitbook/commit/a0cc4d8d47688721ef4b56a0e090fb9a3b5c798f ,README.md,False,website
https://github.com/crytic/echidna/commit/e72975cfd6089de01f00515a7f911fbaaa498e59 ,README.md,False,mail
https://github.com/dchest/tweetnacl-js/commit/3cfbba19e439a46d176a28ecf854cf38985c97ac ,README.md,False,
https://github.com/05bit/peewee-async/commit/a5ed200b58cffa098c53a2a3815e4c44d058e9f3 ,README.md,False,
https://github.com/flexera-public/policy_templates/commit/df1adb39a1bd301aa14fef2ea429859ce88b5223 ,README.md,False,
https://github.com/plotly/plotly.js/commit/08e06bd23651ef4bbede2640d1aad022be5ead38 ,README.md,False,
https://github.com/Pushwoosh/pushwoosh-phonegap-plugin/commit/36c387ee2dab5b847731171ccc6edb24c4003618 ,README.md,False,
https://github.com/vellvm/vellvm/commit/954dc95cc00137b858c88fbca98b494c1960513c ,README.md,False,
https://github.com/ForgeRock/forgeops/commit/c355614c63945c3c0e389d37e51e5ad6ac557fd4 ,README.md,True,github_wiki
https://github.com/OpenEnergyPlatform/oeplatform/commit/fa47c6edaeedbcf85df29c27663805f9c0e21106 ,README.md,False,
https://github.com/http-kit/http-kit/commit/ee23bea74ff59541bcd6b50150fd640aaa5d0c66 ,README.md,False,github_wiki
https://github.com/metarhia/globalstorage/commit/b23ab19ea6c8bf5b917f66c0279cce83637d4b4e ,README.md,False,
https://github.com/wazuh/wazuh/commit/5c92c7e5ae8125ba951e429cc7096d8b86a9200f ,README.md,False,
https://github.com/danieleteti/delphimvcframework/commit/bca67520453f747bcd973e4ea7ebbe67854b8981 ,README.md,True,
https://github.com/ktorio/ktor/commit/4bbd595bd0172a6af4edb306b4b29424145767ba ,CONTRIBUTING.md,False,
https://github.com/OPM/opm-simulators/commit/2b11327e8f785b5104a44b3e799ea643b731a74c ,README.md,True,github_issues
https://github.com/OPM/opm-simulators/commit/2b11327e8f785b5104a44b3e799ea643b731a74c ,README.md,True,issues
https://github.com/OPM/opm-simulators/commit/2b11327e8f785b5104a44b3e799ea643b731a74c ,README.md,True,mailing_list
https://github.com/spencermountain/compromise/commit/91409434e84f17cf8f0957bbbb1e6477276dd61a ,README.md,False,
https://github.com/flexera-public/policy_templates/commit/68d2be395cedb81691e953a219e961b909bdb009 ,README.md,False,
https://github.com/bids-standard/bids-validator/commit/e6c62ff8ada3bdb5fd9e5b06f8635c74973d8015 ,CONTRIBUTING.md,True,ping_on_github
https://github.com/bids-standard/bids-validator/commit/e6c62ff8ada3bdb5fd9e5b06f8635c74973d8015 ,CONTRIBUTING.md,True,pull_request
https://github.com/bids-standard/bids-validator/commit/e6c62ff8ada3bdb5fd9e5b06f8635c74973d8015 ,CONTRIBUTING.md,True,github_wiki
https://github.com/bids-standard/bids-validator/commit/e6c62ff8ada3bdb5fd9e5b06f8635c74973d8015 ,CONTRIBUTING.md,True,issues
https://github.com/bids-standard/bids-validator/commit/e6c62ff8ada3bdb5fd9e5b06f8635c74973d8015 ,CONTRIBUTING.md,True,fork
https://github.com/bids-standard/bids-validator/commit/e6c62ff8ada3bdb5fd9e5b06f8635c74973d8015 ,CONTRIBUTING.md,True,discord
https://github.com/bids-standard/bids-validator/commit/e6c62ff8ada3bdb5fd9e5b06f8635c74973d8015 ,CONTRIBUTING.md,True,website
https://github.com/simonmichael/hledger/commit/30de68876509e93988b601dcbeade2cb1a679637 ,README.md,False,
https://github.com/Screenly/Anthias/commit/bdb854b71735f0edc724f92ddd4d1efcfa3cadec ,README.md,False,
https://github.com/Screenly/Anthias/commit/442645a737fc816674e1875ebd6ced07bb3c074b ,README.md,False,
https://github.com/pardeike/Harmony/commit/146bf487ce49a77b20f56fd5641fa3324341b1f6 ,README.md,False,
https://github.com/wazuh/wazuh/commit/7ae74bf0492e60f72638874c4ae8ef06603e5df0 ,README.md,False,
https://github.com/flexera-public/policy_templates/commit/1f6237c6237319857afe36509943992c925fe061 ,README.md,False,
https://github.com/flexera-public/policy_templates/commit/2443a631066190ab8ec972231da886c49e5a96b3 ,README.md,True,
https://github.com/flexera-public/policy_templates/commit/1d2a9961f0faa1aebc2aaf2580d6a5d023a1d3a5 ,README.md,False,
https://github.com/flexera-public/policy_templates/commit/ebb1ffa443bedc60628bc246646796f77b629399 ,README.md,True,
https://github.com/crytic/echidna/commit/a55c95d1df8b5fdb249ba9ac8017af604faaf8c2 ,README.md,False,
https://github.com/wazuh/wazuh/commit/6bf4421b5e5564bc8851b283dfc8b3ff922f4598 ,README.md,True,facebook
https://github.com/iobroker-community-adapters/ioBroker.telegram/commit/1089bba21356669318bc7bdc7bab3ec7db3e999f ,README.md,False,telegram
https://github.com/anura-engine/anura/commit/2f34129aaf9291fd780eb780da7c11f403b38fce ,README.md,False,pull_request
https://github.com/KartikTalwar/gmail.js/commit/a20b7617e14c310d8d7696cc5b52ee6e6c17d450 ,README.md,True,mail
https://github.com/KartikTalwar/gmail.js/commit/a20b7617e14c310d8d7696cc5b52ee6e6c17d450 ,README.md,True,discord
https://github.com/graphql-python/graphql-core/commit/44334f30f5e0cd9ecb7995a38548f2dc2a728f9d ,README.md,False,facebook
https://github.com/cfpb/consumerfinance.gov/commit/26193e3d0ae979a97c7464e1f4898bc216696f59 ,README.md,True,
https://github.com/twilio/twilio-java/commit/30e91a69b4f5e68717155a3fdf82b7d0e99807dc ,README.md,False,
https://github.com/bids-standard/bids-validator/commit/1e4664a7ca2282451975174c4043bdd3a523079f ,README.md,False,
https://github.com/flexera-public/policy_templates/commit/adb87b42405fef0287c3556697de02a56bb81e32 ,README.md,True,
https://github.com/danieleteti/delphimvcframework/commit/b569d8c828d2f33d5194f82a9557c4353acd2bd3 ,README.md,True,form
https://github.com/danieleteti/delphimvcframework/commit/b569d8c828d2f33d5194f82a9557c4353acd2bd3 ,README.md,True,forum
https://github.com/danieleteti/delphimvcframework/commit/ba25cfadf233e931909eff39737d1b47d6ba8e2b ,README.md,True,patreon
https://github.com/danieleteti/delphimvcframework/commit/ba25cfadf233e931909eff39737d1b47d6ba8e2b ,README.md,True,facebook
https://github.com/danieleteti/delphimvcframework/commit/ba25cfadf233e931909eff39737d1b47d6ba8e2b ,README.md,True,blog
https://github.com/danieleteti/delphimvcframework/commit/ba25cfadf233e931909eff39737d1b47d6ba8e2b ,README.md,True,twitter
https://github.com/danieleteti/delphimvcframework/commit/ba25cfadf233e931909eff39737d1b47d6ba8e2b ,README.md,True,github_discussions
https://github.com/danieleteti/delphimvcframework/commit/ba25cfadf233e931909eff39737d1b47d6ba8e2b ,README.md,True,stack_overflow
https://github.com/ROCm/MIOpen/commit/5123480a60609ef9561c582a784a5151b3bec765 ,README.md,False,github_wiki
https://github.com/http-kit/http-kit/commit/3c9f051681a35bddd6a140e5a2754c04bbfeee91 ,README.md,False,
https://github.com/tableau/tableau-log-viewer/commit/6151d5862f8af84cb85a8142f6f15a41fdc04813 ,README.md,False,
https://github.com/vellvm/vellvm/commit/4f3befb053ca84cb2fb390fc58585fffd87be8c1 ,README.md,False,
https://github.com/danieleteti/delphimvcframework/commit/e028b154cb0ae60d0498d2bdfeec405352735d33 ,README.md,False,
https://github.com/apache/shardingsphere/commit/a58274fba9fd07dc2a0012fa5066398a155b1cff ,README.md,False,github_wiki
https://github.com/cfpb/consumerfinance.gov/commit/2a9d19065bcb8980ad2eb030a27bee1b44db8176 ,CONTRIBUTING.md,False,
https://github.com/vellvm/vellvm/commit/be15a68184487474b32b8b8b30d7d94d84dc264b ,README.md,False,
https://github.com/flexera-public/policy_templates/commit/be9469196befecc99b71281fc2b09d4bfb554d9f ,README.md,False,
https://github.com/pardeike/Harmony/commit/11b42459cd4d8d6a679b0249fcece2bba878a7cc ,README.md,False,
https://github.com/flexera-public/policy_templates/commit/2e66c869d2ed759c20c1661a1cbb0f9d9d74af47 ,README.md,False,
https://github.com/flexera-public/policy_templates/commit/ca66f9d464bdbd39b79184238e123e1821770290 ,README.md,False,
https://github.com/iobroker-community-adapters/ioBroker.telegram/commit/aeb44cccab4b106627bcf92c420cb3abb402f58d ,README.md,False,telegram
https://github.com/i18next/i18next-gitbook/commit/9b4d81bb3fe30714dc66a24e58f4609daa2df3c1 ,README.md,False,
https://github.com/twilio/twilio-java/commit/6c54f012091090e65c61be984237e2bb5bf6d2d6 ,README.md,False,
https://github.com/stempler/bnd-platform/commit/ed3f0a7270d4d9aabb82feafd50b253907168c4a ,README.md,False,
https://github.com/flexera-public/policy_templates/commit/ab16f2404188d2464e15a26f2e77b80d3e8b15db ,README.md,False,
https://github.com/rhymix/rhymix/commit/84e57ff87683b4f02cce62d6b0235546bdd20fa7 ,README.md,False,
https://github.com/Screenly/Anthias/commit/37f4d747445b28f2c3b1d267a133dc5fb23cb977 ,README.md,False,
https://github.com/vellvm/vellvm/commit/38b549eae8bbf1a66c32b99104a845690a40cf69 ,README.md,False,
https://github.com/flexera-public/policy_templates/commit/32af55891819f0727a2d337df320d0bef3c9d483 ,README.md,False,
https://github.com/maproulette/maproulette-backend/commit/3cb3324b7478523387a893f603cc6895f4eb01a2 ,README.md,True,
https://github.com/MicrosoftDocs/dynamics-365-unified-operations-public/commit/8e191bbd703b12018b2295702b054c241ae20178 ,CONTRIBUTING.md,False,github_issues
https://github.com/MicrosoftDocs/dynamics-365-unified-operations-public/commit/8e191bbd703b12018b2295702b054c241ae20178 ,CONTRIBUTING.md,False,ping_on_github
https://github.com/flexera-public/policy_templates/commit/ec2feb5c60e169e3ba7bf40d708c88d70b072221 ,README.md,True,
https://github.com/iobroker-community-adapters/ioBroker.telegram/commit/10a9c490b1c6addbb9db322f7a874b85e2ba02f0 ,README.md,False,telegram
https://github.com/iobroker-community-adapters/ioBroker.telegram/commit/db4c337807f201244cdf2ced8aa72a8bac862ca9 ,README.md,False,telegram
https://github.com/syncthing/syncthing/commit/4986fc16767d09b3fe6ee06683336968d8a7057d ,CONTRIBUTING.md,False,
https://github.com/flexera-public/policy_templates/commit/31eefe2d4253335a4f9362f58f48941bd5cacd5f ,README.md,False,fork
https://github.com/flexera-public/policy_templates/commit/2dc9fcaee44c05f072656a770de1d8c74fb4cb80 ,README.md,False,
https://github.com/ktorio/ktor/commit/a78631515953032e9633df7d2bcd99de342e1663 ,CONTRIBUTING.md,False,
https://github.com/Screenly/Anthias/commit/d8857abf1d97ed6e70c5a1f1570eac91f6dfa594 ,README.md,True,
https://github.com/scipopt/SCIP.jl/commit/16f95f054f52bd69c58138bb8ce8d2df3b9443aa ,README.md,False,
https://github.com/plotly/plotly.js/commit/2db1dfccbbf58e91831889ae5c68a6d13f2af439 ,README.md,False,
https://github.com/wazuh/wazuh/commit/38dad10ff847291fb92595ed25f2d36c19f87fa8 ,README.md,False,
https://github.com/tighten/ziggy/commit/ae5e26a1aa297de3055db3dade5bf24157075565 ,README.md,False,
https://github.com/eslint/eslint-github-bot/commit/9eca7fd59e28a684b182c94fcda3ed24eb31ea14 ,README.md,True,website
https://github.com/ForgeRock/forgeops/commit/9d41d2cc22c934e4ff45eee31d1484ad3d835e25 ,README.md,True,ping_on_github
https://github.com/ForgeRock/forgeops/commit/9d41d2cc22c934e4ff45eee31d1484ad3d835e25 ,README.md,True,github_wiki
https://github.com/ForgeRock/forgeops/commit/9d41d2cc22c934e4ff45eee31d1484ad3d835e25 ,README.md,True,fork
https://github.com/ForgeRock/forgeops/commit/9d41d2cc22c934e4ff45eee31d1484ad3d835e25 ,README.md,True,pull_request
https://github.com/flexera-public/policy_templates/commit/8908d03089b39d8ea369e27625ccc334f60f0cbd ,README.md,False,
https://github.com/bids-standard/bids-validator/commit/9b198030e24900da8cb35f19a713fab2a432fcd1 ,README.md,False,
https://github.com/Pushwoosh/pushwoosh-phonegap-plugin/commit/6c1b6aca48764716463e24c48bcc292cda3a568d ,README.md,False,
https://github.com/iobroker-community-adapters/ioBroker.telegram/commit/27f2ba3f53e4d7954050d65dab65707e29a71b65 ,README.md,False,telegram
https://github.com/flexera-public/policy_templates/commit/394f5add8a46b70a174dac1e5136591c0030b86d ,README.md,True,forum
https://github.com/flexera-public/policy_templates/commit/394f5add8a46b70a174dac1e5136591c0030b86d ,README.md,True,github_issues
https://github.com/flexera-public/policy_templates/commit/394f5add8a46b70a174dac1e5136591c0030b86d ,README.md,True,form
https://github.com/flexera-public/policy_templates/commit/394f5add8a46b70a174dac1e5136591c0030b86d ,README.md,True,issues
https://github.com/flexera-public/policy_templates/commit/394f5add8a46b70a174dac1e5136591c0030b86d ,README.md,True,pull_request
https://github.com/scipopt/SCIP.jl/commit/ab217e57353ed14037be65b8f7e087c76b83ca16 ,README.md,False,
https://github.com/navikt/modiapersonoversikt/commit/7050d8ee61b8adf239adc36eb19819fd121c4d9d ,README.md,False,
https://github.com/flexera-public/policy_templates/commit/1942e6007d29e0b7604ad805794303eaa4a2420a ,README.md,False,
https://github.com/iobroker-community-adapters/ioBroker.telegram/commit/f126e50f809a54bfdbb0d4b9eafa5a5cab427471 ,README.md,False,telegram
https://github.com/iobroker-community-adapters/ioBroker.telegram/commit/72b201103785702b037e239e140edd4421acb936 ,README.md,False,telegram
https://github.com/plotly/plotly.js/commit/9abfb4bbb2696f171537d1f6d9771f8aa065b573 ,README.md,True,twitter
https://github.com/plotly/plotly.js/commit/9abfb4bbb2696f171537d1f6d9771f8aa065b573 ,README.md,True,linkedin
https://github.com/plotly/plotly.js/commit/9abfb4bbb2696f171537d1f6d9771f8aa065b573 ,README.md,True,stack_overflow
https://github.com/plotly/plotly.js/commit/9abfb4bbb2696f171537d1f6d9771f8aa065b573 ,README.md,True,forum
https://github.com/ktorio/ktor/commit/37d96768c31a280ddbc748e8d53e797b142d2685 ,CONTRIBUTING.md,True,
https://github.com/apache/shardingsphere/commit/c4dcb9c8436a5289bb458e795c7612c099aa78f1 ,README.md,False,ping_on_github
https://github.com/jcabi/jcabi-xml/commit/c371244f2797dd8d9ec60745a5afabc940ccb254 ,README.md,False,
https://github.com/wazuh/wazuh-documentation/commit/dacb7a107bb64d584b8a2745f100676bfee39d67 ,README.md,False,fork
https://github.com/pardeike/Harmony/commit/01260286feaff93363f51a3b364204de343d4ad1 ,README.md,True,patreon
https://github.com/flexera-public/policy_templates/commit/e5538ef7204b0811dcfbf8abe643eee70566886f ,README.md,False,
https://github.com/iobroker-community-adapters/ioBroker.telegram/commit/4f94b81366d01cc3267d18e4c172742ffa16c447 ,README.md,False,telegram
https://github.com/wazuh/wazuh-documentation/commit/614993c02e0bf9c6eddd66671f230c797f0e295f ,README.md,False,mailing_list
https://github.com/userfrosting/UserFrosting/commit/dfe7fd7cd52c7856c80f26443ad35d144e658360 ,README.md,True,
https://github.com/flexera-public/policy_templates/commit/e615973b3df73f8917950e1f425f688562e1022b ,README.md,True,
https://github.com/flexera-public/policy_templates/commit/3b757bf08af1b8230b3c4520afbfb3ac4fe47277 ,README.md,False,
https://github.com/OPM/opm-simulators/commit/c1fd071ee39fa49a250bb484574f5060e3bbb84d ,CONTRIBUTING.md,False,issues
https://github.com/ForgeRock/forgeops/commit/a8a9840d172d78c79d39b0e47aa5a72558ff8b48 ,README.md,False,
https://github.com/pwsafe/pwsafe/commit/4f06f4c639f2407a278a82fb466c5110e67d4eed ,README.md,False,ping_on_github
https://github.com/pwsafe/pwsafe/commit/4f06f4c639f2407a278a82fb466c5110e67d4eed ,README.md,False,forum
https://github.com/pwsafe/pwsafe/commit/4f06f4c639f2407a278a82fb466c5110e67d4eed ,README.md,False,github_issues
https://github.com/pwsafe/pwsafe/commit/4f06f4c639f2407a278a82fb466c5110e67d4eed ,README.md,False,form
https://github.com/pwsafe/pwsafe/commit/4f06f4c639f2407a278a82fb466c5110e67d4eed ,README.md,False,issues
https://github.com/pwsafe/pwsafe/commit/4f06f4c639f2407a278a82fb466c5110e67d4eed ,README.md,False,fork
https://github.com/stempler/bnd-platform/commit/904d826d1659624bae500da230010d08f20ab2bf ,README.md,True,github_wiki
https://github.com/iobroker-community-adapters/ioBroker.telegram/commit/68af224889005880b8ee797c9bc05078f77f830c ,README.md,False,telegram
https://github.com/apache/shardingsphere/commit/045e03ec62b9d9e26e32fcb540227c0136c35e84 ,README.md,False,
https://github.com/kubernetes/org/commit/2c5e02468d4c1b40e78eb1bf885b7339bd1042fb ,README.md,False,fork
https://github.com/bitnami/charts/commit/b067c94f6bcde427863c197fd355f0b5ba12ff5b ,README.md,False,
https://github.com/userfrosting/UserFrosting/commit/f961af3c132e3ec9a1e01dbfb1d300081fbaa3a8 ,README.md,True,
https://github.com/iobroker-community-adapters/ioBroker.telegram/commit/4d0422f7d894f050cbbb26debc65e39abff6e825 ,README.md,False,
https://github.com/flexera-public/policy_templates/commit/f2876d6efd2da152bc5aaf8de313f8204682ee81 ,README.md,False,
https://github.com/Farama-Foundation/ViZDoom/commit/ff873d256988293ea0b2e0c2ba2587790a579fa3 ,README.md,True,
https://github.com/graphql-python/graphql-core/commit/e256148efca89f461939af3170f54d4e4e5f9816 ,README.md,False,
https://github.com/stempler/bnd-platform/commit/100065c059fdb9477cd7ac1459044d5e8dbe2712 ,README.md,False,
https://github.com/voxpupuli/rspec-puppet-facts/commit/db6cff02075f9ddf1bc99908f316a8d414cd8607 ,README.md,False,
https://github.com/Pushwoosh/pushwoosh-phonegap-plugin/commit/bf654597b7ae860eb500b8e03333d3e039bbdcc3 ,README.md,False,
https://github.com/Farama-Foundation/ViZDoom/commit/3ded9f79fdaa2e145a9824c19dd14c6766dbb8df ,README.md,False,
https://github.com/webpack/compression-webpack-plugin/commit/838a04d23c6d2a2e4378f15d15528680b8839c25 ,README.md,False,
https://github.com/OpenEnergyPlatform/oeplatform/commit/3f4901a9c4c7350c544bffab284ff7de1df9b93e ,README.md,False,
https://github.com/Farama-Foundation/ViZDoom/commit/9cde8a3e03e70c7e485449bb8006bc4e0d200a86 ,README.md,True,
https://github.com/MUME/MMapper/commit/0982e9bb4a408c18cf50c04caec71a66dc095974 ,README.md,True,ping_on_github
https://github.com/MUME/MMapper/commit/0982e9bb4a408c18cf50c04caec71a66dc095974 ,README.md,True,github_wiki
https://github.com/MUME/MMapper/commit/0982e9bb4a408c18cf50c04caec71a66dc095974 ,README.md,True,pull_request
https://github.com/plotly/plotly.js/commit/7b8e80c22a49f59f160e246fce42b8e836958e66 ,README.md,False,
https://github.com/vellvm/vellvm/commit/11b727839681cdac36e4e183380038d5de8d06fc ,README.md,False,
https://github.com/wazuh/wazuh/commit/c173aff13d6a6a1d55748614731858e6a21db29b ,README.md,False,
https://github.com/stempler/bnd-platform/commit/24f934e4d3caa42c0e8421ec061e948e232a3024 ,README.md,False,
https://github.com/crytic/echidna/commit/89beca5036a76aa758a30ddaeae0db2a756c3808 ,README.md,False,
https://github.com/openenclave/openenclave/commit/23b9c01ad31fd25a0a81f959eb4a6a5d95d4b604 ,README.md,False,
https://github.com/J-F-Liu/pom/commit/31796b555379c43394e50eee83fad53fc4a1756e ,README.md,False,
https://github.com/Screenly/Anthias/commit/181013cbaa10bdf48bbf1ea045645aac8e1d0060 ,README.md,False,issues
https://github.com/Screenly/Anthias/commit/181013cbaa10bdf48bbf1ea045645aac8e1d0060 ,README.md,False,fork
https://github.com/Screenly/Anthias/commit/181013cbaa10bdf48bbf1ea045645aac8e1d0060 ,README.md,False,github_discussions
https://github.com/graphql-python/graphql-core/commit/6a9ef23f663bf3a0a5c4adbc72ae6e99a11347bc ,README.md,False,
https://github.com/simonmichael/hledger/commit/402494afe04ab2704ffc476000a15997eaea6c4b ,README.md,False,website
https://github.com/graphql-python/graphql-core/commit/283d002ba923eb259824a8f1be36ec649a8d1945 ,README.md,False,
https://github.com/bitnami/charts/commit/ccad049b3199acbe7e1aa7dbc57f04bbaa1b06d3 ,CONTRIBUTING.md,True,github_issues
https://github.com/bitnami/charts/commit/ccad049b3199acbe7e1aa7dbc57f04bbaa1b06d3 ,CONTRIBUTING.md,True,pull_request
https://github.com/flexera-public/policy_templates/commit/eed1ce00c712ef260096c9afd33f0e4188594616 ,README.md,False,
https://github.com/flexera-public/policy_templates/commit/820e9fe31317cd36f32297603ff0205de3526981 ,README.md,True,github_issues
https://github.com/syncthing/syncthing/commit/6881a6897abdbaa4fa999edc69a451fd6b158ddb ,README.md,False,
https://github.com/flexera-public/policy_templates/commit/b41e4fbd26e1a9b2466a3e82a9b5059f6693f9d0 ,README.md,False,
https://github.com/zendesk/sunshine-conversations-web/commit/4c6d3676ab981107428d14510378dc626a6b253b ,README.md,False,
https://github.com/iobroker-community-adapters/ioBroker.telegram/commit/0fb8b3ac1b0ae40e629651cec8cdafb2e54d0078 ,README.md,False,telegram
https://github.com/Pushwoosh/pushwoosh-phonegap-plugin/commit/914ef9cc65d90337c71d3ab3f0272152c408360a ,README.md,False,
https://github.com/apache/shardingsphere/commit/04389f18073837db8a690381c60fdfbf4e37c6de ,README.md,False,
https://github.com/iobroker-community-adapters/ioBroker.telegram/commit/7e3e52f4a968f46e57f1e0c7e39c3cae7e767f18 ,README.md,False,telegram
https://github.com/flexera-public/policy_templates/commit/3aba228a05f1f8b6f16954802936d1970d31a365 ,README.md,False,
https://github.com/JuliaLinearAlgebra/Arpack.jl/commit/e8ecff2cc4aac0742d26a14bc9955d49965ea26c ,README.md,False,
https://github.com/flexera-public/policy_templates/commit/d1da4c4e1acac8ab5f9ce3bcf478305364c58133 ,README.md,False,
https://github.com/crytic/echidna/commit/a23d3274de9ea0abe62b942e2de5b9ad974d1501 ,README.md,False,form
https://github.com/crytic/echidna/commit/a23d3274de9ea0abe62b942e2de5b9ad974d1501 ,README.md,False,mail
https://github.com/crytic/echidna/commit/a23d3274de9ea0abe62b942e2de5b9ad974d1501 ,README.md,False,forum
https://github.com/wazuh/wazuh/commit/4c34f597811f34f9bd9170ba7c4990cb9d2c3101 ,README.md,False,
https://github.com/OPM/opm-simulators/commit/665af8ca05907727e3dc5d4d7de1df6b50b2a088 ,README.md,False,
https://github.com/opendsm/opendsm/commit/c84f098cff6a308cfae12a993e90aa2ee8af8fbc ,README.md,False,
https://github.com/flexera-public/policy_templates/commit/7c37ef52cc6eee59e468febf30cd4687b240b5d7 ,README.md,False,
https://github.com/kiegroup/jbpm/commit/33b9e0fd7d97169cd8abe662fd99663565710b1f ,README.md,False,
https://github.com/anura-engine/anura/commit/62e2c1692362e09e6cea76a815af454ef4c81754 ,README.md,False,pull_request
https://github.com/ktorio/ktor/commit/d1ee6ec807797c59bbf4129221db741ee260656d ,README.md,False,
https://github.com/navikt/modiapersonoversikt/commit/994df44943fa1590e867c6422228b211d2aa84a7 ,README.md,True,
https://github.com/apache/shardingsphere/commit/9bb05addd3630f1828d0cab772dd6f7ca3e724c7 ,README.md,False,ping_on_github
https://github.com/voxpupuli/rspec-puppet-facts/commit/29f9bc723dbb0b57c3eedd3a576c8e8f87470c89 ,README.md,False,
https://github.com/Screenly/Anthias/commit/3ca8d4e2b079494add2df0957e5786a2cdc9138e ,README.md,True,
https://github.com/plotly/plotly.js/commit/fc94a0c37b66cc7242fbb19e85903e109e001c90 ,CONTRIBUTING.md,False,
https://github.com/opendsm/opendsm/commit/006678ca5442b8a236fee984f5540e7eb8b65bda ,CONTRIBUTING.md,True,pull_request
https://github.com/gismo/gismo/commit/a398a54f6a7f6e2c411e5a43930f21e46fca2682 ,README.md,True,
https://github.com/lttng/lttng-tools/commit/2084028c095aa000a1e5f6694b7b43c6640997c8 ,CONTRIBUTING.md,False,
https://github.com/anura-engine/anura/commit/ea770f8ac09c9f3595e569a5858fd666a982ae95 ,README.md,False,pull_request
https://github.com/crytic/echidna/commit/093f6b88367ea1dc2c97858499671b522fe6ee42 ,README.md,False,
https://github.com/eslint/eslint-github-bot/commit/e94f31d6d00a6b18bad8b639706c44d7a2b62937 ,README.md,True,
https://github.com/flexera-public/policy_templates/commit/bc71785f7a25259ee891e0ace6ac3b07fca757b2 ,README.md,False,
https://github.com/kubernetes/org/commit/a09efeb07bb9174a191f48800368bbb8ec0a7395 ,README.md,False,
https://github.com/flexera-public/policy_templates/commit/ebde04e0b31d983d6810546e700a19526555313a ,README.md,False,
https://github.com/Pushwoosh/pushwoosh-phonegap-plugin/commit/5440b8853ce3afaf7136e532b67860a9df6d5125 ,README.md,False,
https://github.com/iobroker-community-adapters/ioBroker.telegram/commit/ffa824db24c721c3ff9507e192ff9923b14878b2 ,README.md,False,
https://github.com/contentful/contentful-management.js/commit/42f7147e64a77b5ea582c4060d1438b1c7d64b5c ,README.md,True,
https://github.com/apache/shardingsphere/commit/f2d01b8deb2fef5e052dd1285aa74ac16a7e73d6 ,README.md,False,
https://github.com/OpenEnergyPlatform/oeplatform/commit/3f4901a9c4c7350c544bffab284ff7de1df9b93e ,CONTRIBUTING.md,False,
https://github.com/eslint/eslint-github-bot/commit/5455088657a825a026c84216cf7e4fd2ed86d401 ,README.md,True,website
https://github.com/yohang/Finite/commit/88f3ae468d2097eb2ea0d64a4276eb97fc222c42 ,README.md,False,
https://github.com/iobroker-community-adapters/ioBroker.telegram/commit/425430213443eeba58add6b2c8619e22afb81f67 ,README.md,False,telegram
https://github.com/metarhia/globalstorage/commit/caf7733e50ff70cf16baa6ecb2dcc5b1e002d955 ,README.md,True,mail
https://github.com/flexera-public/policy_templates/commit/e951bda8c7d62a33db4612c64ce2c4d370495201 ,README.md,False,
https://github.com/pulumi/pulumi-aws/commit/569a2b04b7d1a5f692d020bd79da0f6351d5709a ,README.md,False,
https://github.com/danieleteti/delphimvcframework/commit/d8987ab5a1c1936f14c41a80d607416361cb27be ,README.md,False,blog
https://github.com/flexera-public/policy_templates/commit/a0f405f861118c4d2d312267441c3a8cab51d526 ,README.md,False,
https://github.com/i18next/i18next-gitbook/commit/86d44c55964a27cf9e99eb7748b31cfdaffa069c ,README.md,False,
https://github.com/Screenly/Anthias/commit/988dfdeda5914bede2b32a3385e31cde37fb0dc5 ,README.md,False,
https://github.com/flexera-public/policy_templates/commit/1f535ac196e63a3599f923ce840f7ccb5b7e55b3 ,README.md,False,
https://github.com/flexera-public/policy_templates/commit/4435b3027df1dde0b5e1e39ce07c945a692f5927 ,README.md,False,
https://github.com/Screenly/Anthias/commit/503498e92ff06a98d6b7e89491d87c29180e1585 ,README.md,False,
https://github.com/Screenly/Anthias/commit/4f0f8e5a206823a180661edb23a04b48933c4f70 ,README.md,False,
https://github.com/gismo/gismo/commit/d5bc3a52b0dc3c24758d10b22144fda000fed7d8 ,README.md,False,
https://github.com/flexera-public/policy_templates/commit/32d36789511a847a410b1c40137c1d0eecd3e705 ,README.md,False,
https://github.com/facebook/pyre-check/commit/bf05c2563e1215be6a4e55bc36256ec7add9473d ,README.md,False,
https://github.com/bitnami/charts/commit/b067c94f6bcde427863c197fd355f0b5ba12ff5b ,CONTRIBUTING.md,False,
https://github.com/simonmichael/hledger/commit/31ce7ecea530e9c926db2d2cd456e902971629e0 ,README.md,False,
https://github.com/UCL/STIR/commit/a4c49f9e928844042d759a253c6b6902bb430270 ,CONTRIBUTING.md,True,fork
https://github.com/UCL/STIR/commit/a4c49f9e928844042d759a253c6b6902bb430270 ,CONTRIBUTING.md,True,pull_request
https://github.com/rails/activeresource/commit/10204e9320cb2941f66f431e20ca28757ea958b7 ,README.md,False,
https://github.com/dominictobias/react-image-crop/commit/5e2264edaa979f6f6123225385914349c8317d33 ,README.md,False,issues
https://github.com/plotly/plotly.js/commit/d946e7ffa1cdb392ed4cc92d57ddaa578b7dc17a ,README.md,False,
https://github.com/gismo/gismo/commit/293cccd3436c5f32c9fffe587921be1395730db2 ,README.md,False,
https://github.com/iobroker-community-adapters/ioBroker.telegram/commit/eb953e9505e778a6d889e6e24e90208612724e27 ,README.md,False,telegram
https://github.com/flexera-public/policy_templates/commit/d7cb6cb1c3a93144067fa30d38f7d33081e890e4 ,README.md,False,
https://github.com/opendsm/opendsm/commit/1f804f3dabfa705183f498677007ae42c0df425f ,README.md,False,jira
https://github.com/opendsm/opendsm/commit/1f804f3dabfa705183f498677007ae42c0df425f ,README.md,False,github_wiki
https://github.com/OpenEnergyPlatform/oeplatform/commit/e1dd7a15cbee8dc85a688d125b5069f3844092de ,README.md,False,
https://github.com/Farama-Foundation/ViZDoom/commit/04a0d6ab8e090c8f62a3f5755c80ae94bef3b9cd ,README.md,False,
https://github.com/contentful/contentful-management.js/commit/0f7ff42baa41d6459601133b651364e31cb490d3 ,README.md,False,
https://github.com/05bit/peewee-async/commit/0acaa451a1d668bedb410312a859df57903bc3ca ,README.md,False,
https://github.com/academic-moodle-cooperation/moodle-mod_publication/commit/0b014150c59b3c802c854ff7606f0c3cab4b6897 ,README.md,False,
https://github.com/gismo/gismo/commit/30d9592cf3e48d9a2eb7772018357e2bcccf6d9e ,README.md,True,
https://github.com/plotly/plotly.js/commit/4d10c565fdc9ed848d986454d3890b8e519521c3 ,README.md,False,
https://github.com/flexera-public/policy_templates/commit/45ccb7f3837141fe19c08c8d9f5a95c601baee99 ,README.md,False,
https://github.com/iobroker-community-adapters/ioBroker.telegram/commit/b4cfff1fa1dadc8a33905f86208d3b5319c1e585 ,README.md,False,telegram
https://github.com/flexera-public/policy_templates/commit/c858958f5483ee493e078c85e67e739fc0fd6499 ,CONTRIBUTING.md,False,pull_request
https://github.com/bids-standard/bids-validator/commit/6b17f6a0ab7773ad3a6257198d886af28471cfd6 ,README.md,False,
https://github.com/graphql-python/graphql-core/commit/85f2d4d83475b267a24d7b16855981529f2d9494 ,README.md,False,
https://github.com/jackc/pgx/commit/9bbfd4318ec1997e825edd2a76574b0eee87429a ,README.md,False,
https://github.com/webpack/compression-webpack-plugin/commit/1be895599c15c7da796ef5131de4f705de3f2635 ,README.md,False,
https://github.com/iobroker-community-adapters/ioBroker.telegram/commit/72456e51acce887b1a1c11e2aa5167df87deb753 ,README.md,False,telegram
https://github.com/iobroker-community-adapters/ioBroker.telegram/commit/295b413adeea10a9f95eb8055a3dbbb2911a6349 ,README.md,False,telegram
https://github.com/bhushankummar/amazon-mws/commit/ecc78ab21f69a52a2d4914de5fd01252c9f175a2 ,README.md,True,
https://github.com/Farama-Foundation/ViZDoom/commit/9e7e1b68d0d1bcba232c9976cb5cc0e81c50643e ,README.md,False,
https://github.com/flexera-public/policy_templates/commit/c41d585ee1f20a80f63742878cc49293121aa0cc ,README.md,True,
https://github.com/bitnami/charts/commit/3d83e0ce4dffd7f9af646241f839fe0132ed1105 ,README.md,False,
https://github.com/pachyderm/pachyderm/commit/00fa81227810811244fc3fd81165c482f9d9c77d ,README.md,True,slack
https://github.com/apache/shardingsphere/commit/c759da2eac8796f56719b32384975c6e84013d95 ,README.md,False,ping_on_github
https://github.com/bids-standard/bids-validator/commit/c9ed50cbb714a89431adcdcd06860fdc2b76b7d7 ,README.md,True,jira
https://github.com/bids-standard/bids-validator/commit/c9ed50cbb714a89431adcdcd06860fdc2b76b7d7 ,README.md,True,github_issues
https://github.com/bids-standard/bids-validator/commit/c9ed50cbb714a89431adcdcd06860fdc2b76b7d7 ,README.md,True,issues
https://github.com/bids-standard/bids-validator/commit/c9ed50cbb714a89431adcdcd06860fdc2b76b7d7 ,README.md,True,fork
https://github.com/bids-standard/bids-validator/commit/c9ed50cbb714a89431adcdcd06860fdc2b76b7d7 ,README.md,True,website
https://github.com/Pushwoosh/pushwoosh-phonegap-plugin/commit/16eddfebfc0749b872792df170c3819a76c8d4ab ,README.md,False,
https://github.com/wazuh/wazuh/commit/1f4f6af288f1edd2b2330ccb66b20b0b449482dc ,README.md,False,
https://github.com/anura-engine/anura/commit/9df4469d39fa31f43fc7b29e9153e08f1c4d0f0f ,README.md,False,pull_request
https://github.com/pardeike/Harmony/commit/2f9ad9bf8862456fce5872ee2b743a68de89060a ,README.md,False,
https://github.com/pydata/sparse/commit/7c9eac0a3be8fa73210d5984b7a0474e85d05546 ,README.md,True,discord
https://github.com/OPM/opm-simulators/commit/50b3d59b79f815166afd27deb43d6c2862d3f42f ,CONTRIBUTING.md,False,
https://github.com/i18next/i18next-gitbook/commit/ebdbc2e79fb7f1d15e4ddcde62dbb89f3aad3a78 ,README.md,False,
https://github.com/eslint/eslint-github-bot/commit/4748487f9d767690fd2353451abe279a337e97c2 ,README.md,True,website
https://github.com/vellvm/vellvm/commit/7f2f4b5a487e31c64a44c0f0804b3265b1c84f96 ,README.md,True,
https://github.com/iobroker-community-adapters/ioBroker.telegram/commit/bb656a2e3c3273f814cb9363bf2de7787d83d84d ,README.md,False,telegram
https://github.com/polkadot-js/dev/commit/f06d676fc974cb2ef271c22ceb7e148cc6ef4616 ,README.md,False,
https://github.com/i18next/i18next-gitbook/commit/b064fd1686772f8f8797bf15b60e2474c8183323 ,README.md,True,blog
https://github.com/i18next/i18next-gitbook/commit/b064fd1686772f8f8797bf15b60e2474c8183323 ,README.md,True,website
https://github.com/flexera-public/policy_templates/commit/cbe19e0f159a74983a17bd325fa3785441928576 ,README.md,False,
https://github.com/simonmichael/hledger/commit/ff018bf4827f6139ac433e5f6ccfb083261dfec8 ,README.md,True,github_issues
https://github.com/iobroker-community-adapters/ioBroker.telegram/commit/7cf28459372db016cebe5b1bafd94a9915ec970a ,README.md,False,telegram
https://github.com/Pushwoosh/pushwoosh-phonegap-plugin/commit/30265a5332324220e6b83a44b168e193ec3e4f63 ,README.md,False,
https://github.com/plotly/plotly.js/commit/1eeefb3ce650597bdf5ea0f83ae658ef750e5f2e ,README.md,False,
https://github.com/ktorio/ktor/commit/743078af457cde1a5d11944fe65457fb3b40d1cc ,README.md,False,
https://github.com/flexera-public/policy_templates/commit/8498dd6128cea165c9a531aea5e2774c276b7fe4 ,README.md,False,
https://github.com/flexera-public/policy_templates/commit/79469dcc7e48ee839c4c366251bdfc19124853c3 ,README.md,True,fork
https://github.com/userfrosting/UserFrosting/commit/cbf6ded050b131023de48cc9737c11c3dc27bc71 ,README.md,False,
https://github.com/ForgeRock/forgeops/commit/d1692d9def5e3c9b4874858f0803f659e4602f60 ,README.md,True,github_wiki
https://github.com/yohang/Finite/commit/80aff87bcb99184a39feadfbb637e1c0d69b9299 ,README.md,False,
https://github.com/voxpupuli/rspec-puppet-facts/commit/d0c9451738a25925afefbee525622c46555c0117 ,README.md,False,
https://github.com/academic-moodle-cooperation/moodle-mod_publication/commit/e90cf3711d34c2618a5d58db8124d31ca18801b7 ,README.md,False,medium
https://github.com/iobroker-community-adapters/ioBroker.telegram/commit/130f76fe478330771f8e38c51a0da3fa81637d1a ,README.md,False,telegram
https://github.com/iobroker-community-adapters/ioBroker.telegram/commit/1ec0ee9d514ce18164c62ae62fb8efee82fa1940 ,README.md,False,telegram
https://github.com/bids-standard/bids-validator/commit/6923b6ff2244fa0b8e8d8bcd40d61deb2786dead ,README.md,False,fork
https://github.com/flexera-public/policy_templates/commit/5215b5b9234c33c697b428c425b5fffbcbc5e9a9 ,README.md,False,
https://github.com/plotly/plotly.js/commit/c7174af3a4cc19fe0466c24ddd36d5afdadc6606 ,README.md,False,
https://github.com/contentful/contentful-management.js/commit/fd984ca48c9ea742ca429e2481d6e5fc7fd3d34e ,README.md,False,
https://github.com/iobroker-community-adapters/ioBroker.telegram/commit/740f136648372d5672f1dba74a7efa792b33190c ,README.md,False,telegram
https://github.com/anura-engine/anura/commit/b0da6d1e209cc193479d9d4a49b66d40d06d9927 ,README.md,False,github_wiki
https://github.com/anura-engine/anura/commit/b0da6d1e209cc193479d9d4a49b66d40d06d9927 ,README.md,False,pull_request
https://github.com/bids-standard/bids-validator/commit/dbf83e5593922c180c04d513ff3a50eb5d7cf3d0 ,README.md,False,
https://github.com/Farama-Foundation/ViZDoom/commit/2281bfa97225f653e230cf6adee3b830aca26e39 ,README.md,False,
https://github.com/OpenEnergyPlatform/oeplatform/commit/179a0a6f9ad22a57a523cd3b3d579bf3d3637047 ,README.md,False,
https://github.com/OpenEnergyPlatform/oeplatform/commit/5cdcdac2d498d032226da80a23e565f38f6a23ef ,README.md,False,
https://github.com/gismo/gismo/commit/0b3f53004c7e1daf3fc253bd405ea5e2603b8622 ,README.md,True,
https://github.com/ROCm/MIOpen/commit/0a7bccfbb90a8de4d795effaeb3dd9f2a83c3246 ,README.md,False,
https://github.com/quotient-im/Quaternion/commit/3091fdbeda48f19df4455652259cbf5131f0a455 ,README.md,False,
https://github.com/crytic/echidna/commit/ca14d41b5ebe6b1f416017b3aa507a16d27d7398 ,CONTRIBUTING.md,False,pull_request
https://github.com/flexera-public/policy_templates/commit/65ce32981692952f82113b012fda760dc7c6097e ,README.md,False,
https://github.com/http-kit/http-kit/commit/fd6b9939fc774f71385a476f56e5cdb046d3d67c ,README.md,True,
https://github.com/apache/shardingsphere/commit/1ea185444ff96c7fd67a7962652f560c37296455 ,README.md,False,form
https://github.com/dominictobias/react-image-crop/commit/0a19cbad4fbf988cb178e00f15823d96e634992d ,README.md,True,
https://github.com/wazuh/wazuh-documentation/commit/ecf68ae4734388172f751547378d982d412ec65b ,CONTRIBUTING.md,True,form
https://github.com/wazuh/wazuh-documentation/commit/ecf68ae4734388172f751547378d982d412ec65b ,CONTRIBUTING.md,True,issues
https://github.com/wazuh/wazuh-documentation/commit/ecf68ae4734388172f751547378d982d412ec65b ,CONTRIBUTING.md,True,github_wiki
https://github.com/wazuh/wazuh-documentation/commit/ecf68ae4734388172f751547378d982d412ec65b ,CONTRIBUTING.md,True,fork
https://github.com/wazuh/wazuh-documentation/commit/ecf68ae4734388172f751547378d982d412ec65b ,CONTRIBUTING.md,True,pull_request
https://github.com/anura-engine/anura/commit/f6579b7bdd7b1c9f5d31e3a4f50bbfe41025d051 ,README.md,False,pull_request
https://github.com/plotly/plotly.js/commit/0d4c403d76aab6fad84bb749d239d4a0f7258afe ,README.md,False,
https://github.com/tighten/ziggy/commit/e5deb1ffa78b119ede90a1fbf1966d12957d9fc2 ,README.md,False,
https://github.com/twilio/twilio-java/commit/357183380ef3b721efd74efb0ac209cda5d5a61d ,README.md,False,
https://github.com/pardeike/Harmony/commit/e5d0aa03b9f5926032447623e34f8c6368644aec ,README.md,False,
https://github.com/pulumi/pulumi-aws/commit/ce882e88d581accd8a5ea13339e3c9cf13e8dd94 ,README.md,False,
https://github.com/opendsm/opendsm/commit/317e49ad960158d56a1d29d613732971dc89578d ,README.md,False,
https://github.com/gismo/gismo/commit/f2fe4d3ee19a4b844df41161614867518fd243e6 ,README.md,False,
https://github.com/wazuh/wazuh/commit/4489668e42725017e40444d4fa4010d2a6050088 ,README.md,False,
https://github.com/iobroker-community-adapters/ioBroker.telegram/commit/9e74f176536909a5c3c21772c5ebc6040044a71f ,README.md,False,telegram
https://github.com/bitnami/charts/commit/cea874950f5f3ffc11c56fc4d9c305759f0aa67a ,README.md,False,
https://github.com/bitnami/charts/commit/dde3c0aefbcacb29900bb5b620fe6dadda44ccbe ,CONTRIBUTING.md,False,github_issues
https://github.com/bitnami/charts/commit/dde3c0aefbcacb29900bb5b620fe6dadda44ccbe ,CONTRIBUTING.md,False,github_wiki
https://github.com/bitnami/charts/commit/dde3c0aefbcacb29900bb5b620fe6dadda44ccbe ,CONTRIBUTING.md,False,pull_request
https://github.com/spf13/cobra/commit/ba5108a4701cb242e60243e38f250852b40542c0 ,README.md,False,
https://github.com/tighten/ziggy/commit/ce8c84e4ed99ba9f5b4b13c7fdc84480cb7d459c ,CONTRIBUTING.md,True,ping_on_github
https://github.com/simonmichael/hledger/commit/47bb40f83827d84bf8e95ea19e58578013b390cf ,README.md,False,
https://github.com/Pushwoosh/pushwoosh-phonegap-plugin/commit/b5eca27852c514c655103493e7eb206dccf7eaef ,README.md,False,
https://github.com/flexera-public/policy_templates/commit/95c763bb023372eeb020c48d58acef6abaa25489 ,README.md,False,
https://github.com/flexera-public/policy_templates/commit/dbb53699b297bcad8919fc84bd0bf0738edd5d11 ,README.md,False,
https://github.com/opendsm/opendsm/commit/c84f098cff6a308cfae12a993e90aa2ee8af8fbc ,CONTRIBUTING.md,False,github_discussions
https://github.com/opendsm/opendsm/commit/c84f098cff6a308cfae12a993e90aa2ee8af8fbc ,CONTRIBUTING.md,False,forum
https://github.com/opendsm/opendsm/commit/c84f098cff6a308cfae12a993e90aa2ee8af8fbc ,CONTRIBUTING.md,False,pull_request
https://github.com/OpenEnergyPlatform/oeplatform/commit/12a2b5ae0569af40ea193d1fd4d3e2d83ed8991b ,README.md,True,github_wiki
https://github.com/OpenEnergyPlatform/oeplatform/commit/12a2b5ae0569af40ea193d1fd4d3e2d83ed8991b ,README.md,True,fork
https://github.com/OpenEnergyPlatform/oeplatform/commit/12a2b5ae0569af40ea193d1fd4d3e2d83ed8991b ,README.md,True,website
https://github.com/RustAudio/rust-jack/commit/7d9b94efe7f3abcc442a099ab2dab553be948aa7 ,README.md,True,website
https://github.com/opendsm/opendsm/commit/4c53d53280eb306fbff5b54294b0fa9588414a56 ,CONTRIBUTING.md,False,github_discussions
https://github.com/opendsm/opendsm/commit/4c53d53280eb306fbff5b54294b0fa9588414a56 ,CONTRIBUTING.md,False,forum
https://github.com/jackc/pgx/commit/95fc31294f1d0eeabb0a8dafa36b875eac0df19c ,README.md,False,mail
https://github.com/OpenEnergyPlatform/oeplatform/commit/e618394fc5022fc3e8c9cbe0cb7e0c38a86fbb94 ,CONTRIBUTING.md,False,
https://github.com/ktorio/ktor/commit/2844ae22ec2100d9931f278046b16ff6cdccd46f ,CONTRIBUTING.md,False,
https://github.com/yohang/Finite/commit/429548bd71fed2b21045ae2d4cec9050f289d280 ,README.md,True,
https://github.com/iobroker-community-adapters/ioBroker.telegram/commit/57743b8a5673ff9e22f4f2261776f870c655a28c ,README.md,False,telegram
https://github.com/plotly/plotly.js/commit/41bae70789fd2370d20d106d264d2a62c2f0349f ,CONTRIBUTING.md,False,
https://github.com/pwsafe/pwsafe/commit/a709c31e15dfc9d48ed81df51ec88bf824be0db7 ,README.md,True,github_issues
https://github.com/pwsafe/pwsafe/commit/a709c31e15dfc9d48ed81df51ec88bf824be0db7 ,README.md,True,fork
https://github.com/pwsafe/pwsafe/commit/a709c31e15dfc9d48ed81df51ec88bf824be0db7 ,README.md,True,ping_on_github
https://github.com/05bit/peewee-async/commit/0b05a50cadff4600dce1e764b7c1759bb17902cb ,README.md,False,
https://github.com/Pushwoosh/pushwoosh-phonegap-plugin/commit/220c5dfc23b9e50cf7e3b52801a41322e8dad402 ,README.md,False,
https://github.com/wazuh/wazuh/commit/106df4d748885271e1f41e68fb0853bf3c598654 ,README.md,False,
https://github.com/nuxt-community/auth-module/commit/6761714a06bb12be076a0e49e47d0a94e6db4fd9 ,README.md,False,
https://github.com/tighten/ziggy/commit/deedfd8a809124923fe47c8f9532e334aa7425d4 ,README.md,False,
https://github.com/bids-standard/bids-validator/commit/4366602cbf47442b75994805402ea7cef438806d ,CONTRIBUTING.md,False,github_wiki
https://github.com/freebsd/atf/commit/dc8c4d9fae59cef5d0be921e862a5fe92f08f658 ,README.md,False,
https://github.com/OpenEnergyPlatform/oeplatform/commit/e6d1359302d4962d282c2319fe96d872fe0ef160 ,CONTRIBUTING.md,False,
https://github.com/05bit/peewee-async/commit/c66722708385f463fe7dbff0e46ed28a942bf6fd ,README.md,False,
https://github.com/gismo/gismo/commit/7425b5248bae9b45f11a5f000cbe74d279bf761e ,README.md,False,
https://github.com/opendsm/opendsm/commit/47d0def8ed2e83b35c175bc8718111033f1c1a49 ,README.md,True,
https://github.com/tableau/tableau-log-viewer/commit/89e6373f63096557c25f751629dbe54251e6ae74 ,README.md,False,
https://github.com/clearlydefined/crawler/commit/1faa1dd2d960351194d4c5157149c2de5c396b8f ,README.md,False,
https://github.com/voxpupuli/puppet-bacula/commit/5467ee234232c8b8d117091526d787c0611df6cb ,README.md,False,
https://github.com/flexera-public/policy_templates/commit/9734f749eee8037615dfd70e22982cbdd84e8466 ,README.md,False,
https://github.com/Pushwoosh/pushwoosh-phonegap-plugin/commit/b29c775a95005390c3f2292237b4436ee0aeb74e ,README.md,False,
https://github.com/plotly/plotly.js/commit/a804647de93ab5d0f364f4af830d0f335d78df10 ,README.md,False,
https://github.com/flexera-public/policy_templates/commit/262e5030691d51300409cb882b1d127795f84bd2 ,README.md,False,
https://github.com/pardeike/Harmony/commit/00602ef1efe105e0ec39c5486087c8e90cb4b7c5 ,README.md,False,
https://github.com/i18next/i18next-gitbook/commit/24fc19c5bdb7cd53a5e7f3e675f0a7241b83c36e ,README.md,False,
https://github.com/cfpb/consumerfinance.gov/commit/bff01f37e586358e0084b9f532761f61776df075 ,CONTRIBUTING.md,False,
https://github.com/twilio/twilio-java/commit/8f1d9f3c10303e466f63a41296767eeaf4a6467e ,README.md,False,
https://github.com/flexera-public/policy_templates/commit/6f6575d36bcf25dcd9711826812d9f4538283ffb ,README.md,False,
https://github.com/graphql-python/graphql-core/commit/3cf0d267b096ba92e7289d009800083166a5b7d9 ,README.md,False,
https://github.com/apache/shardingsphere/commit/c66a20cd66a7e6d0f7f7536effddd3573f9e8b1a ,README.md,False,ping_on_github
https://github.com/lttng/lttng-tools/commit/17f013d167f010cd0166f869af424141605a992b ,CONTRIBUTING.md,False,
https://github.com/public-transport/hafas-client/commit/1acc1fb13657acd43d07205d9cd567b23ec254f2 ,readme.md,False,
https://github.com/anura-engine/anura/commit/4c93f9deca7904be0e130d030fc9853f48a04bc3 ,README.md,True,github_wiki
https://github.com/anura-engine/anura/commit/4c93f9deca7904be0e130d030fc9853f48a04bc3 ,README.md,True,linkedin
https://github.com/anura-engine/anura/commit/4c93f9deca7904be0e130d030fc9853f48a04bc3 ,README.md,True,pull_request
https://github.com/wazuh/wazuh/commit/9a43de88f9e18dbff031ae2f10622e5988293393 ,README.md,False,
https://github.com/ROCm/MIOpen/commit/7083accc3532d18d1601f009975e16661e52bd61 ,README.md,False,telegram
https://github.com/pulumi/pulumi-aws/commit/cf557da068f1a104e78c62008048ff718bc81f75 ,CONTRIBUTING.md,False,
https://github.com/danieleteti/delphimvcframework/commit/8e4361dceb0a9bc6a25231238ee63e97deeab77d ,README.md,False,
https://github.com/iobroker-community-adapters/ioBroker.telegram/commit/2e1df89a68f51b858be405bc6c924868d7508783 ,README.md,False,telegram
https://github.com/flexera-public/policy_templates/commit/cb1bae25588396e5c5f70bb34cc973c500a41407 ,README.md,True,mail
https://github.com/wazuh/wazuh/commit/a0e53665bb03ede715a46a49e7e7f0960132ef45 ,README.md,False,
https://github.com/danieleteti/delphimvcframework/commit/e74224a607ade57e388c10b8bd53cf25ee44ec84 ,README.md,True,pull_request
https://github.com/danieleteti/delphimvcframework/commit/e74224a607ade57e388c10b8bd53cf25ee44ec84 ,README.md,True,form
https://github.com/danieleteti/delphimvcframework/commit/e74224a607ade57e388c10b8bd53cf25ee44ec84 ,README.md,True,mail
https://github.com/danieleteti/delphimvcframework/commit/e74224a607ade57e388c10b8bd53cf25ee44ec84 ,README.md,True,website
https://github.com/twilio/twilio-java/commit/97518dfb95b6a86991a08c1062f4a8cb938d74db ,README.md,False,
https://github.com/graphql-python/graphql-core/commit/41058d7fb26bc3231e718a1d0a411ebca53e1004 ,README.md,False,facebook
https://github.com/firebase/firebaseui-web/commit/b1b95708aa5e067a47fea204b0d109a08d0c94d9 ,README.md,False,
https://github.com/SpiNNakerManchester/SpiNNMan/commit/29f8f46e530d30fe42c98344ec089a0712735642 ,README.md,False,
https://github.com/plotly/plotly.js/commit/b7e2bacad86c424e9a3d55ab116601ee6285e6df ,README.md,False,
https://github.com/RustAudio/rust-jack/commit/23ac4a543503ff065cff0bafacea5e4d6936c4b9 ,README.md,False,
https://github.com/webpack/webpack-hot-middleware/commit/4df962fa507bff1d56943e61aabce66665bc2653 ,README.md,False,
https://github.com/flexera-public/policy_templates/commit/d6b6f85db19f7136482b0993d256d4b763c6f103 ,README.md,False,
https://github.com/danieleteti/delphimvcframework/commit/3caec73e5cc3b094c718b1619ef69a6ed4bad00f ,README.md,False,
https://github.com/ktorio/ktor/commit/0769848a782925e2457372504da45d720ccd2f12 ,CONTRIBUTING.md,False,
https://github.com/graphql-python/graphql-core/commit/e7da373ed4c76739b71c1260476c0bb2267aefe8 ,README.md,False,
https://github.com/OPM/opm-simulators/commit/1fd280c68dde9db872394a4d40021a994abaec65 ,README.md,False,
https://github.com/jcabi/jcabi-maven-skin/commit/6ef57498d10005b2b0b757425582258ab6ea3af7 ,README.md,False,
https://github.com/spencermountain/compromise/commit/8879ef02428c8e6005d9976d6adbc8de36e53049 ,README.md,False,
https://github.com/rails/activeresource/commit/a5072e7226d6e117256214bee5c1fa3b940086b4 ,README.md,False,
https://github.com/Pushwoosh/pushwoosh-phonegap-plugin/commit/9f2ce2f110fdab79bd7aabf640ee2ac968e4c56e ,README.md,False,linkedin
https://github.com/Pushwoosh/pushwoosh-phonegap-plugin/commit/2506df16bbdf701bcb39cf1a7669627d08422369 ,README.md,False,
https://github.com/eslint/eslint-github-bot/commit/a9a3474eda146f8fdae362aa65dba7d7da48bb41 ,README.md,True,issues
https://github.com/eslint/eslint-github-bot/commit/a9a3474eda146f8fdae362aa65dba7d7da48bb41 ,README.md,True,pull_request
https://github.com/puppetlabs/puppet-agent/commit/adefd6118177a57bb55d9d90cd61d2d0e7a63a11 ,README.md,False,github_wiki
https://github.com/puppetlabs/puppet-agent/commit/adefd6118177a57bb55d9d90cd61d2d0e7a63a11 ,README.md,False,blog
https://github.com/puppetlabs/puppet-agent/commit/adefd6118177a57bb55d9d90cd61d2d0e7a63a11 ,README.md,False,fork
https://github.com/flexera-public/policy_templates/commit/0d475cd54bad0eedf202abbc041d5a70f4253223 ,README.md,False,fork
https://github.com/i18next/i18next-gitbook/commit/489a131ddaeca19098d53c6b89340713bea2d856 ,README.md,False,
https://github.com/gismo/gismo/commit/f0ef986799401f3a60aef8006a19b9ce3e00a998 ,README.md,False,
https://github.com/flexera-public/policy_templates/commit/dc0d09ab1909f096b58f6d1746c8579c85a5c3bd ,README.md,False,
https://github.com/plotly/plotly.js/commit/b66df0697fc143c9d00bdd9dc784812e5b369ce0 ,README.md,True,
https://github.com/OpenEnergyPlatform/oeplatform/commit/4385b5b5fa7284428b25bcda1e17e254a2cad17f ,README.md,False,
https://github.com/opendsm/opendsm/commit/6a7ef4a8f7c389794c11dcc56d1bb0f57c5a298c ,README.md,False,
https://github.com/http-kit/http-kit/commit/cca77ba1af0bf9ae654e0d16c9ea66a8e9ff570f ,README.md,True,github_issues
https://github.com/http-kit/http-kit/commit/cca77ba1af0bf9ae654e0d16c9ea66a8e9ff570f ,README.md,True,slack
https://github.com/plotly/plotly.js/commit/19d165f748071e055be6587a8c7852e35b50d97a ,README.md,False,
https://github.com/plotly/plotly.js/commit/baa98645cb2d378aabb494dd31d2134516826855 ,README.md,False,
https://github.com/flexera-public/policy_templates/commit/ca58f3ee676a7d875f2c24c7696fbe851349c8c7 ,README.md,False,
https://github.com/lttng/lttng-tools/commit/3ee8b37f7c541785302ea8b2fc3295ae71d1d78d ,CONTRIBUTING.md,False,mailing_list
https://github.com/flexera-public/policy_templates/commit/9f4c6651efca436f4e29e873ae537aac1b51d812 ,README.md,True,
https://github.com/contentful/contentful-management.js/commit/927f8e9bcac4cf9f42456e5695140d197cb81166 ,CONTRIBUTING.md,False,
https://github.com/anura-engine/anura/commit/8496c94ea50bc0f0fb5a59059a89d0ea4f2db60c ,README.md,False,linkedin
https://github.com/scipopt/SCIP.jl/commit/890baa2a6e6a32c9781278563b7a7f081d303537 ,README.md,True,
https://github.com/loonwerks/jkind/commit/e8acdf66c25ec4b4da8ecb6bdb4b722bf32f86c4 ,README.md,False,
https://github.com/clearlydefined/crawler/commit/f0e6df3603c04030e94b6d348b2dc5e495717e85 ,README.md,True,
https://github.com/flexera-public/policy_templates/commit/43d4ef1b133f41c6bd968effe6f45cb46fb931e2 ,README.md,False,fork
https://github.com/plotly/plotly.js/commit/6b74dfb15a425ac3ceee7ebb6d6513351f0faae4 ,README.md,False,
https://github.com/flexera-public/policy_templates/commit/c611720efc0d4affe7f01e64671ca983ed9f52be ,README.md,False,
https://github.com/Screenly/Anthias/commit/ae935cadc79ae6b85b0c8f4ad8b5db629777a6c0 ,README.md,False,
https://github.com/twilio/twilio-java/commit/13069a8408d484320235bf687254e63b8d456f0e ,README.md,False,
https://github.com/flexera-public/policy_templates/commit/d02c09a7a92576712aec30cb23d46ff91fb2678c ,README.md,True,
https://github.com/Pushwoosh/pushwoosh-phonegap-plugin/commit/36fbd1710467a00bf35938442beaddbda7da456a ,README.md,False,
https://github.com/quotient-im/Quaternion/commit/2bf352dbedcf36f7252c16e6964911b10d156188 ,README.md,False,
https://github.com/NYCPlanning/labs-community-profiles/commit/028f303aa197550e37d9fbbf33baeeb183fbd55c ,README.md,False,
https://github.com/jackc/pgx/commit/b0572f79e6354bc1e827c94d3fdf77921fbec057 ,README.md,False,
https://github.com/rails/activeresource/commit/34e7e3c4de45951835b729feaaadcee23c2ea96b ,README.md,False,
https://github.com/dominictobias/react-image-crop/commit/8c25fce00b465d11c0e2328a4c6b390d278d4b6e ,README.md,False,
https://github.com/dominictobias/react-image-crop/commit/c0179c9f771757b6e1e5e661f0079688383e42cf ,README.md,True,
https://github.com/rails/activeresource/commit/cef392635c18c06bba31ab87402c8503a155c92d ,README.md,False,
https://github.com/wazuh/wazuh/commit/d4110c47c9083228ebb837cbafdf06c9ed9077ef ,README.md,False,
https://github.com/graphql-python/graphql-core/commit/a4e5778f6d9cdef5d8e564ecd3b66cd44e205315 ,README.md,False,facebook
https://github.com/graphql-python/graphql-core/commit/a4e5778f6d9cdef5d8e564ecd3b66cd44e205315 ,README.md,False,github_wiki
https://github.com/graphql-python/graphql-core/commit/a4e5778f6d9cdef5d8e564ecd3b66cd44e205315 ,README.md,False,fork
https://github.com/Screenly/Anthias/commit/f019fd6c277d486eb8e79a01c84d3a7b2c6c5c6b ,README.md,True,issues
https://github.com/Screenly/Anthias/commit/f019fd6c277d486eb8e79a01c84d3a7b2c6c5c6b ,README.md,True,fork
https://github.com/Screenly/Anthias/commit/f019fd6c277d486eb8e79a01c84d3a7b2c6c5c6b ,README.md,True,github_discussions
https://github.com/freebsd/atf/commit/db395e2b96ed50423d4f782612277e7b4ab64429 ,README.md,False,
https://github.com/dominictobias/react-image-crop/commit/00ea81772e76cdaeea6d1d643bcfd33e810e9369 ,README.md,True,
https://github.com/eslint/eslint-github-bot/commit/465a65e5e307e8f3826069e501fb6959ab887f38 ,README.md,True,website
https://github.com/syncthing/syncthing/commit/fc40dc8af23fe4f4d381f554ac41a4eb36d093b5 ,CONTRIBUTING.md,False,telegram
https://github.com/syncthing/syncthing/commit/fc40dc8af23fe4f4d381f554ac41a4eb36d093b5 ,CONTRIBUTING.md,False,github_wiki
https://github.com/syncthing/syncthing/commit/fc40dc8af23fe4f4d381f554ac41a4eb36d093b5 ,CONTRIBUTING.md,False,mail
https://github.com/syncthing/syncthing/commit/fc40dc8af23fe4f4d381f554ac41a4eb36d093b5 ,CONTRIBUTING.md,False,pull_request
https://github.com/scipopt/SCIP.jl/commit/0079ba86d0643b4294d2c1d105445c1fb7dc4e23 ,README.md,False,
https://github.com/scipopt/SCIP.jl/commit/8c0f361954c888865fb7ba249fe7a6b471c9d5b3 ,README.md,False,
https://github.com/eslint/eslint-github-bot/commit/1efcebf15ee3cfbb2ced6fecf3a5ef9e782a2a63 ,README.md,False,website
https://github.com/SpiNNakerManchester/SpiNNMan/commit/32be292edd95e6badc732f4bd2b57ac4476aa835 ,README.md,False,
https://github.com/firebase/firebaseui-web/commit/1809b087dffaa2cbdd622341a5e66da1dcceb3d7 ,README.md,False,ping_on_github
https://github.com/eslint/eslint-github-bot/commit/20f1f5a714eb9642bb3ba5e930c3b5d3e388ea2a ,README.md,True,website
https://github.com/flexera-public/policy_templates/commit/dc5d0988d0d9a9bb528e922f0bd2045a623705e7 ,README.md,False,
https://github.com/vellvm/vellvm/commit/194f8f7616dc95af23cd96b5dba2b7069c552e3e ,README.md,False,
https://github.com/OPM/opm-simulators/commit/34e3c59d17e6ab3f422bc6d1e1157ffd072239b8 ,README.md,False,
https://github.com/Screenly/Anthias/commit/21f8a4d92b92038935da5a505875ce68756465f2 ,CONTRIBUTING.md,False,
https://github.com/SpiNNakerManchester/SpiNNMan/commit/7d1324a57929d31058ba447057354dc53f0a31e7 ,README.md,False,
https://github.com/flexera-public/policy_templates/commit/d8faa3003bcc681f937e593d563efff0ad2c6c97 ,README.md,False,
https://github.com/flexera-public/policy_templates/commit/0522b828298c39354b532375b515a431b8bcc3c6 ,README.md,False,
https://github.com/spf13/cobra/commit/73f7846ba97514885fe3c3e89bf007b4683ba03e ,README.md,False,
https://github.com/plotly/plotly.js/commit/7e63310985cc6b3fe83f974fd92159c7fe868df3 ,README.md,False,
https://github.com/freebsd/atf/commit/06d3cec1332e76b65f04660646948dd8d9d068fb ,README.md,False,
https://github.com/iobroker-community-adapters/ioBroker.telegram/commit/c6521f978a4f257d2311ad80cd4db612aedb5bd3 ,README.md,False,telegram
https://github.com/flexera-public/policy_templates/commit/ee6725b806810083ca68c7ff7c2df18527dcf562 ,README.md,False,
https://github.com/jackc/pgx/commit/1a3f4619229365d2dd8ff5693c3485c592851b3c ,README.md,False,
https://github.com/Pushwoosh/pushwoosh-phonegap-plugin/commit/d156e9e7f39b367005cd86d129f0d01c656941d2 ,README.md,True,
https://github.com/gismo/gismo/commit/9cf36db68d02e565817a1564fdce7c9fba4bdc93 ,README.md,False,
https://github.com/Pushwoosh/pushwoosh-phonegap-plugin/commit/bb05d42dbf05116bdab31247b8e7628e4237103e ,README.md,False,
https://github.com/flexera-public/policy_templates/commit/449a96de845bbc433f6a660fb17f49d8446ece86 ,README.md,False,
https://github.com/twilio/twilio-java/commit/f27742a7643e607c359b1f8989545e475b43a65a ,README.md,False,
https://github.com/freebsd/atf/commit/bf4a2c58971c05f6a5368be8f85df5e6cabeacf0 ,README.md,False,
https://github.com/vellvm/vellvm/commit/0cd6c1159bc6fb0f4eb9a76b919077cf380edee4 ,README.md,False,
https://github.com/flexera-public/policy_templates/commit/4dedf4fbb6ceb357cc5a8a025c65c4cb00030090 ,README.md,True,
https://github.com/wmixvideo/nfe/commit/408cf0e89a49d386e941b216012d14aee004c733 ,README.md,True,pull_request
https://github.com/clearlydefined/crawler/commit/bc0e178f998037d1cf0a63a38ae2b6f020f83f5b ,README.md,False,mailing_list
https://github.com/flexera-public/policy_templates/commit/33860c58a4da9c38624f624ee2cd13ac3819a3c2 ,README.md,False,
https://github.com/http-kit/http-kit/commit/f7e76fe35541c0c096e8700171cb9001fb6e5a0c ,README.md,False,
https://github.com/tighten/ziggy/commit/909a08d67a5409ce763144efc9ad8a2a83d7f613 ,README.md,True,
https://github.com/scipopt/SCIP.jl/commit/b08c2f1d9098182fa89e28ab1af949721f243e56 ,README.md,False,
https://github.com/flexera-public/policy_templates/commit/2806c57d98cf1eeee26f86b6c28b8942b36275a5 ,README.md,False,
https://github.com/iobroker-community-adapters/ioBroker.telegram/commit/4ce848eb9afc7754414a2a461a9073c6483632d0 ,README.md,False,telegram
https://github.com/dachcom-digital/pimcore-toolbox/commit/2b2eaea788510619795dc411b323a868bb7afc6a ,README.md,True,
https://github.com/Pushwoosh/pushwoosh-phonegap-plugin/commit/857e918b6c1ae8878a3a18952ea95aec5061b958 ,README.md,False,
https://github.com/Screenly/Anthias/commit/e8bac58e8cb6b375438fad43f9abe804a027f32d ,README.md,True,blog
https://github.com/flexera-public/policy_templates/commit/7fcd82bc9f25b7e307c44877900874b543cf4482 ,README.md,False,
https://github.com/horosproject/horos/commit/880829c8ae5cee1f660ac37c4181bd7b37dc4259 ,README.md,False,
https://github.com/gbm-developers/gbm/commit/02db6c7a6fd5faf58b76c3eac231616cad0aa181 ,README.md,True,
https://github.com/graphql-python/graphql-core/commit/4c613d3291344a0285864662c2664e5057bf9b0f ,README.md,False,
https://github.com/tighten/ziggy/commit/65107c3f7f1dd02335c4821b6e22ef1f8c5d2b81 ,CONTRIBUTING.md,False,pull_request
https://github.com/flexera-public/policy_templates/commit/806298daf340f42b6b93339fe24e280c3d091f02 ,README.md,False,
https://github.com/navikt/modiapersonoversikt/commit/14897541cf3ccc01ac39fac11a2c72f2f343f57c ,README.md,True,
https://github.com/pardeike/Harmony/commit/025b002996f63b05a87b90999aebfdc742dd3acb ,README.md,True,
https://github.com/OpenEnergyPlatform/oeplatform/commit/179a0a6f9ad22a57a523cd3b3d579bf3d3637047 ,CONTRIBUTING.md,False,
https://github.com/flexera-public/policy_templates/commit/97c906fed58e12410da65940aec46d9aab273edc ,README.md,False,
https://github.com/lttng/lttng-tools/commit/7703eb1368d3ef1c448d7ebfe2547a1a544d0681 ,CONTRIBUTING.md,True,mailing_list
https://github.com/apache/shardingsphere/commit/b7294b23bc31eebcda69d1c32af2772938e7ccaf ,README.md,True,ping_on_github
https://github.com/apache/shardingsphere/commit/b7294b23bc31eebcda69d1c32af2772938e7ccaf ,README.md,True,fork
https://github.com/apache/shardingsphere/commit/b7294b23bc31eebcda69d1c32af2772938e7ccaf ,README.md,True,website
https://github.com/http-kit/http-kit/commit/1388f31e0d3bf5e01b52ff95de0f44cfe0308453 ,README.md,True,github_issues
https://github.com/http-kit/http-kit/commit/1388f31e0d3bf5e01b52ff95de0f44cfe0308453 ,README.md,True,slack
https://github.com/http-kit/http-kit/commit/1388f31e0d3bf5e01b52ff95de0f44cfe0308453 ,README.md,True,github_wiki
https://github.com/iobroker-community-adapters/ioBroker.telegram/commit/9cc1f09393b71bbe4e9991406a3603951a325f27 ,README.md,False,telegram
https://github.com/plotly/plotly.js/commit/3542cc5a66e5aedbf04e1b467b2a7c49520c3988 ,CONTRIBUTING.md,False,
https://github.com/flexera-public/policy_templates/commit/d3d1186818f82472b9e8505b5ff14dbd06deea6d ,README.md,False,
https://github.com/OpenEnergyPlatform/oeplatform/commit/274fd9e4e7f4d8e16ddc3e1feae715bd74b5f47d ,README.md,False,github_wiki
https://github.com/OpenEnergyPlatform/oeplatform/commit/274fd9e4e7f4d8e16ddc3e1feae715bd74b5f47d ,README.md,False,fork
https://github.com/voxpupuli/rspec-puppet-facts/commit/eb9d229a6b6d073dc2aff1ae7728d904092012c9 ,README.md,False,
https://github.com/docker-library/python/commit/318a012bfeba568d15306e079c07a146fcb41064 ,README.md,False,
https://github.com/flexera-public/policy_templates/commit/e803a7957e30c93150c6160f41ffd7ed23ad29b4 ,README.md,False,
https://github.com/Pushwoosh/pushwoosh-phonegap-plugin/commit/99e93d795db60e8f60244a0147727fe4f543b2e2 ,README.md,False,
https://github.com/Farama-Foundation/ViZDoom/commit/f57c3b400b5cf3cad3b9cb151949839da0a88280 ,README.md,False,pull_request
https://github.com/voxpupuli/rspec-puppet-facts/commit/3ba78cbb2b5d5a0501586793420fe249e840259a ,README.md,False,
https://github.com/graphql-python/graphql-core/commit/37f8eb2984a63ab1cda849c83e39e954105b9f8f ,README.md,False,
https://github.com/unicorn-engine/unicorn/commit/c24c9ebe773ce6fbecb0e39f68ffb23b7326b17f ,README.md,False,
https://github.com/OPM/opm-simulators/commit/ebe46515a58c5aac66081497ca21eb1e0192c1d4 ,CONTRIBUTING.md,True,ping_on_github
https://github.com/OPM/opm-simulators/commit/ebe46515a58c5aac66081497ca21eb1e0192c1d4 ,CONTRIBUTING.md,True,fork
https://github.com/bitnami/charts/commit/6c4bf75dec58fc7c9aee9f089777b1a858c17d5b ,README.md,False,
https://github.com/wpilibsuite/RobotBuilder/commit/95b9c928d646d9f8578353fa1f684610f4fa01a4 ,README.md,False,
https://github.com/syncthing/syncthing/commit/5d27185083d1acfc91b0b33438876313283cca88 ,README.md,False,
https://github.com/webpack/compression-webpack-plugin/commit/5bda667dc7b1b574dc3ab9e2238f28007eeb9022 ,README.md,False,form
https://github.com/webpack/compression-webpack-plugin/commit/5bda667dc7b1b574dc3ab9e2238f28007eeb9022 ,README.md,False,forum
https://github.com/danieleteti/delphimvcframework/commit/fe5f7d4a727dab0acb9f58c9efb6b2b00888e8ee ,README.md,True,ping_on_github
https://github.com/danieleteti/delphimvcframework/commit/fe5f7d4a727dab0acb9f58c9efb6b2b00888e8ee ,README.md,True,fork
https://github.com/Pushwoosh/pushwoosh-phonegap-plugin/commit/35db2653a9506d75be71fa2c9099f2da9bcdcdb2 ,README.md,False,
https://github.com/dchest/tweetnacl-js/commit/e6141a20553498697e9e7d92fbc4517994caff52 ,README.md,False,
https://github.com/flexera-public/policy_templates/commit/b9a29d04aba5483722a935f851f392d905545673 ,README.md,False,
https://github.com/eslint/eslint-github-bot/commit/1aebd7005d57d64307e01c7ca4ea88fbec4d38c5 ,README.md,True,website
https://github.com/opnsense/src/commit/67e6b8354a7baa4604b75377b7e765cef3c9c6c4 ,CONTRIBUTING.md,False,mail
https://github.com/quotient-im/Quaternion/commit/23ba8c6e318abdd114bca907c8d6d779582fc198 ,README.md,False,
https://github.com/iobroker-community-adapters/ioBroker.telegram/commit/3870768142bcda97842bd561a53b4fb84059c608 ,README.md,False,telegram
https://github.com/iobroker-community-adapters/ioBroker.telegram/commit/cd53b8fda0579c42f1c3c8571c591ce296fe3326 ,README.md,False,telegram
https://github.com/i18next/i18next-gitbook/commit/a84b75528aba90ae89ef8b31df90820408f4581d ,README.md,False,
https://github.com/quotient-im/Quaternion/commit/f54bbb42fa1360348cc81c39b78e84e258fe4549 ,README.md,True,mailing_list
https://github.com/quotient-im/Quaternion/commit/f54bbb42fa1360348cc81c39b78e84e258fe4549 ,README.md,True,rss_feed
https://github.com/crytic/echidna/commit/6220064678611521595d70f89c0a1be363f861c7 ,CONTRIBUTING.md,True,
https://github.com/Pushwoosh/pushwoosh-phonegap-plugin/commit/bc31e9215c116047ad64da7c8b41512a8b256e6b ,README.md,False,
https://github.com/SpectoLabs/hoverfly/commit/c93e44314125a48737c711ee6150189b700704e4 ,README.md,False,
https://github.com/i18next/i18next-gitbook/commit/8f504deaba9b98fc1cfbd4ab815e4e905c6f8489 ,README.md,False,blog
https://github.com/flexera-public/policy_templates/commit/c732906641c13b12ac029ed2b37d2165a29cd8e1 ,README.md,False,
https://github.com/ktorio/ktor/commit/b395238b0709fb82a9475c34bb29d01b76a804eb ,CONTRIBUTING.md,False,
https://github.com/flexera-public/policy_templates/commit/2f93f1f1e19869cd99dd5b624f5b6f834f47614d ,README.md,False,fork
https://github.com/flexera-public/policy_templates/commit/0db2cae5cc797663a309f390d15d8b5039cc6440 ,README.md,False,
https://github.com/bids-standard/bids-validator/commit/cb99e504bec461f547d9e79d91bbf6c99e7afc54 ,README.md,False,
https://github.com/plotly/plotly.js/commit/849739772f282cad993d0369454f7c8620610dbf ,README.md,False,
https://github.com/Pushwoosh/pushwoosh-phonegap-plugin/commit/0191512dd87465c0e531b058f72d8c11ed47c64a ,README.md,False,
https://github.com/pulumi/pulumi-aws/commit/dd0753bc2b845244f975ba68615d2b94f17135fd ,CONTRIBUTING.md,True,
https://github.com/freshOS/Arrow/commit/32f1ddfe4160261eb0d0ddd63d52cc49babe7f00 ,README.md,False,
https://github.com/Pushwoosh/pushwoosh-phonegap-plugin/commit/d9a75e41e74a8f19f0fffec10267dda9d9ea15c4 ,README.md,False,
https://github.com/crytic/echidna/commit/5c22247f0356cc344a59c235a0376255e4416dc3 ,CONTRIBUTING.md,False,pull_request
https://github.com/quotient-im/Quaternion/commit/c41120e4f2048b1e491413c45382d72b05297dc3 ,README.md,False,
https://github.com/Screenly/Anthias/commit/a74c03764a02f0ddef12ebeda38230d77b42847f ,README.md,False,
https://github.com/SpectoLabs/hoverfly/commit/bd9c1816b797aac8b3ad92b6f0db23ec8a9fce13 ,README.md,False,
https://github.com/Pushwoosh/pushwoosh-phonegap-plugin/commit/b189c690606eecf13f1a36da24b5cdfdbde85b77 ,README.md,False,
https://github.com/vellvm/vellvm/commit/98a134c4e22f5f85dfa1c41fe4ef78e264fce8d8 ,README.md,False,
https://github.com/flexera-public/policy_templates/commit/8535aeb66121997adea04980c787575ea769bc7c ,README.md,False,
https://github.com/Dan-in-CA/SIP/commit/78f2cd66effd63d52b8bb2cff0ceb887a1ad812a ,README.md,True,
https://github.com/plotly/plotly.js/commit/a143e3d8d4ecce7c2afad6f4b09a08193fc15258 ,README.md,False,
https://github.com/flexera-public/policy_templates/commit/17f0f57f1be24011c9ffef6d78c47cc376460d10 ,README.md,False,
https://github.com/academic-moodle-cooperation/moodle-mod_publication/commit/5caaa404081f85ffcd27cf038b703ac7355750ad ,README.md,True,medium
https://github.com/academic-moodle-cooperation/moodle-mod_publication/commit/5caaa404081f85ffcd27cf038b703ac7355750ad ,README.md,True,linkedin
https://github.com/academic-moodle-cooperation/moodle-mod_publication/commit/5caaa404081f85ffcd27cf038b703ac7355750ad ,README.md,True,youtube
https://github.com/academic-moodle-cooperation/moodle-mod_publication/commit/5caaa404081f85ffcd27cf038b703ac7355750ad ,README.md,True,website
https://github.com/flexera-public/policy_templates/commit/486656211d99bfb13dde06830b1c3d1c9d840ed7 ,README.md,False,
https://github.com/siteorigin/docs/commit/1159902b14d4bef19d1d0e2679d4dd29bca1e926 ,README.md,False,github_wiki
https://github.com/siteorigin/docs/commit/1159902b14d4bef19d1d0e2679d4dd29bca1e926 ,README.md,False,fork
https://github.com/spencermountain/compromise/commit/d9af1e5988181c6b714e59f55060b0c5f270ab32 ,README.md,False,
https://github.com/Screenly/Anthias/commit/4665137ead683c5fec312035bc89fcda974d3156 ,README.md,False,
https://github.com/gentoo/libressl/commit/97ead340dacea9302097ea2904387e88c6cae156 ,README.md,False,mailing_list
https://github.com/ROCm/MIOpen/commit/701a45e04007864f1f7560b37cca31d8a8e0bf16 ,README.md,False,
https://github.com/bids-standard/bids-validator/commit/0e0dd2a042b277b1c02a3f54f004b9a75705e72d ,README.md,False,
https://github.com/ktorio/ktor/commit/9c6404bb9640b2a7a0d3538408d390a2d24c51b2 ,README.md,False,
https://github.com/contentful/contentful-management.js/commit/f014b64e50014e4f43a2dfb581f90ca7e3b31f3b ,README.md,False,
https://github.com/iobroker-community-adapters/ioBroker.telegram/commit/c8a020fc991f8f31c67e66e607ef4b2481f317c9 ,README.md,False,telegram
https://github.com/galaxyproject/bioblend/commit/57e97db9ffbcf131f1168cb3e9c9cfff00961fd4 ,CONTRIBUTING.md,False,
https://github.com/jackc/pgx/commit/f681632c68a0f193cb1d1f2e5d778b0b671ff9f6 ,README.md,False,
https://github.com/SpectoLabs/hoverfly/commit/d6b5df4c8223a0a4984324e7ec6ee6f37423ff53 ,README.md,True,
https://github.com/plotly/plotly.js/commit/6b9a65bea23be330953bf7b5199bd0ecb32abb26 ,README.md,False,
https://github.com/firebase/firebaseui-web/commit/b3d836819aa582dc0414384bb61fc0c9ba892b61 ,README.md,True,fork
https://github.com/bitnami/charts/commit/4973fd08dd7e95398ddcc4054538023b542e19f2 ,README.md,False,
https://github.com/clearlydefined/crawler/commit/9f33ed196d31f99f7da7f747c655be1efda8b98c ,README.md,False,
https://github.com/flexera-public/policy_templates/commit/4ecfcfe83b8338bd9d3bc453f49f829ab9d9aa51 ,README.md,False,
https://github.com/bids-standard/bids-validator/commit/dda32ef59233ff77a2ed57af13e5a2eb00b6df15 ,README.md,False,
https://github.com/iobroker-community-adapters/ioBroker.telegram/commit/dac73d5dfeb6c818b1609c22706342737733ba92 ,README.md,False,telegram
https://github.com/apache/shardingsphere/commit/fd595f522ac1488246eee3b477e8b3e5ca53fbef ,README.md,False,
https://github.com/public-transport/hafas-client/commit/0ffae36890cf6ff95e409dfa4b3919da7fb08ae9 ,readme.md,True,twitter
https://github.com/public-transport/hafas-client/commit/0ffae36890cf6ff95e409dfa4b3919da7fb08ae9 ,readme.md,True,gitter
https://github.com/flexera-public/policy_templates/commit/7288c25605c996cf6699543fca9ddf1d07d7eeba ,README.md,True,
https://github.com/jackc/pgx/commit/70f7cad2226dc12406b105f8bb5be9c62780aaf7 ,README.md,False,
https://github.com/firebase/firebaseui-web/commit/80ff09a67eda047cf39f22b26e302a503de3d43a ,CONTRIBUTING.md,True,github_issues
https://github.com/firebase/firebaseui-web/commit/80ff09a67eda047cf39f22b26e302a503de3d43a ,CONTRIBUTING.md,True,form
https://github.com/firebase/firebaseui-web/commit/80ff09a67eda047cf39f22b26e302a503de3d43a ,CONTRIBUTING.md,True,issues
https://github.com/firebase/firebaseui-web/commit/80ff09a67eda047cf39f22b26e302a503de3d43a ,CONTRIBUTING.md,True,pull_request
https://github.com/voxpupuli/rspec-puppet-facts/commit/d39be959e53ea66fae4bc2c871aef1821df9b0b7 ,README.md,False,
https://github.com/Screenly/Anthias/commit/70afe9ba49d42f8a050cce2faaf2a963cd4a8bb7 ,README.md,False,
https://github.com/Farama-Foundation/ViZDoom/commit/eef2c10adff26c2f88f9896efcfe8f156a2dca46 ,README.md,False,
https://github.com/flexera-public/policy_templates/commit/78f171bf580071838b795dcec966f107039d0f1f ,README.md,False,
https://github.com/flexera-public/policy_templates/commit/c611720efc0d4affe7f01e64671ca983ed9f52be ,CONTRIBUTING.md,True,github_issues
https://github.com/flexera-public/policy_templates/commit/c611720efc0d4affe7f01e64671ca983ed9f52be ,CONTRIBUTING.md,True,jira
https://github.com/flexera-public/policy_templates/commit/c611720efc0d4affe7f01e64671ca983ed9f52be ,CONTRIBUTING.md,True,issues
https://github.com/flexera-public/policy_templates/commit/c611720efc0d4affe7f01e64671ca983ed9f52be ,CONTRIBUTING.md,True,fork
https://github.com/flexera-public/policy_templates/commit/c611720efc0d4affe7f01e64671ca983ed9f52be ,CONTRIBUTING.md,True,pull_request
https://github.com/flexera-public/policy_templates/commit/9d8d584f27e3e6ef01c4759101328e25d752f842 ,README.md,False,
https://github.com/Screenly/Anthias/commit/fe0473dfd54dbf02991b1e95ad0d7ed5b8b0fa3a ,CONTRIBUTING.md,True,issues
https://github.com/Screenly/Anthias/commit/fe0473dfd54dbf02991b1e95ad0d7ed5b8b0fa3a ,CONTRIBUTING.md,True,fork
https://github.com/Screenly/Anthias/commit/fe0473dfd54dbf02991b1e95ad0d7ed5b8b0fa3a ,CONTRIBUTING.md,True,pull_request
https://github.com/plotly/plotly.js/commit/35ec7d60041acac2354643417be878df471dce5d ,README.md,False,
https://github.com/danieleteti/delphimvcframework/commit/dbc178f24a5ff0b7c6326106fc78096d84a2d8e2 ,README.md,True,facebook
https://github.com/danieleteti/delphimvcframework/commit/dbc178f24a5ff0b7c6326106fc78096d84a2d8e2 ,README.md,True,ping_on_github
https://github.com/danieleteti/delphimvcframework/commit/dbc178f24a5ff0b7c6326106fc78096d84a2d8e2 ,README.md,True,twitter
https://github.com/danieleteti/delphimvcframework/commit/dbc178f24a5ff0b7c6326106fc78096d84a2d8e2 ,README.md,True,website
https://github.com/danieleteti/delphimvcframework/commit/dbc178f24a5ff0b7c6326106fc78096d84a2d8e2 ,README.md,True,forum
https://github.com/danieleteti/delphimvcframework/commit/dbc178f24a5ff0b7c6326106fc78096d84a2d8e2 ,README.md,True,github_discussions
https://github.com/danieleteti/delphimvcframework/commit/dbc178f24a5ff0b7c6326106fc78096d84a2d8e2 ,README.md,True,stack_overflow
https://github.com/danieleteti/delphimvcframework/commit/dbc178f24a5ff0b7c6326106fc78096d84a2d8e2 ,README.md,True,mail
https://github.com/danieleteti/delphimvcframework/commit/dbc178f24a5ff0b7c6326106fc78096d84a2d8e2 ,README.md,True,pull_request
https://github.com/danieleteti/delphimvcframework/commit/dbc178f24a5ff0b7c6326106fc78096d84a2d8e2 ,README.md,True,patreon
https://github.com/danieleteti/delphimvcframework/commit/dbc178f24a5ff0b7c6326106fc78096d84a2d8e2 ,README.md,True,blog
https://github.com/danieleteti/delphimvcframework/commit/dbc178f24a5ff0b7c6326106fc78096d84a2d8e2 ,README.md,True,form
https://github.com/danieleteti/delphimvcframework/commit/dbc178f24a5ff0b7c6326106fc78096d84a2d8e2 ,README.md,True,issues
https://github.com/danieleteti/delphimvcframework/commit/dbc178f24a5ff0b7c6326106fc78096d84a2d8e2 ,README.md,True,fork
https://github.com/danieleteti/delphimvcframework/commit/dbc178f24a5ff0b7c6326106fc78096d84a2d8e2 ,README.md,True,github_issues
https://github.com/danieleteti/delphimvcframework/commit/dbc178f24a5ff0b7c6326106fc78096d84a2d8e2 ,README.md,True,linkedin
https://github.com/crytic/echidna/commit/24cd9729a08af6148921377e264c05e54b32e869 ,README.md,False,mail
https://github.com/opendsm/opendsm/commit/da256d7737d2aea28eb864568faf38368b7bd2f2 ,README.md,False,
https://github.com/Pushwoosh/pushwoosh-phonegap-plugin/commit/7803486def46b5c058f43540bda722f2c115af8e ,README.md,False,
https://github.com/TeleMidia/ginga/commit/3b490c8ed130d76537133477ea1996bbca400051 ,README.md,False,
https://github.com/charmed-kubernetes/charm-flannel/commit/dc57f491f4ffc7c45bde56fdf508793eb9101d18 ,README.md,True,
https://github.com/scipopt/SCIP.jl/commit/d9ea0dcd13b7b54d1d1eabb71d4aa38f01e226f3 ,README.md,True,github_issues
https://github.com/scipopt/SCIP.jl/commit/d9ea0dcd13b7b54d1d1eabb71d4aa38f01e226f3 ,README.md,True,forum
https://github.com/ROCm/MIOpen/commit/1141e425bf1b01daf5aa48bd185736ff10aa6683 ,README.md,False,
https://github.com/J-F-Liu/pom/commit/35baf87fa6c59e8ff946f38998e8967501598faf ,README.md,False,
https://github.com/public-transport/hafas-client/commit/06b572424f07ee8ec612a9706ee0a94b6f889d4d ,readme.md,True,
https://github.com/apache/shardingsphere/commit/e9670426bb075c53c44fa33d740ee4ca0fff681a ,README.md,False,
https://github.com/wazuh/wazuh/commit/84cc7890c4dde92f8e53544dc71df980d1444024 ,README.md,False,
https://github.com/plotly/plotly.js/commit/11540ed997d6c3e5df456ea96a17cab5dbe5e64a ,README.md,False,
https://github.com/iobroker-community-adapters/ioBroker.telegram/commit/5f49d372499226385411403ea2bd571a2a5d9d88 ,README.md,False,telegram
https://github.com/dominictobias/react-image-crop/commit/d272eafbf0f13a22132078c8c67218f08473ae0e ,README.md,False,pull_request
https://github.com/05bit/peewee-async/commit/dbf31631d1a1959260aa9750ba859b089a3d05d7 ,README.md,False,
https://github.com/plotly/plotly.js/commit/2056b8745fbc88f298abb7fd7ff7cce7bd29710f ,CONTRIBUTING.md,False,
https://github.com/vellvm/vellvm/commit/9e6fc1fe704a04d958e9f478a8afbf6a0754386b ,README.md,False,
https://github.com/flexera-public/policy_templates/commit/ec75646dba01de65167935306ca516b9e6d1ae7e ,README.md,True,
https://github.com/clearlydefined/crawler/commit/97c40bc22dea60d9d69b556fa9509172a0fc3aa5 ,README.md,False,mailing_list
https://github.com/flexera-public/policy_templates/commit/470e900220e4f4bd22caa6f2aa5535dab8438772 ,README.md,False,
https://github.com/dominictobias/react-image-crop/commit/9cfe5eff03316f530727edec291836073d02161d ,README.md,False,issues
https://github.com/danieleteti/delphimvcframework/commit/dfc910634efcd3a59fbbd8762be081c2859eded3 ,README.md,False,
https://github.com/OpenEnergyPlatform/oeplatform/commit/e618394fc5022fc3e8c9cbe0cb7e0c38a86fbb94 ,README.md,False,
https://github.com/ktorio/ktor/commit/ca40af2237ff171571bdeed000246deba8d229c4 ,README.md,True,
https://github.com/quotient-im/Quaternion/commit/53be5b207c899e3393e5e3702d66fe315eb73a07 ,README.md,True,form
https://github.com/quotient-im/Quaternion/commit/53be5b207c899e3393e5e3702d66fe315eb73a07 ,README.md,True,issues
https://github.com/quotient-im/Quaternion/commit/53be5b207c899e3393e5e3702d66fe315eb73a07 ,README.md,True,forum
https://github.com/pulumi/pulumi-aws/commit/4f0030e63f40c0f7fac919be674bde3a4c63e73c ,CONTRIBUTING.md,False,
https://github.com/danieleteti/delphimvcframework/commit/e3c2129cb203a35e9ee40118eb4db80ca3743e85 ,README.md,False,
https://github.com/simonmichael/hledger/commit/58c5b0803bb78f713cf0474bc48473cdb1192684 ,README.md,False,
https://github.com/RustAudio/rust-jack/commit/488a12a57c4ea8163d5b7a00cf78e25906d3f51f ,README.md,False,
https://github.com/iobroker-community-adapters/ioBroker.telegram/commit/7d1d53a3178461fd1994b12a2a7ac85197486c8c ,README.md,False,telegram
https://github.com/iobroker-community-adapters/ioBroker.telegram/commit/d0b5366c77d6e7f1656dc53648d9cb160d3b66b2 ,README.md,True,telegram
https://github.com/05bit/peewee-async/commit/3f7b9dfbcdb3adfe8aaa9bd55a1dc4574d3f603e ,README.md,True,
https://github.com/anura-engine/anura/commit/97723fe135de3601a6f6a8a97a28b69bf67decd5 ,README.md,False,
https://github.com/ROCm/MIOpen/commit/1477762768680c3789882f648a0d8ff4a4e25316 ,README.md,False,fork
https://github.com/quotient-im/Quaternion/commit/e18eb4554e938e7341afac999464f22656159fb3 ,README.md,True,fork
https://github.com/ktorio/ktor/commit/7fe92611582d6774c322c9ed538ddc5e8d2f8ac6 ,README.md,False,
https://github.com/pwsafe/pwsafe/commit/10e455bd60e128d0ed0c516314ac803a872e5171 ,README.md,False,
https://github.com/flexera-public/policy_templates/commit/d3f1aaad59c6841aa61863213d3211ae8817c7ab ,README.md,False,
https://github.com/Pushwoosh/pushwoosh-phonegap-plugin/commit/05a0e337373b99d482343f193ada700f786ae4fd ,README.md,False,
https://github.com/flexera-public/policy_templates/commit/d0a5e672295b1fb6143e70bc723f8cfb604378fa ,README.md,False,
https://github.com/Pushwoosh/pushwoosh-phonegap-plugin/commit/cb6ccbd708418c3ecf6cbacbd7cb4cc67ab9d641 ,README.md,False,
https://github.com/unicorn-engine/unicorn/commit/3f230f3a965dde54cb10b30c73ec37292eac5d4e ,README.md,False,
https://github.com/plotly/plotly.js/commit/f8ebcd5660a3eca1bf054b6a106bb236dda1e5c0 ,README.md,False,
https://github.com/jcabi/jcabi-xml/commit/e143ecd78b4867f3554dfda8d9b1348e29c0982f ,README.md,False,
https://github.com/red6/pdfcompare/commit/309b54f873c3e9ab7c0bf04628b68f761494cd0c ,README.md,False,
https://github.com/OPM/opm-simulators/commit/80496bd4c6b050a5979ba0f1ed859f344d1adb1f ,CONTRIBUTING.md,False,
https://github.com/ktorio/ktor/commit/8bcf45f929408c8ae02e724a46c121d7b65763ee ,CONTRIBUTING.md,False,
https://github.com/plotly/plotly.js/commit/caf32e57cfdbd370076b926f84c114093f62f0b9 ,README.md,False,
https://github.com/jackc/pgx/commit/5c63f646f820ca9696fc3515c1caf2a557d562e5 ,README.md,True,
https://github.com/lttng/lttng-tools/commit/9f2636716abf0d6cc188fed380ba77a621a370c1 ,CONTRIBUTING.md,False,
https://github.com/scipopt/SCIP.jl/commit/0d05ea13c5cd87bd397324a6a545f276210a162e ,README.md,True,
https://github.com/pulumi/pulumi-aws/commit/a2b15e79656496b66040e349b33f085731c11f52 ,CONTRIBUTING.md,False,
https://github.com/agrestio/agrest/commit/3efdbdb618050f5207f0cf3dad5589a39b505d9a ,README.md,False,
https://github.com/MUME/MMapper/commit/44fe713cd1f09b0e7b3b8f3607f497fd5592a5c0 ,README.md,False,ping_on_github
https://github.com/MUME/MMapper/commit/44fe713cd1f09b0e7b3b8f3607f497fd5592a5c0 ,README.md,False,pull_request
https://github.com/Farama-Foundation/ViZDoom/commit/49f4bda9d6a63500f26961e677796adce4c27518 ,README.md,True,
https://github.com/apache/shardingsphere/commit/184bcb9a81ba0b9391c1a1da426e160d1294fc4d ,README.md,False,
https://github.com/syncthing/syncthing/commit/99a6f3a5b611cb02786b21c3312507a5826afe17 ,README.md,True,
https://github.com/freebsd/atf/commit/fc5eba82f611c958970f7a8ada3e48490b131bc5 ,README.md,False,
https://github.com/flexera-public/policy_templates/commit/2fcfe261db1e28d4d0506f3adffebc50b2e19044 ,README.md,False,
https://github.com/Screenly/Anthias/commit/4b87764d73132fe3cc2c4d04681e819015ef6d46 ,README.md,False,
https://github.com/OpenEnergyPlatform/oeplatform/commit/fa47c6edaeedbcf85df29c27663805f9c0e21106 ,CONTRIBUTING.md,False,
https://github.com/Pushwoosh/pushwoosh-phonegap-plugin/commit/fcdc42dd7eaa890b9d4835d013ecbd7b31d333fb ,README.md,False,
https://github.com/flexera-public/policy_templates/commit/9991a58aad0d19567cbb5dfe59ee163e8a7002e3 ,README.md,False,
https://github.com/flexera-public/policy_templates/commit/afc9a522699850909b5d8c1923701220cd898da3 ,README.md,False,
https://github.com/spencermountain/compromise/commit/dc63f4b6d66cbe084170bf5a429fe8e0deff8b09 ,README.md,False,
https://github.com/iobroker-community-adapters/ioBroker.telegram/commit/a777394256ae9f303f642d91e8a4dc38a15c437a ,README.md,False,telegram
https://github.com/pardeike/Harmony/commit/76b4879c9835b6c24fd6a7f0d87450d46d469bd8 ,README.md,False,
https://github.com/Screenly/Anthias/commit/c8396af84e9c9bdd339f093861aff312f05b9551 ,README.md,False,
https://github.com/jcabi/jcabi-maven-skin/commit/05f906508b4fbfc7b05f7e48f0dbc12878fadabc ,README.md,True,issues
https://github.com/jcabi/jcabi-maven-skin/commit/05f906508b4fbfc7b05f7e48f0dbc12878fadabc ,README.md,True,pull_request
https://github.com/crytic/echidna/commit/2f62a659e3d10920ff7dd6378c171279139d3511 ,README.md,False,
https://github.com/http-kit/http-kit/commit/26a5eb6a68203fa141abd3e089fc21cd31702b2d ,README.md,False,
https://github.com/spencermountain/compromise/commit/9cc069a64a6ebfb1b8bfafab08fbd728cee8a28f ,README.md,False,
https://github.com/opendsm/opendsm/commit/5164117a85af43f31806f5a31e79eff2f32d1698 ,CONTRIBUTING.md,False,
https://github.com/navikt/modiapersonoversikt/commit/514470342d369c81774320175f55777343d228d1 ,README.md,False,
https://github.com/iobroker-community-adapters/ioBroker.telegram/commit/4fdb72add762332d0ca497156534e31259a5ae6e ,README.md,True,telegram
https://github.com/Screenly/Anthias/commit/3e4d91c5447df6f50ebd54295f35ef903d5a32cb ,README.md,False,
https://github.com/pardeike/Harmony/commit/37df9046030ed91aa0ac9f59fc4d7e83d70efecf ,README.md,False,patreon
https://github.com/socrata-platform/geocoding-secondary/commit/6c53220052b1822cdc27e35cd2c81dd1fdb9e657 ,README.md,False,
https://github.com/iobroker-community-adapters/ioBroker.telegram/commit/ee9dd430d72509ed34271aee4e76c16ae9975021 ,README.md,False,telegram
https://github.com/gismo/gismo/commit/6b50b6ba0d0b88fc5f7c16f75c80af51dbd210be ,README.md,True,
https://github.com/spf13/cobra/commit/0846d166eeddf8290755d95646725c139922635d ,README.md,True,
https://github.com/yohang/Finite/commit/68a53afe1c2a788737e1291905d022af1fa29c38 ,README.md,False,
https://github.com/flexera-public/policy_templates/commit/3c0023b6f41b6ba644a332b3cad3b2f59162446e ,README.md,False,
https://github.com/flexera-public/policy_templates/commit/677c64871d3e7dedee059f59635fb145bde808d1 ,README.md,False,
https://github.com/zendesk/sunshine-conversations-web/commit/3be5bca2bd0c4cce4eb0efd897712428933544f0 ,README.md,False,
https://github.com/pardeike/Harmony/commit/a264a1bf1ce689e4589e8dcc54b1e2818602a90a ,README.md,False,
https://github.com/wazuh/wazuh-documentation/commit/cb65737554ce00c916b229f705a6935743cbc49d ,CONTRIBUTING.md,False,github_wiki
https://github.com/wazuh/wazuh-documentation/commit/cb65737554ce00c916b229f705a6935743cbc49d ,CONTRIBUTING.md,False,fork
https://github.com/flexera-public/policy_templates/commit/3643737ae24aa212f3073f3f81c8a795adf70bf5 ,README.md,True,mail
https://github.com/ktorio/ktor/commit/80ed420b131644a18ce93dd2f9600ecaa70f14a8 ,CONTRIBUTING.md,False,
https://github.com/plotly/plotly.js/commit/4e167c45306563605402b975a2e092c777c674dd ,README.md,False,
https://github.com/jackc/pgx/commit/25329273dacf0b56fcb799d6dd0811a87f5a48ad ,README.md,False,
https://github.com/bitnami/charts/commit/a7ca73694459adb84195a22b612bae68a27d7803 ,README.md,False,
https://github.com/flexera-public/policy_templates/commit/99ff315234f7fbd4bd44e9920a5e0638a89728e5 ,README.md,False,
https://github.com/OpenEnergyPlatform/oeplatform/commit/850d73c9dfe22c75763714553108c58b59a24095 ,README.md,False,
https://github.com/iobroker-community-adapters/ioBroker.telegram/commit/52b105dcce1caf28c4135e3bcb035a785aedf48a ,README.md,False,telegram
https://github.com/graphql-python/graphql-core/commit/758fef19194005d3a287e28a4e172e0ed7955d42 ,README.md,False,
https://github.com/Screenly/Anthias/commit/1aca5dff65dc01ec796a7b29810e2d6143bafe00 ,README.md,False,
https://github.com/DEFRA/flood-risk-engine/commit/d0e869943078c8587a23cac75e2a5e8fc4c22fc2 ,README.md,True,mail
https://github.com/OpenEnergyPlatform/oeplatform/commit/6b3ebf08304d0bdfc1706cc873b56ef3c26aceda ,CONTRIBUTING.md,False,
https://github.com/syncthing/syncthing/commit/5ff050e6658fec798d040cb3cbbb39503e4f1d09 ,CONTRIBUTING.md,False,fork
https://github.com/syncthing/syncthing/commit/5ff050e6658fec798d040cb3cbbb39503e4f1d09 ,CONTRIBUTING.md,False,mail
https://github.com/syncthing/syncthing/commit/5ff050e6658fec798d040cb3cbbb39503e4f1d09 ,CONTRIBUTING.md,False,pull_request
https://github.com/plotly/plotly.js/commit/4072ae5463dbed2e967cca1672e3f4c141f3f646 ,README.md,False,
https://github.com/flexera-public/policy_templates/commit/ef7177f0aaf226c41e54e6539d57da1fe7012396 ,README.md,True,mail
https://github.com/flexera-public/policy_templates/commit/b2bb33c03352329424e67397e7f87195c06982e4 ,README.md,True,
https://github.com/flexera-public/policy_templates/commit/5a7644d653c3068ebcbf88c3ce2f5ada8372a547 ,README.md,False,fork
https://github.com/pulumi/pulumi-aws/commit/3ebe0adc683ab178d0586e09226204a4b41189ec ,README.md,False,
https://github.com/flexera-public/policy_templates/commit/db9a4f4541bfa029095159a62bf9294dbb479713 ,README.md,False,
https://github.com/mattermost/desktop/commit/7c9c462964dc2ae34f836a1a9876ab83dcdcd693 ,README.md,False,
https://github.com/iobroker-community-adapters/ioBroker.telegram/commit/2838b5cc3fc6a49b5622bfedf2c3496fa6f4edab ,README.md,False,telegram
https://github.com/opendsm/opendsm/commit/68b9c6c6f1205dc80d2702492d52c4ec7ac2b80d ,README.md,False,
https://github.com/eslint/eslint-github-bot/commit/dba5116eff6121940f132027f702fa2bd5d6eb5e ,README.md,True,website
https://github.com/flexera-public/policy_templates/commit/06d41838400121be740269d7439eea1da0bd11b0 ,README.md,False,
https://github.com/wazuh/wazuh/commit/1b83f1e4b667aad83a87e38dc414fde278f336ed ,README.md,False,
https://github.com/danieleteti/delphimvcframework/commit/4b63f04a1204463ae86afc26c23eb32ab9f8e47c ,README.md,False,blog
https://github.com/lttng/lttng-tools/commit/d60fe7c6eb8ae7d6026bac9d763238e3a50dd0aa ,CONTRIBUTING.md,False,
https://github.com/Pushwoosh/pushwoosh-phonegap-plugin/commit/d563d635dc2703424242462db51c0d168b4a8457 ,README.md,False,
https://github.com/wazuh/wazuh-documentation/commit/b93075824e775662629c9ec88922ddbc576ae1cb ,CONTRIBUTING.md,False,github_wiki
https://github.com/wazuh/wazuh-documentation/commit/b93075824e775662629c9ec88922ddbc576ae1cb ,CONTRIBUTING.md,False,fork
https://github.com/Farama-Foundation/ViZDoom/commit/61c515ee2d5dd28a32bc2a810aa7e32d7211a37e ,README.md,False,
https://github.com/tuna/tunasync/commit/a6a03decf0f8cc465120c2b415a7f6e36aabd750 ,README.md,False,
https://github.com/plotly/plotly.js/commit/bc350c81229b1df12a75a3d72b06117e3ab1807a ,README.md,False,
https://github.com/plotly/plotly.js/commit/094322f1ae1281570d0d1f30fb62e9680efba3d8 ,README.md,True,twitter
https://github.com/opnsense/src/commit/0416bffd5183372a42feecee54d87d100210803e ,CONTRIBUTING.md,False,pull_request
https://github.com/ROCm/MIOpen/commit/992a835c210b42d28d33c12ae3c0d245e3b1b6cb ,README.md,True,ping_on_github
https://github.com/ROCm/MIOpen/commit/992a835c210b42d28d33c12ae3c0d245e3b1b6cb ,README.md,True,telegram
https://github.com/ROCm/MIOpen/commit/992a835c210b42d28d33c12ae3c0d245e3b1b6cb ,README.md,True,linkedin
https://github.com/ROCm/MIOpen/commit/992a835c210b42d28d33c12ae3c0d245e3b1b6cb ,README.md,True,website
https://github.com/vellvm/vellvm/commit/96c94a23b38f2300841460ba8d7b7f3bf79f9d83 ,README.md,True,
https://github.com/zendesk/sunshine-conversations-web/commit/1ee4d0cce440c023fbb219b0538885494e8b7425 ,README.md,False,
https://github.com/anura-engine/anura/commit/7d1b6c427bcd44dc92d1ba169fbf0f83bdf4e100 ,README.md,False,pull_request
https://github.com/bids-standard/bids-validator/commit/8b515dc7a212766e0b0ca6e97332f30cef606834 ,README.md,False,
https://github.com/public-transport/hafas-client/commit/5660f602a7e4ce063dca453ab18e2ed1cd22228f ,readme.md,False,
https://github.com/dachcom-digital/pimcore-toolbox/commit/f33491aba835e2c527f7db9a7b0cbc94b8d9a47d ,README.md,False,
https://github.com/bitnami/charts/commit/5dc11993e4c16118290e588620e6f824c6332387 ,README.md,True,blog
https://github.com/bitnami/charts/commit/5dc11993e4c16118290e588620e6f824c6332387 ,README.md,True,forum
https://github.com/bitnami/charts/commit/5dc11993e4c16118290e588620e6f824c6332387 ,README.md,True,twitter
https://github.com/bitnami/charts/commit/5dc11993e4c16118290e588620e6f824c6332387 ,README.md,True,form
https://github.com/bitnami/charts/commit/5dc11993e4c16118290e588620e6f824c6332387 ,README.md,True,issues
https://github.com/bitnami/charts/commit/5dc11993e4c16118290e588620e6f824c6332387 ,README.md,True,linkedin
https://github.com/bitnami/charts/commit/5dc11993e4c16118290e588620e6f824c6332387 ,README.md,True,website
https://github.com/flexera-public/policy_templates/commit/64b40d65c4e3776c01e1f79444a5decafb81c581 ,README.md,False,
https://github.com/iobroker-community-adapters/ioBroker.telegram/commit/14dc1f417667a75a4db1bce9817d8e7a34015b72 ,README.md,False,telegram
https://github.com/graphql-python/graphql-core/commit/6e6d5be7516324c4e2a2ac0e352fc339f52de82e ,README.md,False,
https://github.com/danieleteti/delphimvcframework/commit/dbe638222e5aee5d30666fdb8df0821ea44fc843 ,README.md,False,
https://github.com/loonwerks/jkind/commit/4c233ca5a8224c0600350808d457d27676453868 ,README.md,False,
https://github.com/Screenly/Anthias/commit/6ffd239cf38c1accae1b31681b8b3f52534295b5 ,README.md,False,
https://github.com/flexera-public/policy_templates/commit/394f5add8a46b70a174dac1e5136591c0030b86d ,CONTRIBUTING.md,False,pull_request
https://github.com/flexera-public/policy_templates/commit/d1f9b0eec3b3d2233430a9cd758c2faaed3cb54a ,README.md,False,
https://github.com/yohang/Finite/commit/f9a67609aac375bd2c5c526d9972b7ba99b5f748 ,README.md,True,gitter
https://github.com/rocjs/roc/commit/96e642b6eaa2c5e4c80186356eda3894300d8bf1 ,README.md,False,
https://github.com/apache/shardingsphere/commit/ebb6259e42353b8e2797609b87fd1fc7363bfabe ,README.md,False,
https://github.com/OPM/opm-simulators/commit/cb722600be1aa9d156cce068ba0df98e4da5cb9d ,CONTRIBUTING.md,False,
https://github.com/flexera-public/policy_templates/commit/32e8f27402a35d828ad5648578efc9a17aa9d0b9 ,CONTRIBUTING.md,False,pull_request
https://github.com/Pushwoosh/pushwoosh-phonegap-plugin/commit/54e5928968bdaad15008dacdae9754de846010ed ,README.md,False,
https://github.com/ForgeRock/forgeops/commit/7506279e5b3b1d8294c1baf40a92c3d9eaf29d34 ,README.md,False,
https://github.com/flexera-public/policy_templates/commit/4fcb650f9b139f8fbac4c742c6b34b94adff7b66 ,README.md,False,
https://github.com/ktorio/ktor/commit/c26673dc63879570c61cb1d247f2cf7b0c9ac9d5 ,README.md,False,
https://github.com/flexera-public/policy_templates/commit/f12debf02b815f7bf182d96f1b8f61074b3fd497 ,README.md,True,mail
https://github.com/flexera-public/policy_templates/commit/1d0aca66eb00833842b685368339478978140d66 ,README.md,False,
https://github.com/danieleteti/delphimvcframework/commit/49f279cb0d53838c2aef7f2c93cec83d1b080828 ,README.md,False,blog
https://github.com/ROCm/MIOpen/commit/3485afe9b106703b75c49fc954bb29bd31d4ee9d ,README.md,False,telegram
https://github.com/alakajam-team/alakajam/commit/f0cf89d86699a07ffc45a7a6556af3463af3d878 ,README.md,False,
https://github.com/flexera-public/policy_templates/commit/fc33ff56bde148d9cd167b62c2b9229b3b5a66f1 ,README.md,False,
https://github.com/flexera-public/policy_templates/commit/1167e6baec920e3c8204e87ba814b28b959af8ce ,README.md,True,
https://github.com/flexera-public/policy_templates/commit/170a0858bd49159fe7ee7b8ab1d553921fbc4004 ,README.md,False,
https://github.com/cerebral/overmind/commit/acc13ba5d7844f2d618c54d1ae39ed47e4058325 ,README.md,False,website
https://github.com/pardeike/Harmony/commit/45304b9003dc96843d6719eae617612f18cbe31c ,README.md,False,
https://github.com/bitnami/charts/commit/ccad049b3199acbe7e1aa7dbc57f04bbaa1b06d3 ,README.md,False,
https://github.com/ktorio/ktor/commit/3fbecbe3b6b4e9df2cb83c94951f07e84973cff4 ,README.md,False,
https://github.com/bids-standard/bids-validator/commit/6eceef31c7922a11ddf94cc0730bbf8aecac0b2b ,README.md,False,
https://github.com/Pushwoosh/pushwoosh-phonegap-plugin/commit/b0a6b10c4afaa1b009c360abb84204c2cd529112 ,README.md,False,
https://github.com/twilio/twilio-java/commit/8f00f28a3fe1629d6fae66507ad9af30f7698f58 ,README.md,False,
https://github.com/wazuh/wazuh/commit/acdd6e7d1840d5c66d637fffb44dc0db46383a7d ,README.md,False,
https://github.com/dominictobias/react-image-crop/commit/d9124b15d3d9c48e34a5bb4fad84f1bf9ce2860d ,README.md,False,issues
https://github.com/Screenly/Anthias/commit/c0964b77cbce691d4fb4dfc4966d572e9535ef36 ,README.md,False,
https://github.com/wazuh/wazuh/commit/247326c4829a53a073802a1afe72f54bd7acb6cf ,README.md,False,
https://github.com/lemire/javaewah/commit/86f37ab370b74282989e40917b2786ad9fb65f94 ,README.md,False,
https://github.com/rhymix/rhymix/commit/ded0cd484dc6d90bd23a300dabef9ee79371350e ,CONTRIBUTING.md,False,
https://github.com/flexera-public/policy_templates/commit/9956b1b72f8531f05492bbda39610afb9389014b ,README.md,False,
https://github.com/freebsd/atf/commit/7455b2a3611a691be4add802d7304c732dbb648f ,README.md,False,
https://github.com/cerebral/overmind/commit/0ae5920176039583b7a9346b1c4b9cd1867bc1b7 ,README.md,False,website
https://github.com/flexera-public/policy_templates/commit/6ae965a0c19e0a998822daf4298ffc4a8a84cae0 ,README.md,False,
https://github.com/Screenly/Anthias/commit/15197ebc93b6cfe1acd77ec0a3b1c649916ee22d ,README.md,False,
https://github.com/bitnami/charts/commit/19310d81ce0958cab14e9d88818496f6595083ce ,README.md,True,form
https://github.com/bitnami/charts/commit/19310d81ce0958cab14e9d88818496f6595083ce ,README.md,True,forum
https://github.com/dachcom-digital/pimcore-toolbox/commit/b3f3dc63c605e2ef922130c1d2c1e2a5abead310 ,README.md,False,
https://github.com/socrata-platform/geocoding-secondary/commit/005ad595545ef0dcc5dc167cdb701b03b79e7e52 ,README.md,False,
https://github.com/gentoo/libressl/commit/6a2ab68126c74f70f16becd296fc79cd287ee0f9 ,README.md,False,
https://github.com/flexera-public/policy_templates/commit/7dbda8bb881f5dca87d0d905b612342ca8388630 ,README.md,False,
https://github.com/flexera-public/policy_templates/commit/d92981f1a192132e5b720e1b34fc8d27448557ef ,README.md,False,
https://github.com/iobroker-community-adapters/ioBroker.telegram/commit/72d5d4a49c12c9e80d98616a22d3213a36b03a91 ,README.md,False,telegram
https://github.com/iobroker-community-adapters/ioBroker.telegram/commit/8e474fcabe99c239abd621359dde8adc88137079 ,README.md,False,telegram
https://github.com/anura-engine/anura/commit/62e8e6fa06e17748e415afbd6bee05e0cb8cded7 ,README.md,False,pull_request
https://github.com/danieleteti/delphimvcframework/commit/8e4d5e9c2ac449a540568e5e4b7e26de412b3ecc ,README.md,False,
https://github.com/Pushwoosh/pushwoosh-phonegap-plugin/commit/6bbffdd789fdebef844eed5895627b82926127d2 ,README.md,False,
https://github.com/Screenly/Anthias/commit/4591206466381273690d7660344d227ce487d03f ,README.md,False,
https://github.com/flexera-public/policy_templates/commit/a869be23b0c30f556b03d6551dd7dd6e0f2684c8 ,README.md,False,
https://github.com/zendesk/sunshine-conversations-web/commit/b47eb61ed2c62fc32802353b886fd4b7637b0389 ,README.md,True,mail
https://github.com/zendesk/sunshine-conversations-web/commit/b47eb61ed2c62fc32802353b886fd4b7637b0389 ,README.md,True,website
https://github.com/zendesk/sunshine-conversations-web/commit/b47eb61ed2c62fc32802353b886fd4b7637b0389 ,README.md,True,pull_request
https://github.com/voxpupuli/rspec-puppet-facts/commit/4d387fce5272b5ba5d22f0b239c204ffbee909ac ,README.md,False,
https://github.com/lttng/lttng-tools/commit/bd291b72a3c11e0f85f407b4498fed57b23dae85 ,CONTRIBUTING.md,True,
https://github.com/OPM/opm-simulators/commit/2a549e9ad48f0b1aac87b5f39f76be72eff6635f ,README.md,True,ping_on_github
https://github.com/OPM/opm-simulators/commit/2a549e9ad48f0b1aac87b5f39f76be72eff6635f ,README.md,True,mailing_list
https://github.com/OPM/opm-simulators/commit/2a549e9ad48f0b1aac87b5f39f76be72eff6635f ,README.md,True,github_issues
https://github.com/OPM/opm-simulators/commit/2a549e9ad48f0b1aac87b5f39f76be72eff6635f ,README.md,True,issues
https://github.com/OPM/opm-simulators/commit/2a549e9ad48f0b1aac87b5f39f76be72eff6635f ,README.md,True,fork
https://github.com/OPM/opm-simulators/commit/2a549e9ad48f0b1aac87b5f39f76be72eff6635f ,README.md,True,website
https://github.com/OpenEnergyPlatform/oeplatform/commit/fbf2cfa6247d06d13ed35398d48276a323c259c7 ,README.md,False,
https://github.com/jackc/pgx/commit/e87760682f0eda9495828ef8a79198ea5e3501be ,README.md,False,
https://github.com/ktorio/ktor/commit/215e1afdd5018364753e8fac4976f35d4ad31752 ,README.md,False,
https://github.com/eslint/eslint-github-bot/commit/d16d8bb60b6e50614e1a5d348bd8f1af7afa478e ,README.md,False,
https://github.com/OpenEnergyPlatform/oeplatform/commit/85cf51e27d290f106ddc9ae1bbb2b1d70dcfb8e6 ,README.md,False,
https://github.com/spencermountain/compromise/commit/119c79030e83dfffa83d3e0974865b9443940e58 ,README.md,False,
https://github.com/plotly/plotly.js/commit/0222862314b21ca86c1d21ee31b6b59f182b66ee ,README.md,False,
https://github.com/rails/activeresource/commit/da7881cef45a3721c03081f0f33f7412cabd5352 ,README.md,False,
https://github.com/Farama-Foundation/ViZDoom/commit/c0ba90322729bfd7310263f3d9e4ef44ba0041db ,README.md,False,
https://github.com/wmixvideo/nfe/commit/4a19dc1536f521a9554893a4bc8864eaa38645b7 ,README.md,False,
https://github.com/ForgeRock/forgeops/commit/f3d3b0f7e3551e9b91603bd8bfca454cf215f901 ,README.md,False,
https://github.com/gismo/gismo/commit/882a8173948f476273d073005b984f1db55f0d57 ,README.md,True,
https://github.com/iobroker-community-adapters/ioBroker.telegram/commit/149faa98355796187f36b4327d7e7cd4c4403aa3 ,README.md,False,telegram
https://github.com/http-kit/http-kit/commit/70432d3ab3c9f23cb4672c7656d94fe8d71726d6 ,README.md,False,
https://github.com/bids-standard/bids-validator/commit/f2f259576e09e79cdac845682d318bed234c5fe5 ,README.md,False,
https://github.com/plotly/plotly.js/commit/498f2ded5179d2293ffde1beef85fd685c412a1c ,README.md,False,
https://github.com/05bit/peewee-async/commit/de744fbe4d901ef0031cfa933d3ae2dccebe228e ,README.md,True,
https://github.com/TeleMidia/ginga/commit/1bde90746fc6b88948290f0ac2457b5011933ab2 ,README.md,False,
https://github.com/alakajam-team/alakajam/commit/3e5addfc9cb1c948cb0da4f7b9638322ca2b7374 ,README.md,False,
https://github.com/pulumi/pulumi-aws/commit/919b7bf462e4d850ec1992b273640776d5418280 ,CONTRIBUTING.md,False,
https://github.com/apache/shardingsphere/commit/e07a1f4ed327c9e49f367cde34706dfdea7e159d ,README.md,False,
https://github.com/facebook/pyre-check/commit/362b3f25085d9c7f7d7b0fed6e7c1507fc37b47a ,README.md,False,
https://github.com/flexera-public/policy_templates/commit/2269c7eeae50a0a5d05390643ab83a7a0c21fbec ,README.md,False,
https://github.com/danieleteti/delphimvcframework/commit/816459f1f92da9d693ac4c3145ec43a05bdb13de ,README.md,False,
https://github.com/graphql-python/graphql-core/commit/76975cffa29b3e1eb2d31a1b69ab11b0105e2a7b ,README.md,False,
https://github.com/unicorn-engine/unicorn/commit/77d64c05c2f84b75ae9c6186b444214d43c5e618 ,README.md,False,
https://github.com/plotly/plotly.js/commit/f4c8482bc1060fca27741ff0082ce685818060d8 ,README.md,False,
https://github.com/flexera-public/policy_templates/commit/0afb39f6b67d68685fa714fab0062c009fd84b85 ,README.md,False,
https://github.com/flexera-public/policy_templates/commit/9006447dba9c9f505517d1a1e0d89c3ba71b5fed ,README.md,False,
https://github.com/flexera-public/policy_templates/commit/7975cf264a83c0bc61f2fcc806d397ed58680d98 ,README.md,False,
https://github.com/OPM/opm-simulators/commit/3973c3e2b1006ecdf2472e9a1810a9d94dd5b67b ,README.md,False,
https://github.com/danieleteti/delphimvcframework/commit/64153f2e75b9a70e13eadc0778fd7015dce0eab3 ,README.md,False,fork
https://github.com/firebase/firebaseui-web/commit/4c4002bc072307fdb04540d2d73ff707e6febffa ,README.md,True,mail
https://github.com/firebase/firebaseui-web/commit/4c4002bc072307fdb04540d2d73ff707e6febffa ,README.md,True,fork
https://github.com/cfpb/consumerfinance.gov/commit/4f46f0cf06deba0df00c08b3362a3e95145681a9 ,CONTRIBUTING.md,False,
https://github.com/danieleteti/delphimvcframework/commit/213c9d4759fa26abe7fc4418c0b5a84bb4c7dc9c ,README.md,False,facebook
https://github.com/iobroker-community-adapters/ioBroker.telegram/commit/20499763007f8e0b834f3052320cb2a9164c3e2d ,README.md,False,telegram
https://github.com/flexera-public/policy_templates/commit/9a00382661b171cae917dad827948438c638630a ,README.md,False,
https://github.com/public-transport/hafas-client/commit/4791e3968b4e72806358efa0484b99a3719f2a4e ,readme.md,True,mail
https://github.com/GoogleCloudPlatform/python-docs-samples/commit/1ac476bf282f85502a00a0c2cd05b73c6efc9618 ,README.md,False,
https://github.com/flexera-public/policy_templates/commit/6c9d2d44f63304af7c822f295037d5effb1003bb ,README.md,False,
https://github.com/plotly/plotly.js/commit/5067f8b5a92fa44e4af84f3ae69c1d4807858b15 ,README.md,False,
https://github.com/linkedin/goavro/commit/21be9f7491c741ee56a0fecacb8678ca8d432b73 ,README.md,False,linkedin
https://github.com/flexera-public/policy_templates/commit/b9358acc885dfdf05f9e42aacbb7dfae17b22ac0 ,README.md,False,fork
https://github.com/rocjs/roc/commit/a325a626f859394c649114ea9f8ee20e5e1f038e ,README.md,False,
https://github.com/flexera-public/policy_templates/commit/2d70d5422dbbcad5595c69458a76b4c0eb585223 ,README.md,False,
https://github.com/05bit/peewee-async/commit/974c583a93959257972a080eb230f9ad8a404197 ,README.md,True,
https://github.com/danieleteti/delphimvcframework/commit/b6752e3f44cecbd124ddf6c12571410c0dee27e4 ,README.md,True,
https://github.com/iobroker-community-adapters/ioBroker.telegram/commit/25e4d08759a5ecbfdc87f651b768b1ac2f8af446 ,README.md,True,telegram
https://github.com/flexera-public/policy_templates/commit/006d6ddfe4927da10d42de75d191b37c96db559d ,README.md,True,
https://github.com/OpenEnergyPlatform/oeplatform/commit/ced714d98a5864abaf29fb523e1ddff7e6c97466 ,CONTRIBUTING.md,False,
https://github.com/anura-engine/anura/commit/5de420d6e57b20d86e3ffc41fd859f5f06c2220d ,README.md,False,github_wiki
https://github.com/anura-engine/anura/commit/5de420d6e57b20d86e3ffc41fd859f5f06c2220d ,README.md,False,pull_request
https://github.com/opendsm/opendsm/commit/ba64962296a5d124c8b88f377525f4a63dd848b0 ,README.md,True,jira
https://github.com/opendsm/opendsm/commit/ba64962296a5d124c8b88f377525f4a63dd848b0 ,README.md,True,github_wiki
https://github.com/opendsm/opendsm/commit/ba64962296a5d124c8b88f377525f4a63dd848b0 ,README.md,True,fork
https://github.com/opendsm/opendsm/commit/ba64962296a5d124c8b88f377525f4a63dd848b0 ,README.md,True,pull_request
https://github.com/crytic/echidna/commit/6220064678611521595d70f89c0a1be363f861c7 ,README.md,False,
https://github.com/jcabi/jcabi-maven-skin/commit/e5c40ddcb6199f508ceb8f7621741b172e7e463f ,README.md,False,
https://github.com/rails/activeresource/commit/c035bc20af8a8278277dbcfd4f1775654b3cd66d ,README.md,False,
https://github.com/Pushwoosh/pushwoosh-phonegap-plugin/commit/1d5e7e88fa4dbdd91060f1bb91fe5ca4929758ac ,README.md,False,
https://github.com/pulumi/pulumi-aws/commit/c0650c71f3f52cf37c247b0a541907f8cbf52652 ,README.md,True,blog
https://github.com/iobroker-community-adapters/ioBroker.telegram/commit/9318484dbb08f3a790cc2c5504881f238ab6cd93 ,README.md,False,telegram
https://github.com/flexera-public/policy_templates/commit/ca39c44b05276d5a0695814fe4cd8d8bd0cf7873 ,README.md,False,
https://github.com/OPM/opm-simulators/commit/65cd7735ff558ed526ea5582feae02d8c3f9a94a ,README.md,False,
https://github.com/danieleteti/delphimvcframework/commit/38b02272a3fc936615030de79b6d167c1ed2159e ,README.md,False,
https://github.com/flexera-public/policy_templates/commit/d1ff97a61f58a27860bc8b2da46d7983ca430362 ,README.md,True,mail
https://github.com/eslint/eslint-github-bot/commit/8d20ac08748c46c90565b18be19fc4530a9ae88e ,README.md,True,website
https://github.com/bids-standard/bids-validator/commit/05749772703a06714ff8baccb7efcf523de72954 ,README.md,True,jira
https://github.com/bids-standard/bids-validator/commit/05749772703a06714ff8baccb7efcf523de72954 ,README.md,True,github_issues
https://github.com/bids-standard/bids-validator/commit/05749772703a06714ff8baccb7efcf523de72954 ,README.md,True,issues
https://github.com/bids-standard/bids-validator/commit/05749772703a06714ff8baccb7efcf523de72954 ,README.md,True,fork
https://github.com/bids-standard/bids-validator/commit/05749772703a06714ff8baccb7efcf523de72954 ,README.md,True,website
https://github.com/Screenly/Anthias/commit/ad0566c1d63efe76915d1e01fb2dc611baae6bd4 ,README.md,False,
https://github.com/flexera-public/policy_templates/commit/908963c97be763e8bcd66308544b2b38ef233acc ,README.md,True,
https://github.com/spf13/cobra/commit/0ed70dcfd4d22bc39ba138fefb9f37ed3d2e87ec ,README.md,True,
https://github.com/gismo/gismo/commit/3315509a92d612a61f344bfd9381ad9b8fce6a29 ,README.md,False,
https://github.com/flexera-public/policy_templates/commit/eabd8ba479a8d29593e6ab89676676fd96118e70 ,README.md,True,
https://github.com/loonwerks/jkind/commit/a59c46201a3a26785b911ea1109781279c7b0b5f ,README.md,False,
https://github.com/OPM/opm-simulators/commit/30ddacc5c692d77801f01c1d5dcd44d2fe68912b ,README.md,True,website
https://github.com/SpectoLabs/hoverfly/commit/09ea7d92925fd04727c6eaa95c979a1a9fc8444e ,README.md,False,
https://github.com/Screenly/Anthias/commit/13073e3597680d9d3b90dc5693c799c22e2a9f3e ,README.md,False,ping_on_github
https://github.com/Screenly/Anthias/commit/13073e3597680d9d3b90dc5693c799c22e2a9f3e ,README.md,False,website
https://github.com/graphql-python/graphql-core/commit/7ad24844903b49d288787c474e164f3a0dfcd9d4 ,README.md,False,facebook
https://github.com/webpack/compression-webpack-plugin/commit/1c289e4052b6b2a7915003ac602d00101c4516a6 ,README.md,False,form
https://github.com/webpack/compression-webpack-plugin/commit/1c289e4052b6b2a7915003ac602d00101c4516a6 ,README.md,False,forum
https://github.com/OpenEnergyPlatform/oeplatform/commit/ebe852e61a65427ff355148ad79af9e804ebf41b ,README.md,False,
https://github.com/flexera-public/policy_templates/commit/a90ff96710c8888b837557ac845688248d147d63 ,README.md,False,
https://github.com/bitnami/charts/commit/73d15e03e04647efa902a1d14a09ea8657429cd0 ,README.md,True,blog
https://github.com/bitnami/charts/commit/73d15e03e04647efa902a1d14a09ea8657429cd0 ,README.md,True,twitter
https://github.com/bitnami/charts/commit/73d15e03e04647efa902a1d14a09ea8657429cd0 ,README.md,True,form
https://github.com/bitnami/charts/commit/73d15e03e04647efa902a1d14a09ea8657429cd0 ,README.md,True,issues
https://github.com/bitnami/charts/commit/73d15e03e04647efa902a1d14a09ea8657429cd0 ,README.md,True,website
https://github.com/bitnami/charts/commit/73d15e03e04647efa902a1d14a09ea8657429cd0 ,README.md,True,forum
https://github.com/bitnami/charts/commit/73d15e03e04647efa902a1d14a09ea8657429cd0 ,README.md,True,linkedin
https://github.com/jcabi/jcabi-maven-skin/commit/e1dd75b3c7436a211bab5429ab3a969e6f2758f1 ,README.md,False,
https://github.com/danieleteti/delphimvcframework/commit/46e121a3a342438b2de3bd13502297d5de521c98 ,README.md,True,
https://github.com/jcabi/jcabi-xml/commit/cc57a3530ac86d8a0853dc227290e8e2667039f4 ,README.md,False,blog
https://github.com/jcabi/jcabi-xml/commit/cc57a3530ac86d8a0853dc227290e8e2667039f4 ,README.md,False,pull_request
https://github.com/clearlydefined/crawler/commit/ad09a103b55b00eeccee2c7c19ed830a14781531 ,README.md,False,mailing_list
https://github.com/percival-detector/percivalui/commit/46110801f2a8b710df4993efa159a377ed4063d3 ,README.md,True,
https://github.com/flexera-public/policy_templates/commit/eaf5e613979c9a97616d9d1b38091c1ecae4650e ,README.md,False,
https://github.com/Dan-in-CA/SIP/commit/c109c91dd13fc210bf8901f452660e966c91211e ,README.md,False,
https://github.com/flexera-public/policy_templates/commit/438184e7242aa6f34c46a55e3bc492341e8f81c8 ,README.md,False,
https://github.com/ForgeRock/forgeops/commit/feb02a2007c3eff024dbf59546f223f511c68c95 ,README.md,False,
https://github.com/flexera-public/policy_templates/commit/77dca570786e539391ec4347fb64b7853c23db08 ,CONTRIBUTING.md,False,pull_request
https://github.com/flexera-public/policy_templates/commit/ddee78607dd67bcc2a1f3cffce5e9049097811df ,README.md,False,
https://github.com/maproulette/maproulette-backend/commit/3126e0aecf235feee22ac9f23006fb5deab30921 ,README.md,False,
https://github.com/flexera-public/policy_templates/commit/5de3facee40b10a34a2524bf4e9bf406dba162c5 ,README.md,False,
https://github.com/iobroker-community-adapters/ioBroker.telegram/commit/035514a7617aeb39ce4e25257a2b02287f467981 ,README.md,False,telegram
https://github.com/dominictobias/react-image-crop/commit/c435974b5ed2ed7cac2800b84567055a6f37edb5 ,README.md,False,
https://github.com/socrata-platform/geocoding-secondary/commit/32cc21586ccf0726353a3e6ad11e989cfa109554 ,README.md,False,
https://github.com/mahmoud/ashes/commit/5684455e576430b93244c1577aa25c87a864f151 ,README.md,False,
https://github.com/eslint/eslint-github-bot/commit/07ea8196989cb157b70a0b7077193a30ebd65526 ,README.md,True,website
https://github.com/jcabi/jcabi-xml/commit/0222f58eaecd6025c90f893682e6cd6413fb71ba ,README.md,False,
https://github.com/contentful/contentful-management.js/commit/0e448945c4d2b0360434ce65e4c49f57ea4b45bf ,README.md,False,
https://github.com/danieleteti/delphimvcframework/commit/1b0de6a6194adf22949a4ce16c434fedd8cc3dff ,README.md,True,
https://github.com/graphql-python/graphql-core/commit/4d240d48588ce61dd134c2db7202e4692032ebd6 ,README.md,False,
https://github.com/tighten/ziggy/commit/33a4b165100504b46a642714b7ba8bbfc9d2e390 ,README.md,False,
https://github.com/apache/shardingsphere/commit/0dca4408bcd53af90a8f0858d1a4dfa9f5c4f3e0 ,README.md,False,ping_on_github
https://github.com/stempler/bnd-platform/commit/ffd72b9dbd359adaca5469c80abd2bd04413352d ,README.md,False,
https://github.com/Pushwoosh/pushwoosh-phonegap-plugin/commit/591832c7e773854ec5965a7a2da33208a5285cbb ,README.md,False,
https://github.com/flexera-public/policy_templates/commit/5564880234428a7e29e0787038529d3833f708b3 ,README.md,False,
https://github.com/jackc/pgx/commit/c92d0a90458bd137ac40e45316919d9d61576472 ,README.md,False,
https://github.com/RustAudio/rust-jack/commit/da38704e267ca528d871167d944d39248409f866 ,README.md,True,website
https://github.com/anura-engine/anura/commit/45f49d371b193182c13d230f7e45c5a68182d4b3 ,README.md,False,pull_request
https://github.com/cerebral/overmind/commit/879ed0b1f7b9c0f03c06cac554ba9e5a640e5952 ,README.md,False,
https://github.com/wazuh/wazuh/commit/f1e8cd6a1ac5878fceef82d353fddbcd962ae6fa ,README.md,False,
https://github.com/Farama-Foundation/ViZDoom/commit/a8efe3717e0456c90d19eadb88293e3c744d1974 ,README.md,False,
https://github.com/danieleteti/delphimvcframework/commit/0b42ecfdec00b836ed03ab50af5c1d259954c90d ,README.md,False,patreon
https://github.com/i18next/i18next-gitbook/commit/50b35ad11fd8d1e8e71052ad49622a55ef5b6195 ,README.md,False,
https://github.com/iobroker-community-adapters/ioBroker.telegram/commit/52c72a9ee067e612f71e5a9ec2ae3afae36131cd ,README.md,True,telegram
