full_name_of_repo,sha,url,message,date
05bit/peewee-async,d14e60258f44f588c4e41b538c9def13f32a6690,https://github.com/05bit/peewee-async/commit/d14e60258f44f588c4e41b538c9def13f32a6690 ,"drop python 3.7 support, add python 3.12 support",2024-01-07 12:57:43+00:00
05bit/peewee-async,a5ed200b58cffa098c53a2a3815e4c44d058e9f3,https://github.com/05bit/peewee-async/commit/a5ed200b58cffa098c53a2a3815e4c44d058e9f3 ,updated documentation and readme,2024-01-15 09:02:37+00:00
05bit/peewee-async,c66722708385f463fe7dbff0e46ed28a942bf6fd,https://github.com/05bit/peewee-async/commit/c66722708385f463fe7dbff0e46ed28a942bf6fd ,update docs badge,2024-01-15 09:19:53+00:00
05bit/peewee-async,de744fbe4d901ef0031cfa933d3ae2dccebe228e,https://github.com/05bit/peewee-async/commit/de744fbe4d901ef0031cfa933d3ae2dccebe228e ,ci badge fixed,2024-01-15 11:14:43+00:00
05bit/peewee-async,dbf31631d1a1959260aa9750ba859b089a3d05d7,https://github.com/05bit/peewee-async/commit/dbf31631d1a1959260aa9750ba859b089a3d05d7 ,Added base usage example for aiohttp server,2024-05-05 17:27:26+00:00
05bit/peewee-async,0acaa451a1d668bedb410312a859df57903bc3ca,https://github.com/05bit/peewee-async/commit/0acaa451a1d668bedb410312a859df57903bc3ca ,Updated README.md for proper examples reference,2024-05-09 15:50:54+00:00
05bit/peewee-async,974c583a93959257972a080eb230f9ad8a404197,https://github.com/05bit/peewee-async/commit/974c583a93959257972a080eb230f9ad8a404197 ,"feat: update readme and examples (#271)

* feat: update readme and examples",2024-07-25 11:50:41+00:00
05bit/peewee-async,3f7b9dfbcdb3adfe8aaa9bd55a1dc4574d3f603e,https://github.com/05bit/peewee-async/commit/3f7b9dfbcdb3adfe8aaa9bd55a1dc4574d3f603e ,fix: docs update,2024-09-14 17:42:37+00:00
05bit/peewee-async,0b05a50cadff4600dce1e764b7c1759bb17902cb,https://github.com/05bit/peewee-async/commit/0b05a50cadff4600dce1e764b7c1759bb17902cb ,chore: remove setup.cfg (#307),2024-12-29 16:09:09+00:00
05bit/peewee-async,922068c579f92d9344db382cc001baca13114d40,https://github.com/05bit/peewee-async/commit/922068c579f92d9344db382cc001baca13114d40 ,"feat: add psycopg3 pool (#298)

Co-authored-by: Gorshkov Nikolay <nogamemorebrain@gmail.com>",2025-01-08 07:38:21+00:00
DEFRA/flood-risk-engine,d0e869943078c8587a23cac75e2a5e8fc4c22fc2,https://github.com/DEFRA/flood-risk-engine/commit/d0e869943078c8587a23cac75e2a5e8fc4c22fc2 ,"Fix/ruby 2805 postcode validation (#721)

https://eaflood.atlassian.net/browse/RUBY-2805",2024-01-11 18:05:21+00:00
DEFRA/flood-risk-engine,4f3d7d287a8b25a13f40188ebc29c980472b8e65,https://github.com/DEFRA/flood-risk-engine/commit/4f3d7d287a8b25a13f40188ebc29c980472b8e65 ,"Fix/easting northing validation (#779)

https://eaflood.atlassian.net/browse/RUBY-3027",2024-04-26 11:07:00+00:00
Dan-in-CA/SIP,c109c91dd13fc210bf8901f452660e966c91211e,https://github.com/Dan-in-CA/SIP/commit/c109c91dd13fc210bf8901f452660e966c91211e ,Update README.md formatting and content,2025-12-07 02:12:10+00:00
Dan-in-CA/SIP,78f2cd66effd63d52b8bb2cff0ceb887a1ad812a,https://github.com/Dan-in-CA/SIP/commit/78f2cd66effd63d52b8bb2cff0ceb887a1ad812a ,Format README.md with Markdown syntax,2025-12-07 02:16:11+00:00
Farama-Foundation/ViZDoom,a8efe3717e0456c90d19eadb88293e3c744d1974,https://github.com/Farama-Foundation/ViZDoom/commit/a8efe3717e0456c90d19eadb88293e3c744d1974 ,"Add LevDoom and COOM benchmarks to the tools/projects list (#585)

* Add LevDoom and COOM benchmarks to the tools/projects list

* Added LevDoom and COOM to the third-party environments documentation page

* Modify the docs about third-party environments

---------

Co-authored-by: Marek Wydmuch <marek@wydmuch.poznan.pl>",2024-02-11 22:15:42+00:00
Farama-Foundation/ViZDoom,04a0d6ab8e090c8f62a3f5755c80ae94bef3b9cd,https://github.com/Farama-Foundation/ViZDoom/commit/04a0d6ab8e090c8f62a3f5755c80ae94bef3b9cd ,Update README.md,2024-08-18 23:40:09+00:00
Farama-Foundation/ViZDoom,2281bfa97225f653e230cf6adee3b830aca26e39,https://github.com/Farama-Foundation/ViZDoom/commit/2281bfa97225f653e230cf6adee3b830aca26e39 ,Update README.md,2024-08-19 22:49:46+00:00
Farama-Foundation/ViZDoom,eef2c10adff26c2f88f9896efcfe8f156a2dca46,https://github.com/Farama-Foundation/ViZDoom/commit/eef2c10adff26c2f88f9896efcfe8f156a2dca46 ,Update README.md once again,2024-08-19 22:52:38+00:00
Farama-Foundation/ViZDoom,3ded9f79fdaa2e145a9824c19dd14c6766dbb8df,https://github.com/Farama-Foundation/ViZDoom/commit/3ded9f79fdaa2e145a9824c19dd14c6766dbb8df ,Update build and test badge in README.md,2024-08-20 09:22:37+00:00
Farama-Foundation/ViZDoom,17479b92f9a71ec0519af4409b4a7c4bf7b4c5b3,https://github.com/Farama-Foundation/ViZDoom/commit/17479b92f9a71ec0519af4409b4a7c4bf7b4c5b3 ,Update README.md,2024-08-20 10:36:51+00:00
Farama-Foundation/ViZDoom,f57c3b400b5cf3cad3b9cb151949839da0a88280,https://github.com/Farama-Foundation/ViZDoom/commit/f57c3b400b5cf3cad3b9cb151949839da0a88280 ,Update mentions of Gym in the docs,2024-09-07 11:11:33+00:00
Farama-Foundation/ViZDoom,49f4bda9d6a63500f26961e677796adce4c27518,https://github.com/Farama-Foundation/ViZDoom/commit/49f4bda9d6a63500f26961e677796adce4c27518 ,README.md update,2025-05-29 20:33:53+00:00
Farama-Foundation/ViZDoom,9e7e1b68d0d1bcba232c9976cb5cc0e81c50643e,https://github.com/Farama-Foundation/ViZDoom/commit/9e7e1b68d0d1bcba232c9976cb5cc0e81c50643e ,One more README.md update,2025-05-29 20:50:42+00:00
Farama-Foundation/ViZDoom,ff873d256988293ea0b2e0c2ba2587790a579fa3,https://github.com/Farama-Foundation/ViZDoom/commit/ff873d256988293ea0b2e0c2ba2587790a579fa3 ,Fix tests related to action spaces,2025-06-27 12:48:42+00:00
Farama-Foundation/ViZDoom,c0ba90322729bfd7310263f3d9e4ef44ba0041db,https://github.com/Farama-Foundation/ViZDoom/commit/c0ba90322729bfd7310263f3d9e4ef44ba0041db ,"Small patches (#625)

* Broken link to already renamed https://github.com/Farama-Foundation/ViZDoom/tree/master/examples/python/learning_stable_baselines.py

* Fixed non-deterministic seeding behaviour when seed=None (which broke tests a few times previously), now behavior should align with gymnasium and tests/test_gymnasium_wrapper.py's design

* Bumped deprecated v0 gymnasium environments to v1 so that examples can actually run

* Remove specific value for __version__ in type stubs

* Updated README

* Updated gymnasium wrapper for type checking

* Ensure correct seeding behavior

* Updated comment",2025-08-10 10:06:00+00:00
Farama-Foundation/ViZDoom,9cde8a3e03e70c7e485449bb8006bc4e0d200a86,https://github.com/Farama-Foundation/ViZDoom/commit/9cde8a3e03e70c7e485449bb8006bc4e0d200a86 ,Update audio buffer tests,2025-08-17 21:50:46+00:00
Farama-Foundation/ViZDoom,61c515ee2d5dd28a32bc2a810aa7e32d7211a37e,https://github.com/Farama-Foundation/ViZDoom/commit/61c515ee2d5dd28a32bc2a810aa7e32d7211a37e ,Added the HASARD benchmark to the projects' list and third party documentation page (#639),2025-08-30 08:58:14+00:00
ForgeRock/forgeops,f3d3b0f7e3551e9b91603bd8bfca454cf215f901,https://github.com/ForgeRock/forgeops/commit/f3d3b0f7e3551e9b91603bd8bfca454cf215f901 ,"Changing --overlay to --env-name

ref: FORGEOPS-4931",2024-03-07 20:15:03+00:00
ForgeRock/forgeops,7506279e5b3b1d8294c1baf40a92c3d9eaf29d34,https://github.com/ForgeRock/forgeops/commit/7506279e5b3b1d8294c1baf40a92c3d9eaf29d34 ,"Removing references to cdk.

* --cdk to --single-instance
* renaming cdk variable to single
* renaming cdk config-profile to default

ref: FORGEOPS-4964",2024-04-16 12:19:50+00:00
ForgeRock/forgeops,62e1d3a9fb8adc8814897d366e55cb2e0ef96327,https://github.com/ForgeRock/forgeops/commit/62e1d3a9fb8adc8814897d366e55cb2e0ef96327 ,"Updating helm chart image tag and repository to point at latest

Updating helm chart version to 7.6
Fixed several other instances of 7.4

ref: FORGEOPS-4995",2024-04-18 16:38:53+00:00
ForgeRock/forgeops,a8a9840d172d78c79d39b0e47aa5a72558ff8b48,https://github.com/ForgeRock/forgeops/commit/a8a9840d172d78c79d39b0e47aa5a72558ff8b48 ,"chore: Add reference to LICENSE file and copyright in the top level README

Add reference to LICENSE file and copyright in the top level README.

ref: FORGEOPS-5079",2024-05-02 15:16:47+00:00
ForgeRock/forgeops,d1692d9def5e3c9b4874858f0803f659e4602f60,https://github.com/ForgeRock/forgeops/commit/d1692d9def5e3c9b4874858f0803f659e4602f60 ,FORGEOPS-4951 Update README file in `forgeops` root,2024-05-02 15:31:16+00:00
ForgeRock/forgeops,feb02a2007c3eff024dbf59546f223f511c68c95,https://github.com/ForgeRock/forgeops/commit/feb02a2007c3eff024dbf59546f223f511c68c95 ,Fix a typo (polices to policies) in README.md,2024-05-08 18:09:09+00:00
ForgeRock/forgeops,9d41d2cc22c934e4ff45eee31d1484ad3d835e25,https://github.com/ForgeRock/forgeops/commit/9d41d2cc22c934e4ff45eee31d1484ad3d835e25 ,"chore: Review and cleanup forgeops repo

Rename products to include Ping.
Remove references to CDK/CDM.
Remove unused artifacts.
Update READMEs.
Create new HowTos dir.

ref: FORGEOPS-5419",2025-01-08 17:27:05+00:00
ForgeRock/forgeops,c355614c63945c3c0e389d37e51e5ad6ac557fd4,https://github.com/ForgeRock/forgeops/commit/c355614c63945c3c0e389d37e51e5ad6ac557fd4 ,"chore: Update documentation links

ref: FORGEOPS-5466",2025-01-08 17:32:57+00:00
GoogleCloudPlatform/python-docs-samples,1ac476bf282f85502a00a0c2cd05b73c6efc9618,https://github.com/GoogleCloudPlatform/python-docs-samples/commit/1ac476bf282f85502a00a0c2cd05b73c6efc9618 ,"ci: make Python 3.9 minimum required build (#13066)

* chore: make Python 3.9 minimum required build

* chore: update README badges

* chore: ignore Python 3.8 as new default

---------

Co-authored-by: Anthonios Partheniou <partheniou@google.com>",2025-01-23 21:58:15+00:00
J-F-Liu/pom,35baf87fa6c59e8ff946f38998e8967501598faf,https://github.com/J-F-Liu/pom/commit/35baf87fa6c59e8ff946f38998e8967501598faf ,Add 'trace' feature to be used in 'name'd parsers. (#63),2024-02-28 03:00:12+00:00
J-F-Liu/pom,31796b555379c43394e50eee83fad53fc4a1756e,https://github.com/J-F-Liu/pom/commit/31796b555379c43394e50eee83fad53fc4a1756e ,Correct documentation README for trace output,2025-01-24 13:02:20+00:00
JuliaLinearAlgebra/Arpack.jl,e8ecff2cc4aac0742d26a14bc9955d49965ea26c,https://github.com/JuliaLinearAlgebra/Arpack.jl/commit/e8ecff2cc4aac0742d26a14bc9955d49965ea26c ,Update ArnoldiMethod.jl link in README.md,2024-02-13 15:08:48+00:00
KartikTalwar/gmail.js,a20b7617e14c310d8d7696cc5b52ee6e6c17d450,https://github.com/KartikTalwar/gmail.js/commit/a20b7617e14c310d8d7696cc5b52ee6e6c17d450 ,Fix CI/CD badge and typos. (#807),2025-03-02 18:38:33+00:00
KordingLab/KordingLab.github.io,f142bc3c8877870bdbdd3a6b2bfbcd4ef321781c,https://github.com/KordingLab/KordingLab.github.io/commit/f142bc3c8877870bdbdd3a6b2bfbcd4ef321781c ,"Update Kording Lab website with new content and improvements

- Added comprehensive lab description to homepage above team photo
- Reduced team photo size to 50%
- Removed collaborators section from About page
- Added 2023-2025 publications to publications page
- Created new C4R (Community for Rigor) page
- Added C4R to main navigation
- Added Internal section to README with detailed instructions for students
- Improved documentation for adding/removing lab members",2025-08-25 18:05:24+00:00
MUME/MMapper,0982e9bb4a408c18cf50c04caec71a66dc095974,https://github.com/MUME/MMapper/commit/0982e9bb4a408c18cf50c04caec71a66dc095974 ,update README,2025-02-08 05:14:56+00:00
MUME/MMapper,f3e1c78e44870fa2914866df8f93fa32936d542a,https://github.com/MUME/MMapper/commit/f3e1c78e44870fa2914866df8f93fa32936d542a ,replace AppVeyor with Github Actions and remove Unity builds,2025-02-08 05:14:56+00:00
MUME/MMapper,44fe713cd1f09b0e7b3b8f3607f497fd5592a5c0,https://github.com/MUME/MMapper/commit/44fe713cd1f09b0e7b3b8f3607f497fd5592a5c0 ,convert GitHub wiki to BUILD.md,2025-07-31 20:32:53+00:00
MicrosoftDocs/dynamics-365-unified-operations-public,8e191bbd703b12018b2295702b054c241ae20178,https://github.com/MicrosoftDocs/dynamics-365-unified-operations-public/commit/8e191bbd703b12018b2295702b054c241ae20178 ,"Fix typo

Github -> GitHub",2025-02-20 13:43:43+00:00
MisterPhilip/omnibug,8636ef5a47a767baf58f70275b93c961dcf48b26,https://github.com/MisterPhilip/omnibug/commit/8636ef5a47a767baf58f70275b93c961dcf48b26 ,Update CONTRIBUTING.md (#285),2025-01-28 01:35:44+00:00
NYCPlanning/labs-community-profiles,028f303aa197550e37d9fbbf33baeeb183fbd55c,https://github.com/NYCPlanning/labs-community-profiles/commit/028f303aa197550e37d9fbbf33baeeb183fbd55c ,Updated top 3 issues for FY2025,2024-02-26 16:09:43+00:00
OPM/opm-simulators,2b11327e8f785b5104a44b3e799ea643b731a74c,https://github.com/OPM/opm-simulators/commit/2b11327e8f785b5104a44b3e799ea643b731a74c ,"Update README.md

Added links to the manual and mailing list, updated some outdated items.",2024-12-03 06:43:33+00:00
OPM/opm-simulators,3973c3e2b1006ecdf2472e9a1810a9d94dd5b67b,https://github.com/OPM/opm-simulators/commit/3973c3e2b1006ecdf2472e9a1810a9d94dd5b67b ,"Pre-commit framework

This is an alternative to #6432 that used manual pre-commit hooks.",2025-09-18 12:22:29+00:00
OPM/opm-simulators,34e3c59d17e6ab3f422bc6d1e1157ffd072239b8,https://github.com/OPM/opm-simulators/commit/34e3c59d17e6ab3f422bc6d1e1157ffd072239b8 ,Separate out CONTRIBUTING section from README.md,2025-09-18 12:45:20+00:00
OPM/opm-simulators,46eac8c726a7ac6258c2f73d1ef19f137bda576d,https://github.com/OPM/opm-simulators/commit/46eac8c726a7ac6258c2f73d1ef19f137bda576d ,Add CONTRIBUTING.md file,2025-09-18 12:48:23+00:00
OPM/opm-simulators,c1fd071ee39fa49a250bb484574f5060e3bbb84d,https://github.com/OPM/opm-simulators/commit/c1fd071ee39fa49a250bb484574f5060e3bbb84d ,"Update CONTRIBUTING.md based on reviewer feedback

  - Fix brace style: opening brace on next line for functions/classes
  - Add guidance to format only modified lines in existing files
  - Add Building section with link to OPM build docs
  - Include input data deck in issue reporting requirements",2025-09-18 13:47:25+00:00
OPM/opm-simulators,cb722600be1aa9d156cce068ba0df98e4da5cb9d,https://github.com/OPM/opm-simulators/commit/cb722600be1aa9d156cce068ba0df98e4da5cb9d ,Explain what pre-commit is used for,2025-09-19 08:11:59+00:00
OPM/opm-simulators,8018ed28a9f117de6791975df8a46808ec54f398,https://github.com/OPM/opm-simulators/commit/8018ed28a9f117de6791975df8a46808ec54f398 ,Remove sentence about reviewing the manual,2025-09-19 08:29:31+00:00
OPM/opm-simulators,ebe46515a58c5aac66081497ca21eb1e0192c1d4,https://github.com/OPM/opm-simulators/commit/ebe46515a58c5aac66081497ca21eb1e0192c1d4 ," Changes order: clone offical then add fork

  - Change fork/clone workflow to clone from official repo first
  - Update remotes: 'origin' for official repo, 'fork' for user fork",2025-09-19 08:41:47+00:00
OPM/opm-simulators,80496bd4c6b050a5979ba0f1ed859f344d1adb1f,https://github.com/OPM/opm-simulators/commit/80496bd4c6b050a5979ba0f1ed859f344d1adb1f ,Add emacs clang-format instruction,2025-09-19 08:46:35+00:00
OPM/opm-simulators,50b3d59b79f815166afd27deb43d6c2862d3f42f,https://github.com/OPM/opm-simulators/commit/50b3d59b79f815166afd27deb43d6c2862d3f42f ,"Correct include order

Fix include file order: local → OPM modules → external → system headers last",2025-09-19 08:50:47+00:00
OPM/opm-simulators,2a549e9ad48f0b1aac87b5f39f76be72eff6635f,https://github.com/OPM/opm-simulators/commit/2a549e9ad48f0b1aac87b5f39f76be72eff6635f ,"modernize README.md
add OPM logo banner at the top
Update citing section",2025-09-29 06:13:56+00:00
OPM/opm-simulators,65cd7735ff558ed526ea5582feae02d8c3f9a94a,https://github.com/OPM/opm-simulators/commit/65cd7735ff558ed526ea5582feae02d8c3f9a94a ,remove uninteded diff & capitalization,2025-09-29 06:17:43+00:00
OPM/opm-simulators,665af8ca05907727e3dc5d4d7de1df6b50b2a088,https://github.com/OPM/opm-simulators/commit/665af8ca05907727e3dc5d4d7de1df6b50b2a088 ,"Fix main article link to use DOI

Updated the main article link to point to the DOI.",2025-09-29 12:57:33+00:00
OPM/opm-simulators,30ddacc5c692d77801f01c1d5dcd44d2fe68912b,https://github.com/OPM/opm-simulators/commit/30ddacc5c692d77801f01c1d5dcd44d2fe68912b ,"Extend links

Do not use abbreviated links",2025-09-29 13:39:31+00:00
OPM/opm-simulators,1fd280c68dde9db872394a4d40021a994abaec65,https://github.com/OPM/opm-simulators/commit/1fd280c68dde9db872394a4d40021a994abaec65 ,Removing trailing spaces and adding eol at eof,2025-10-02 08:22:55+00:00
OpenEnergyPlatform/oeplatform,6b3ebf08304d0bdfc1706cc873b56ef3c26aceda,https://github.com/OpenEnergyPlatform/oeplatform/commit/6b3ebf08304d0bdfc1706cc873b56ef3c26aceda ,Update CONTRIBUTING.md,2024-03-14 10:47:32+00:00
OpenEnergyPlatform/oeplatform,850d73c9dfe22c75763714553108c58b59a24095,https://github.com/OpenEnergyPlatform/oeplatform/commit/850d73c9dfe22c75763714553108c58b59a24095 ,Fix small typo,2024-03-20 13:04:18+00:00
OpenEnergyPlatform/oeplatform,a6afda00c8ec8567b8fc9e8e8b87e44e51ab5d48,https://github.com/OpenEnergyPlatform/oeplatform/commit/a6afda00c8ec8567b8fc9e8e8b87e44e51ab5d48 ,formatting - run pre-commit hook for all files,2024-04-10 16:51:40+00:00
OpenEnergyPlatform/oeplatform,ced714d98a5864abaf29fb523e1ddff7e6c97466,https://github.com/OpenEnergyPlatform/oeplatform/commit/ced714d98a5864abaf29fb523e1ddff7e6c97466 ,pre-commit run --all (except .js and .html),2024-05-08 11:20:46+00:00
OpenEnergyPlatform/oeplatform,274fd9e4e7f4d8e16ddc3e1feae715bd74b5f47d,https://github.com/OpenEnergyPlatform/oeplatform/commit/274fd9e4e7f4d8e16ddc3e1feae715bd74b5f47d ,Update README.md,2024-11-19 10:19:16+00:00
OpenEnergyPlatform/oeplatform,cd467f1bd23e4df295201a4a59ddcc3f14a9a2c8,https://github.com/OpenEnergyPlatform/oeplatform/commit/cd467f1bd23e4df295201a4a59ddcc3f14a9a2c8 ,"Update README.md

Remove outdated url",2024-12-14 14:45:42+00:00
OpenEnergyPlatform/oeplatform,4711e90a0289fc4ae6ea6a49b3c3b13793b0f7c4,https://github.com/OpenEnergyPlatform/oeplatform/commit/4711e90a0289fc4ae6ea6a49b3c3b13793b0f7c4 ,Update README.md,2024-12-14 14:46:13+00:00
OpenEnergyPlatform/oeplatform,e6d1359302d4962d282c2319fe96d872fe0ef160,https://github.com/OpenEnergyPlatform/oeplatform/commit/e6d1359302d4962d282c2319fe96d872fe0ef160 ,Add license header #1944,2025-04-10 13:50:10+00:00
OpenEnergyPlatform/oeplatform,3f4901a9c4c7350c544bffab284ff7de1df9b93e,https://github.com/OpenEnergyPlatform/oeplatform/commit/3f4901a9c4c7350c544bffab284ff7de1df9b93e ,Correct name #1944,2025-05-09 07:37:44+00:00
OpenEnergyPlatform/oeplatform,ebe852e61a65427ff355148ad79af9e804ebf41b,https://github.com/OpenEnergyPlatform/oeplatform/commit/ebe852e61a65427ff355148ad79af9e804ebf41b ,Correct names #1944,2025-05-09 07:40:56+00:00
OpenEnergyPlatform/oeplatform,e618394fc5022fc3e8c9cbe0cb7e0c38a86fbb94,https://github.com/OpenEnergyPlatform/oeplatform/commit/e618394fc5022fc3e8c9cbe0cb7e0c38a86fbb94 ,correct names #1944,2025-05-09 08:10:56+00:00
OpenEnergyPlatform/oeplatform,2668dc66dde978b65b26834a3785d29a7eb11499,https://github.com/OpenEnergyPlatform/oeplatform/commit/2668dc66dde978b65b26834a3785d29a7eb11499 ,Correct names #1944,2025-05-13 12:14:37+00:00
OpenEnergyPlatform/oeplatform,179a0a6f9ad22a57a523cd3b3d579bf3d3637047,https://github.com/OpenEnergyPlatform/oeplatform/commit/179a0a6f9ad22a57a523cd3b3d579bf3d3637047 ,mail to github handle #1944,2025-05-14 14:32:45+00:00
OpenEnergyPlatform/oeplatform,5cdcdac2d498d032226da80a23e565f38f6a23ef,https://github.com/OpenEnergyPlatform/oeplatform/commit/5cdcdac2d498d032226da80a23e565f38f6a23ef ,"Fix typo, change mail to handle #1944",2025-05-19 13:28:30+00:00
OpenEnergyPlatform/oeplatform,85cf51e27d290f106ddc9ae1bbb2b1d70dcfb8e6,https://github.com/OpenEnergyPlatform/oeplatform/commit/85cf51e27d290f106ddc9ae1bbb2b1d70dcfb8e6 ,"Fix typos, change mails to handles #1944",2025-05-19 13:51:25+00:00
OpenEnergyPlatform/oeplatform,fbf2cfa6247d06d13ed35398d48276a323c259c7,https://github.com/OpenEnergyPlatform/oeplatform/commit/fbf2cfa6247d06d13ed35398d48276a323c259c7 ,Fix typo #1944,2025-05-19 14:23:35+00:00
OpenEnergyPlatform/oeplatform,e1dd7a15cbee8dc85a688d125b5069f3844092de,https://github.com/OpenEnergyPlatform/oeplatform/commit/e1dd7a15cbee8dc85a688d125b5069f3844092de ,Add mails to handles #1944,2025-05-19 14:43:15+00:00
OpenEnergyPlatform/oeplatform,4385b5b5fa7284428b25bcda1e17e254a2cad17f,https://github.com/OpenEnergyPlatform/oeplatform/commit/4385b5b5fa7284428b25bcda1e17e254a2cad17f ,Add institutes #1944,2025-06-11 11:56:45+00:00
OpenEnergyPlatform/oeplatform,fa47c6edaeedbcf85df29c27663805f9c0e21106,https://github.com/OpenEnergyPlatform/oeplatform/commit/fa47c6edaeedbcf85df29c27663805f9c0e21106 ,Add institutes #1944,2025-06-11 13:47:25+00:00
OpenEnergyPlatform/oeplatform,12a2b5ae0569af40ea193d1fd4d3e2d83ed8991b,https://github.com/OpenEnergyPlatform/oeplatform/commit/12a2b5ae0569af40ea193d1fd4d3e2d83ed8991b ,Delete old README #2044,2025-07-04 10:37:23+00:00
OpenEnergyPlatform/oeplatform,576b4efe2c259ee877fee20bca1c72020538b563,https://github.com/OpenEnergyPlatform/oeplatform/commit/576b4efe2c259ee877fee20bca1c72020538b563 ,autoformat all other md / yml,2025-10-29 14:47:45+00:00
Pushwoosh/pushwoosh-phonegap-plugin,99e93d795db60e8f60244a0147727fe4f543b2e2,https://github.com/Pushwoosh/pushwoosh-phonegap-plugin/commit/99e93d795db60e8f60244a0147727fe4f543b2e2 ,"Pushwoosh Cordova Plugin 8.3.20

https://github.com/Pushwoosh/pushwoosh-phonegap-plugin/releases/tag/8.3.20",2024-01-23 11:23:51+00:00
Pushwoosh/pushwoosh-phonegap-plugin,914ef9cc65d90337c71d3ab3f0272152c408360a,https://github.com/Pushwoosh/pushwoosh-phonegap-plugin/commit/914ef9cc65d90337c71d3ab3f0272152c408360a ,"Pushwoosh Cordova Plugin 8.3.21

https://github.com/Pushwoosh/pushwoosh-phonegap-plugin/releases/tag/8.3.21",2024-01-30 00:53:40+00:00
Pushwoosh/pushwoosh-phonegap-plugin,b5eca27852c514c655103493e7eb206dccf7eaef,https://github.com/Pushwoosh/pushwoosh-phonegap-plugin/commit/b5eca27852c514c655103493e7eb206dccf7eaef ,"Pushwoosh Cordova Plugin 8.3.22

https://github.com/Pushwoosh/pushwoosh-phonegap-plugin/releases/tag/8.3.22",2024-02-14 17:33:37+00:00
Pushwoosh/pushwoosh-phonegap-plugin,54e5928968bdaad15008dacdae9754de846010ed,https://github.com/Pushwoosh/pushwoosh-phonegap-plugin/commit/54e5928968bdaad15008dacdae9754de846010ed ,"Pushwoosh Cordova Plugin 8.3.23

https://github.com/Pushwoosh/pushwoosh-phonegap-plugin/releases/tag/8.3.23",2024-02-15 13:04:22+00:00
Pushwoosh/pushwoosh-phonegap-plugin,8382aedcfb7950340df5838922cc5136866be5d7,https://github.com/Pushwoosh/pushwoosh-phonegap-plugin/commit/8382aedcfb7950340df5838922cc5136866be5d7 ,"Pushwoosh Cordova Plugin 8.3.24

https://github.com/Pushwoosh/pushwoosh-phonegap-plugin/releases/tag/8.3.24",2024-02-19 13:47:53+00:00
Pushwoosh/pushwoosh-phonegap-plugin,b29c775a95005390c3f2292237b4436ee0aeb74e,https://github.com/Pushwoosh/pushwoosh-phonegap-plugin/commit/b29c775a95005390c3f2292237b4436ee0aeb74e ,"Pushwoosh Cordova Plugin 8.3.25

https://github.com/Pushwoosh/pushwoosh-phonegap-plugin/releases/tag/8.3.25",2024-03-04 15:58:36+00:00
Pushwoosh/pushwoosh-phonegap-plugin,d563d635dc2703424242462db51c0d168b4a8457,https://github.com/Pushwoosh/pushwoosh-phonegap-plugin/commit/d563d635dc2703424242462db51c0d168b4a8457 ,"Pushwoosh Cordova Plugin 8.3.26

https://github.com/Pushwoosh/pushwoosh-phonegap-plugin/releases/tag/8.3.26",2024-05-08 13:03:07+00:00
Pushwoosh/pushwoosh-phonegap-plugin,911f7a4cbc9f540b175d61326bcae28ab5413b36,https://github.com/Pushwoosh/pushwoosh-phonegap-plugin/commit/911f7a4cbc9f540b175d61326bcae28ab5413b36 ,"Pushwoosh Cordova Plugin 8.3.27

https://github.com/Pushwoosh/pushwoosh-phonegap-plugin/releases/tag/8.3.27",2024-07-03 06:49:46+00:00
Pushwoosh/pushwoosh-phonegap-plugin,bf654597b7ae860eb500b8e03333d3e039bbdcc3,https://github.com/Pushwoosh/pushwoosh-phonegap-plugin/commit/bf654597b7ae860eb500b8e03333d3e039bbdcc3 ,"Pushwoosh Cordova Plugin 8.3.28

https://github.com/Pushwoosh/pushwoosh-phonegap-plugin/releases/tag/8.3.28",2024-08-27 11:21:19+00:00
Pushwoosh/pushwoosh-phonegap-plugin,bc31e9215c116047ad64da7c8b41512a8b256e6b,https://github.com/Pushwoosh/pushwoosh-phonegap-plugin/commit/bc31e9215c116047ad64da7c8b41512a8b256e6b ,"Pushwoosh Cordova Plugin 8.3.29

https://github.com/Pushwoosh/pushwoosh-phonegap-plugin/releases/tag/8.3.29",2024-09-17 16:23:34+00:00
Pushwoosh/pushwoosh-phonegap-plugin,36c387ee2dab5b847731171ccc6edb24c4003618,https://github.com/Pushwoosh/pushwoosh-phonegap-plugin/commit/36c387ee2dab5b847731171ccc6edb24c4003618 ,"Pushwoosh Cordova Plugin 8.3.30

https://github.com/Pushwoosh/pushwoosh-phonegap-plugin/releases/tag/8.3.30",2024-09-17 17:09:09+00:00
Pushwoosh/pushwoosh-phonegap-plugin,6c1b6aca48764716463e24c48bcc292cda3a568d,https://github.com/Pushwoosh/pushwoosh-phonegap-plugin/commit/6c1b6aca48764716463e24c48bcc292cda3a568d ,"Pushwoosh Cordova Plugin 8.3.31

https://github.com/Pushwoosh/pushwoosh-phonegap-plugin/releases/tag/8.3.31",2024-09-21 09:44:57+00:00
Pushwoosh/pushwoosh-phonegap-plugin,b0a6b10c4afaa1b009c360abb84204c2cd529112,https://github.com/Pushwoosh/pushwoosh-phonegap-plugin/commit/b0a6b10c4afaa1b009c360abb84204c2cd529112 ,"Pushwoosh Cordova Plugin 8.3.32

https://github.com/Pushwoosh/pushwoosh-phonegap-plugin/releases/tag/8.3.32",2024-09-21 09:53:00+00:00
Pushwoosh/pushwoosh-phonegap-plugin,35db2653a9506d75be71fa2c9099f2da9bcdcdb2,https://github.com/Pushwoosh/pushwoosh-phonegap-plugin/commit/35db2653a9506d75be71fa2c9099f2da9bcdcdb2 ,"Pushwoosh Cordova Plugin 8.3.33

https://github.com/Pushwoosh/pushwoosh-phonegap-plugin/releases/tag/8.3.33",2024-09-30 10:15:14+00:00
Pushwoosh/pushwoosh-phonegap-plugin,fcdc42dd7eaa890b9d4835d013ecbd7b31d333fb,https://github.com/Pushwoosh/pushwoosh-phonegap-plugin/commit/fcdc42dd7eaa890b9d4835d013ecbd7b31d333fb ,Release 8.3.34,2024-11-22 12:08:49+00:00
Pushwoosh/pushwoosh-phonegap-plugin,4137be588a58e7aab925475eae0d03baf1f13199,https://github.com/Pushwoosh/pushwoosh-phonegap-plugin/commit/4137be588a58e7aab925475eae0d03baf1f13199 ,Release 8.3.35,2024-12-26 22:01:21+00:00
Pushwoosh/pushwoosh-phonegap-plugin,0fb566c4597b24df1521c1861bdd4deea9614cfd,https://github.com/Pushwoosh/pushwoosh-phonegap-plugin/commit/0fb566c4597b24df1521c1861bdd4deea9614cfd ,Release 8.3.36,2025-02-10 13:23:32+00:00
Pushwoosh/pushwoosh-phonegap-plugin,1ace470d463d09ee96e229aee078325c2d16afd4,https://github.com/Pushwoosh/pushwoosh-phonegap-plugin/commit/1ace470d463d09ee96e229aee078325c2d16afd4 ,Update README.md,2025-02-10 13:33:42+00:00
Pushwoosh/pushwoosh-phonegap-plugin,d156e9e7f39b367005cd86d129f0d01c656941d2,https://github.com/Pushwoosh/pushwoosh-phonegap-plugin/commit/d156e9e7f39b367005cd86d129f0d01c656941d2 ,Update README.md,2025-02-10 13:34:03+00:00
Pushwoosh/pushwoosh-phonegap-plugin,9f2ce2f110fdab79bd7aabf640ee2ac968e4c56e,https://github.com/Pushwoosh/pushwoosh-phonegap-plugin/commit/9f2ce2f110fdab79bd7aabf640ee2ac968e4c56e ,Release 8.3.37,2025-05-18 19:39:33+00:00
Pushwoosh/pushwoosh-phonegap-plugin,591832c7e773854ec5965a7a2da33208a5285cbb,https://github.com/Pushwoosh/pushwoosh-phonegap-plugin/commit/591832c7e773854ec5965a7a2da33208a5285cbb ,Release 8.3.38,2025-05-18 23:36:12+00:00
Pushwoosh/pushwoosh-phonegap-plugin,6595b7b2951d342dd8648095e12854958c4765af,https://github.com/Pushwoosh/pushwoosh-phonegap-plugin/commit/6595b7b2951d342dd8648095e12854958c4765af ,Release 8.3.39,2025-07-30 14:10:58+00:00
Pushwoosh/pushwoosh-phonegap-plugin,b189c690606eecf13f1a36da24b5cdfdbde85b77,https://github.com/Pushwoosh/pushwoosh-phonegap-plugin/commit/b189c690606eecf13f1a36da24b5cdfdbde85b77 ,Release 8.3.40,2025-07-30 15:31:04+00:00
Pushwoosh/pushwoosh-phonegap-plugin,220c5dfc23b9e50cf7e3b52801a41322e8dad402,https://github.com/Pushwoosh/pushwoosh-phonegap-plugin/commit/220c5dfc23b9e50cf7e3b52801a41322e8dad402 ,Release 8.3.41,2025-08-07 09:40:14+00:00
Pushwoosh/pushwoosh-phonegap-plugin,0191512dd87465c0e531b058f72d8c11ed47c64a,https://github.com/Pushwoosh/pushwoosh-phonegap-plugin/commit/0191512dd87465c0e531b058f72d8c11ed47c64a ,Release 8.3.42,2025-09-01 14:44:30+00:00
Pushwoosh/pushwoosh-phonegap-plugin,5440b8853ce3afaf7136e532b67860a9df6d5125,https://github.com/Pushwoosh/pushwoosh-phonegap-plugin/commit/5440b8853ce3afaf7136e532b67860a9df6d5125 ,Release 8.3.43,2025-09-09 08:46:10+00:00
Pushwoosh/pushwoosh-phonegap-plugin,2dc0a59291afbe04aeadff0d4381f8045d031b9b,https://github.com/Pushwoosh/pushwoosh-phonegap-plugin/commit/2dc0a59291afbe04aeadff0d4381f8045d031b9b ,Release 8.3.44,2025-10-01 13:17:44+00:00
Pushwoosh/pushwoosh-phonegap-plugin,1d5e7e88fa4dbdd91060f1bb91fe5ca4929758ac,https://github.com/Pushwoosh/pushwoosh-phonegap-plugin/commit/1d5e7e88fa4dbdd91060f1bb91fe5ca4929758ac ,Release 8.3.45,2025-10-02 10:18:44+00:00
Pushwoosh/pushwoosh-phonegap-plugin,d9a75e41e74a8f19f0fffec10267dda9d9ea15c4,https://github.com/Pushwoosh/pushwoosh-phonegap-plugin/commit/d9a75e41e74a8f19f0fffec10267dda9d9ea15c4 ,Release 8.3.46,2025-10-02 12:38:18+00:00
Pushwoosh/pushwoosh-phonegap-plugin,2506df16bbdf701bcb39cf1a7669627d08422369,https://github.com/Pushwoosh/pushwoosh-phonegap-plugin/commit/2506df16bbdf701bcb39cf1a7669627d08422369 ,Release 8.3.47,2025-10-07 08:35:15+00:00
Pushwoosh/pushwoosh-phonegap-plugin,30265a5332324220e6b83a44b168e193ec3e4f63,https://github.com/Pushwoosh/pushwoosh-phonegap-plugin/commit/30265a5332324220e6b83a44b168e193ec3e4f63 ,Release 8.3.48,2025-10-24 09:07:51+00:00
Pushwoosh/pushwoosh-phonegap-plugin,05a0e337373b99d482343f193ada700f786ae4fd,https://github.com/Pushwoosh/pushwoosh-phonegap-plugin/commit/05a0e337373b99d482343f193ada700f786ae4fd ,Release 8.3.49,2025-10-28 07:18:39+00:00
Pushwoosh/pushwoosh-phonegap-plugin,cb6ccbd708418c3ecf6cbacbd7cb4cc67ab9d641,https://github.com/Pushwoosh/pushwoosh-phonegap-plugin/commit/cb6ccbd708418c3ecf6cbacbd7cb4cc67ab9d641 ,Release 8.3.50,2025-11-11 13:41:39+00:00
Pushwoosh/pushwoosh-phonegap-plugin,857e918b6c1ae8878a3a18952ea95aec5061b958,https://github.com/Pushwoosh/pushwoosh-phonegap-plugin/commit/857e918b6c1ae8878a3a18952ea95aec5061b958 ,Release 8.3.51,2025-11-13 08:05:33+00:00
Pushwoosh/pushwoosh-phonegap-plugin,bb05d42dbf05116bdab31247b8e7628e4237103e,https://github.com/Pushwoosh/pushwoosh-phonegap-plugin/commit/bb05d42dbf05116bdab31247b8e7628e4237103e ,Release 8.3.52,2025-11-13 08:26:55+00:00
Pushwoosh/pushwoosh-phonegap-plugin,7803486def46b5c058f43540bda722f2c115af8e,https://github.com/Pushwoosh/pushwoosh-phonegap-plugin/commit/7803486def46b5c058f43540bda722f2c115af8e ,Release 8.3.53,2025-11-14 13:17:54+00:00
Pushwoosh/pushwoosh-phonegap-plugin,6bbffdd789fdebef844eed5895627b82926127d2,https://github.com/Pushwoosh/pushwoosh-phonegap-plugin/commit/6bbffdd789fdebef844eed5895627b82926127d2 ,Release 8.3.54,2025-11-14 17:55:35+00:00
Pushwoosh/pushwoosh-phonegap-plugin,16eddfebfc0749b872792df170c3819a76c8d4ab,https://github.com/Pushwoosh/pushwoosh-phonegap-plugin/commit/16eddfebfc0749b872792df170c3819a76c8d4ab ,Release 8.3.55,2025-11-19 14:34:53+00:00
Pushwoosh/pushwoosh-phonegap-plugin,3df57f3310576a3110b5d6c7b76527ad9ee6cc03,https://github.com/Pushwoosh/pushwoosh-phonegap-plugin/commit/3df57f3310576a3110b5d6c7b76527ad9ee6cc03 ,Release 8.3.56,2025-11-27 08:22:12+00:00
Pushwoosh/pushwoosh-phonegap-plugin,e68e4d3bf96ff5a788b713436d5e62eb1d44e9a7,https://github.com/Pushwoosh/pushwoosh-phonegap-plugin/commit/e68e4d3bf96ff5a788b713436d5e62eb1d44e9a7 ,Release 8.3.57,2025-12-11 14:05:46+00:00
Pushwoosh/pushwoosh-phonegap-plugin,36fbd1710467a00bf35938442beaddbda7da456a,https://github.com/Pushwoosh/pushwoosh-phonegap-plugin/commit/36fbd1710467a00bf35938442beaddbda7da456a ,Release 8.3.58,2025-12-12 10:02:14+00:00
ROCm/MIOpen,7083accc3532d18d1601f009975e16661e52bd61,https://github.com/ROCm/MIOpen/commit/7083accc3532d18d1601f009975e16661e52bd61 ,"[Doc] Updated links to ROCm Repositories (#2667)

Changed <old-organization> to ""ROCm"".",2024-01-13 07:06:21+00:00
ROCm/MIOpen,3485afe9b106703b75c49fc954bb29bd31d4ee9d,https://github.com/ROCm/MIOpen/commit/3485afe9b106703b75c49fc954bb29bd31d4ee9d ,"[DOC] fix broken links in docs (#2696)

* lwpmiopen_521_correct_doc_issues: fix broken links in docs

* lwpmiopen_521_correct_doc_issues: remove citing",2024-01-30 06:30:29+00:00
ROCm/MIOpen,992a835c210b42d28d33c12ae3c0d245e3b1b6cb,https://github.com/ROCm/MIOpen/commit/992a835c210b42d28d33c12ae3c0d245e3b1b6cb ,Doc cleanup (#2783),2024-03-23 03:16:21+00:00
ROCm/MIOpen,1141e425bf1b01daf5aa48bd185736ff10aa6683,https://github.com/ROCm/MIOpen/commit/1141e425bf1b01daf5aa48bd185736ff10aa6683 ,"Enable hipBLASLt backend for GEMM, and make it the default option for RNN's under specific conditions (#3030)",2024-07-09 18:02:36+00:00
ROCm/MIOpen,1477762768680c3789882f648a0d8ff4a4e25316,https://github.com/ROCm/MIOpen/commit/1477762768680c3789882f648a0d8ff4a4e25316 ,[Doc] Add readme note and metadata (#3328),2024-10-22 23:09:11+00:00
ROCm/MIOpen,701a45e04007864f1f7560b37cca31d8a8e0bf16,https://github.com/ROCm/MIOpen/commit/701a45e04007864f1f7560b37cca31d8a8e0bf16 ,"Update README.md (#3381)

Fix https://github.com/ROCm/MIOpen/issues/2688

Precompiled Kernel Package name has changed.",2024-12-03 20:20:22+00:00
ROCm/MIOpen,0a7bccfbb90a8de4d795effaeb3dd9f2a83c3246,https://github.com/ROCm/MIOpen/commit/0a7bccfbb90a8de4d795effaeb3dd9f2a83c3246 ,"Automated gtest formatting checks (#3370)

* gtest formatting check

* clang-fix

* cmd dir

* scm step

* labelsnode

* directory-jenkins

* debug pwd

* fixing pwd in jenkins

* python-gtest-checker

* regex+jenkins

* regex for Test_Type

* jenkins-step-run-test

* error messaging format

* testing ci run

* cleanup

* dir fix

* allowed uninstantiated suites

* clang

* finnalizing + ci run through

* addressing reviews

* Addressing review + comments

---------

Co-authored-by: Reid Kawaja <reid.kawaja@amd.com>",2025-03-06 16:56:39+00:00
ROCm/MIOpen,5518f2484d585477ef42c699ebac8a47ff680a11,https://github.com/ROCm/MIOpen/commit/5518f2484d585477ef42c699ebac8a47ff680a11 ,"command 'clang-format-10' replaced (#3832)

* docs/sphinx clean up

* Command 'clang-format-10' replaced

---------

Co-authored-by: BrianHarrisonAMD <169072757+BrianHarrisonAMD@users.noreply.github.com>",2025-07-11 22:26:21+00:00
ROCm/MIOpen,47c33da2b123578497995ecee886ffde88703aab,https://github.com/ROCm/MIOpen/commit/47c33da2b123578497995ecee886ffde88703aab ,update readme to link to formatting wiki and provide easiest way to format repo.  Add pull request template. (#3878),2025-07-15 16:25:26+00:00
ROCm/MIOpen,5123480a60609ef9561c582a784a5151b3bec765,https://github.com/ROCm/MIOpen/commit/5123480a60609ef9561c582a784a5151b3bec765 ,Migrating MIOpen,2025-07-28 18:49:07+00:00
RustAudio/rust-jack,7d9b94efe7f3abcc442a099ab2dab553be948aa7,https://github.com/RustAudio/rust-jack/commit/7d9b94efe7f3abcc442a099ab2dab553be948aa7 ,Migrate README to markdown.,2024-09-09 04:43:28+00:00
RustAudio/rust-jack,da38704e267ca528d871167d944d39248409f866,https://github.com/RustAudio/rust-jack/commit/da38704e267ca528d871167d944d39248409f866 ,Update README.md (#205),2024-09-09 14:28:59+00:00
RustAudio/rust-jack,23ac4a543503ff065cff0bafacea5e4d6936c4b9,https://github.com/RustAudio/rust-jack/commit/23ac4a543503ff065cff0bafacea5e4d6936c4b9 ,"Add documentation (#207)

* Add documentation.
* Autopublish on push to main branch.",2024-09-12 05:26:42+00:00
RustAudio/rust-jack,02a5936b0db70b5ce9b46ea4c2a56ca638369d9f,https://github.com/RustAudio/rust-jack/commit/02a5936b0db70b5ce9b46ea4c2a56ca638369d9f ,Link to both docs.rs and github page for documentation.,2024-09-12 15:23:37+00:00
RustAudio/rust-jack,8dcc07d78a57c6964e90d024a2c59c2bcbf5d02e,https://github.com/RustAudio/rust-jack/commit/8dcc07d78a57c6964e90d024a2c59c2bcbf5d02e ,"Refactor testing (#210)

* Overhaul testing.",2024-09-14 23:07:52+00:00
RustAudio/rust-jack,488a12a57c4ea8163d5b7a00cf78e25906d3f51f,https://github.com/RustAudio/rust-jack/commit/488a12a57c4ea8163d5b7a00cf78e25906d3f51f ,"Remove sleeps from tests. (#213)

* Remove sleeps.
* Increase timeouts.",2024-09-15 02:55:11+00:00
SciTools/iris,6928d4b9740f1aba93192d82b705731d34cfa7e9,https://github.com/SciTools/iris/commit/6928d4b9740f1aba93192d82b705731d34cfa7e9 ,"Run linkchecks regularly, instead of on PRs (#6386)

* Add lychee-based linkcheck workflow.

* Remove old nox-based per-PR linkcheck.

* Remove nox-linkcheck from python-version-checks test.

* Configure manifest to exclude the linkcheck ignores file.

* Update .github/workflows/ci-linkchecks.yml

Co-authored-by: Martin Yeo <40734014+trexfeathers@users.noreply.github.com>

* Update .github/workflows/ci-linkchecks.yml

Co-authored-by: Martin Yeo <40734014+trexfeathers@users.noreply.github.com>

* Add links badge to README.

* Test urls in all files python, exclude or replace failing urls in python.

* Run checks every day, including weekends.

* Apply Iris-friendly labels to linkcheck failure Issues.

---------

Co-authored-by: Martin Yeo <40734014+trexfeathers@users.noreply.github.com>",2025-03-28 12:06:46+00:00
SciTools/iris,16c6a33a6930ead8540b3ea0234712a1c395b579,https://github.com/SciTools/iris/commit/16c6a33a6930ead8540b3ea0234712a1c395b579 ,"social: migrate from x to bluesky (#6237)

* social: migrate from x to bluesky

* added whatsnew",2025-05-13 13:17:07+00:00
Screenly/Anthias,503498e92ff06a98d6b7e89491d87c29180e1585,https://github.com/Screenly/Anthias/commit/503498e92ff06a98d6b7e89491d87c29180e1585 ,Fixes the Anthias installer so that it'll work on Debian Bookworm as well (#1836),2024-04-02 06:39:22+00:00
Screenly/Anthias,181013cbaa10bdf48bbf1ea045645aac8e1d0060,https://github.com/Screenly/Anthias/commit/181013cbaa10bdf48bbf1ea045645aac8e1d0060 ,docs: Modify Balena-related documentation.,2024-04-04 20:40:34+00:00
Screenly/Anthias,bdb854b71735f0edc724f92ddd4d1efcfa3cadec,https://github.com/Screenly/Anthias/commit/bdb854b71735f0edc724f92ddd4d1efcfa3cadec ,fix: Fix broken links in `README.md`,2024-04-05 01:43:47+00:00
Screenly/Anthias,4665137ead683c5fec312035bc89fcda974d3156,https://github.com/Screenly/Anthias/commit/4665137ead683c5fec312035bc89fcda974d3156 ,Fixes the Anthias to Screenly migration script (#1932),2024-06-20 18:22:18+00:00
Screenly/Anthias,d8857abf1d97ed6e70c5a1f1570eac91f6dfa594,https://github.com/Screenly/Anthias/commit/d8857abf1d97ed6e70c5a1f1570eac91f6dfa594 ,"Fixes CI badge references so that statuses can be displayed properly (#1954)

* docs: fix CI badge references
* fix: attempt to trigger the unit test job during a `master` push",2024-07-03 17:27:47+00:00
Screenly/Anthias,c0964b77cbce691d4fb4dfc4966d572e9535ef36,https://github.com/Screenly/Anthias/commit/c0964b77cbce691d4fb4dfc4966d572e9535ef36 ,"Edits docs to include experimental features (#2008)

* chore: edit docs to include experimental features
* do minor grammatical error(s) in the installer
* chore: exclude bin/install.sh from the CI workflow trigger",2024-08-06 13:53:08+00:00
Screenly/Anthias,3e4d91c5447df6f50ebd54295f35ef903d5a32cb,https://github.com/Screenly/Anthias/commit/3e4d91c5447df6f50ebd54295f35ef903d5a32cb ,"Overhaul and refactor the installer script (#2028)

* Downgrades `cryptography` from `38.0.2` (now yanked) to `38.0.1`.
* Refactored and cleaned up the installer script
* Used [Charm's gum](https://github.com/charmbracelet/gum) for:
  * Adding cosmetic changes to the script
  * Making the code use less boilerplate",2024-08-20 16:24:39+00:00
Screenly/Anthias,77d527a50c6b38062451c9112ee5656f7d483dff,https://github.com/Screenly/Anthias/commit/77d527a50c6b38062451c9112ee5656f7d483dff ,Modify install script to support install of a specific version (#2026),2024-08-24 21:19:32+00:00
Screenly/Anthias,3ca8d4e2b079494add2df0957e5786a2cdc9138e,https://github.com/Screenly/Anthias/commit/3ca8d4e2b079494add2df0957e5786a2cdc9138e ,"Update documentation (#2037)

* docs: replace old info with up-to-date info
* docs: add follow-up info about the devices where the installer doesn't work",2024-08-27 14:04:03+00:00
Screenly/Anthias,37f4d747445b28f2c3b1d267a133dc5fb23cb977,https://github.com/Screenly/Anthias/commit/37f4d747445b28f2c3b1d267a133dc5fb23cb977 ,Add support for x86 devices (#2048),2024-09-19 16:24:23+00:00
Screenly/Anthias,6ffd239cf38c1accae1b31681b8b3f52534295b5,https://github.com/Screenly/Anthias/commit/6ffd239cf38c1accae1b31681b8b3f52534295b5 ,"Apply minor changes for x86 (#2074)

* docs: update docs for supported OS for x86
* fix: rename ""Raspberry Pi Model"" to ""Device Model""",2024-09-20 20:39:29+00:00
Screenly/Anthias,e8bac58e8cb6b375438fad43f9abe804a027f32d,https://github.com/Screenly/Anthias/commit/e8bac58e8cb6b375438fad43f9abe804a027f32d ,doc: modify overview so that x86 is included in the list of supported devices (#2076),2024-09-30 19:25:02+00:00
Screenly/Anthias,a74c03764a02f0ddef12ebeda38230d77b42847f,https://github.com/Screenly/Anthias/commit/a74c03764a02f0ddef12ebeda38230d77b42847f ,Adds SBOM generation,2024-10-21 13:08:44+00:00
Screenly/Anthias,70afe9ba49d42f8a050cce2faaf2a963cd4a8bb7,https://github.com/Screenly/Anthias/commit/70afe9ba49d42f8a050cce2faaf2a963cd4a8bb7 ,chore(cleanup): remove workflow related to the `experimental` branch (#2101),2024-10-22 16:08:37+00:00
Screenly/Anthias,988dfdeda5914bede2b32a3385e31cde37fb0dc5,https://github.com/Screenly/Anthias/commit/988dfdeda5914bede2b32a3385e31cde37fb0dc5 ,"Update the documentation about using the BalenaOS images. (#2106)

* add details about installing Anthias via Balena-based images
* docs: modify docs on accessing API docs",2024-11-01 16:46:03+00:00
Screenly/Anthias,f019fd6c277d486eb8e79a01c84d3a7b2c6c5c6b,https://github.com/Screenly/Anthias/commit/f019fd6c277d486eb8e79a01c84d3a7b2c6c5c6b ,docs: make use of alerts in Markdown files (#2110),2024-11-04 22:11:03+00:00
Screenly/Anthias,c8396af84e9c9bdd339f093861aff312f05b9551,https://github.com/Screenly/Anthias/commit/c8396af84e9c9bdd339f093861aff312f05b9551 ,Fixes logo. Adds attestation.,2024-11-08 13:43:44+00:00
Screenly/Anthias,15197ebc93b6cfe1acd77ec0a3b1c649916ee22d,https://github.com/Screenly/Anthias/commit/15197ebc93b6cfe1acd77ec0a3b1c649916ee22d ,Fixes link,2024-11-08 13:49:50+00:00
Screenly/Anthias,4b87764d73132fe3cc2c4d04681e819015ef6d46,https://github.com/Screenly/Anthias/commit/4b87764d73132fe3cc2c4d04681e819015ef6d46 ,"docs: make `README.md` shorter (#2112)

* Put installation and migration docs into separate Markdown files.
* docs: update assets migration docs",2024-11-08 15:13:27+00:00
Screenly/Anthias,293e7a0cd0d01588612aa19e35ff58313bf232e9,https://github.com/Screenly/Anthias/commit/293e7a0cd0d01588612aa19e35ff58313bf232e9 ,feat: link the Anthias Version field to a GitHub commit page (#2113),2024-11-08 15:39:07+00:00
Screenly/Anthias,42a8207c155bbbf75d172d8f4833c9b47f0b6676,https://github.com/Screenly/Anthias/commit/42a8207c155bbbf75d172d8f4833c9b47f0b6676 ,docs: update docs about supported platforms (Pi and x86 devices) (#2126),2024-11-15 15:21:18+00:00
Screenly/Anthias,ae935cadc79ae6b85b0c8f4ad8b5db629777a6c0,https://github.com/Screenly/Anthias/commit/ae935cadc79ae6b85b0c8f4ad8b5db629777a6c0 ,docs: fix broken Sbomify link in `README.md` (#2128),2024-11-15 16:23:23+00:00
Screenly/Anthias,442645a737fc816674e1875ebd6ced07bb3c074b,https://github.com/Screenly/Anthias/commit/442645a737fc816674e1875ebd6ced07bb3c074b ,"docs: add details on how to install Debian 12 on x86 (#2132)

* docs: add details on how to install Debian 12 on x86
* docs: fix spelling and formatting issues
* docs: add links/shortcuts in `README.md`",2024-11-18 16:07:46+00:00
Screenly/Anthias,4f0f8e5a206823a180661edb23a04b48933c4f70,https://github.com/Screenly/Anthias/commit/4f0f8e5a206823a180661edb23a04b48933c4f70 ,Adds support for Raspberry Pi 5 (#1868),2024-12-20 07:30:58+00:00
Screenly/Anthias,ad0566c1d63efe76915d1e01fb2dc611baae6bd4,https://github.com/Screenly/Anthias/commit/ad0566c1d63efe76915d1e01fb2dc611baae6bd4 ,"docs: add more details about WebView and Pi 5 compatibility (#2166)

* docs: add a quick link to the WebView docs from `README.md`
* docs: update website details",2024-12-20 16:19:39+00:00
Screenly/Anthias,1aca5dff65dc01ec796a7b29810e2d6143bafe00,https://github.com/Screenly/Anthias/commit/1aca5dff65dc01ec796a7b29810e2d6143bafe00 ,"docs: update `README.md` (#2173)

* docs: change color of version badge to purple
* docs: highlight the support for Raspberry Pi 5 devices",2024-12-23 19:08:53+00:00
Screenly/Anthias,13073e3597680d9d3b90dc5693c799c22e2a9f3e,https://github.com/Screenly/Anthias/commit/13073e3597680d9d3b90dc5693c799c22e2a9f3e ,chore: split website and rpi-image code into separate directories (#2180),2025-01-15 15:20:33+00:00
Screenly/Anthias,fe0473dfd54dbf02991b1e95ad0d7ed5b8b0fa3a,https://github.com/Screenly/Anthias/commit/fe0473dfd54dbf02991b1e95ad0d7ed5b8b0fa3a ,chore(ci): create a `CONTRIBUTING.md` file (#2277),2025-05-06 19:44:34+00:00
Screenly/Anthias,21f8a4d92b92038935da5a505875ce68756465f2,https://github.com/Screenly/Anthias/commit/21f8a4d92b92038935da5a505875ce68756465f2 ,docs: include using the `tests` label in `CONTRIBUTING.md` (#2383),2025-07-05 05:11:30+00:00
Screenly/Anthias,4591206466381273690d7660344d227ce487d03f,https://github.com/Screenly/Anthias/commit/4591206466381273690d7660344d227ce487d03f ,docs: add note that Trixie is not yet supported (#2531),2025-10-10 16:49:07+00:00
SpectoLabs/hoverfly,09ea7d92925fd04727c6eaa95c979a1a9fc8444e,https://github.com/SpectoLabs/hoverfly/commit/09ea7d92925fd04727c6eaa95c979a1a9fc8444e ,"Update README.md

Changed copyright and link to iOCO",2024-03-19 20:12:46+00:00
SpectoLabs/hoverfly,d6b5df4c8223a0a4984324e7ec6ee6f37423ff53,https://github.com/SpectoLabs/hoverfly/commit/d6b5df4c8223a0a4984324e7ec6ee6f37423ff53 ,"Update README.md

Changed specto.io to ioco.uk",2024-08-14 11:26:30+00:00
SpectoLabs/hoverfly,bd9c1816b797aac8b3ad92b6f0db23ec8a9fce13,https://github.com/SpectoLabs/hoverfly/commit/bd9c1816b797aac8b3ad92b6f0db23ec8a9fce13 ,"Copyright info update (#1168)

* update copyright, maintainer info, contacts.

* typo fix

* Copyright info

---------

Co-authored-by: marcoioco <marco@hoverfly.io>",2025-01-12 11:33:40+00:00
SpectoLabs/hoverfly,c93e44314125a48737c711ee6150189b700704e4,https://github.com/SpectoLabs/hoverfly/commit/c93e44314125a48737c711ee6150189b700704e4 ,"update copyright info (#1172)

* update copyright info

* update test

* update test

* update test

---------

Co-authored-by: marcoioco <marco@ip-192-168-15-181.eu-west-1.compute.internal>",2025-01-24 15:34:37+00:00
SpectoLabs/hoverfly,ae6b759fee9722f54d80380ca0b70b0f07b0b349,https://github.com/SpectoLabs/hoverfly/commit/ae6b759fee9722f54d80380ca0b70b0f07b0b349 ,update README discussions badge and remove mailing list,2025-03-25 09:23:59+00:00
SpiNNakerManchester/SpiNNMan,32be292edd95e6badc732f4bd2b57ac4476aa835,https://github.com/SpiNNakerManchester/SpiNNMan/commit/32be292edd95e6badc732f4bd2b57ac4476aa835 ,info for release 7.4.1,2025-10-16 16:46:11+00:00
SpiNNakerManchester/SpiNNMan,7d1324a57929d31058ba447057354dc53f0a31e7,https://github.com/SpiNNakerManchester/SpiNNMan/commit/7d1324a57929d31058ba447057354dc53f0a31e7 ,remove coverall badge,2025-10-17 06:15:08+00:00
SpiNNakerManchester/SpiNNMan,29f8f46e530d30fe42c98344ec089a0712735642,https://github.com/SpiNNakerManchester/SpiNNMan/commit/29f8f46e530d30fe42c98344ec089a0712735642 ,info for release 7.4.2,2025-10-17 08:27:21+00:00
TeleMidia/ginga,3b490c8ed130d76537133477ea1996bbca400051,https://github.com/TeleMidia/ginga/commit/3b490c8ed130d76537133477ea1996bbca400051 ,Update README.md,2024-11-18 13:44:35+00:00
TeleMidia/ginga,1bde90746fc6b88948290f0ac2457b5011933ab2,https://github.com/TeleMidia/ginga/commit/1bde90746fc6b88948290f0ac2457b5011933ab2 ,Update README.md,2024-11-25 11:36:16+00:00
UCL/STIR,a4c49f9e928844042d759a253c6b6902bb430270,https://github.com/UCL/STIR/commit/a4c49f9e928844042d759a253c6b6902bb430270 ,add doc on clang-format process,2024-02-06 09:51:49+00:00
academic-moodle-cooperation/moodle-mod_publication,0b014150c59b3c802c854ff7606f0c3cab4b6897,https://github.com/academic-moodle-cooperation/moodle-mod_publication/commit/0b014150c59b3c802c854ff7606f0c3cab4b6897 ,fix more bugs,2024-01-10 11:54:04+00:00
academic-moodle-cooperation/moodle-mod_publication,5caaa404081f85ffcd27cf038b703ac7355750ad,https://github.com/academic-moodle-cooperation/moodle-mod_publication/commit/5caaa404081f85ffcd27cf038b703ac7355750ad ,Update README.md,2024-01-23 19:57:43+00:00
academic-moodle-cooperation/moodle-mod_publication,e90cf3711d34c2618a5d58db8124d31ca18801b7,https://github.com/academic-moodle-cooperation/moodle-mod_publication/commit/e90cf3711d34c2618a5d58db8124d31ca18801b7 ,"Update 2 files

- /README.md
- /CHANGELOG.md",2025-07-31 08:46:52+00:00
aerospike/aerospike-client-ruby,60759791939dc6db701107123bc3b3e867c408ff,https://github.com/aerospike/aerospike-client-ruby/commit/60759791939dc6db701107123bc3b3e867c408ff ,[CLIENT-3055] Remove Unsupported Server Features (Predexp and BatchDirect),2024-07-24 17:03:03+00:00
aerospike/aerospike-client-ruby,40ff3fbd5b7793e30d24d5fdb30d412f01325dc5,https://github.com/aerospike/aerospike-client-ruby/commit/40ff3fbd5b7793e30d24d5fdb30d412f01325dc5 ,Update README.md,2025-10-03 18:26:18+00:00
agrestio/agrest,3efdbdb618050f5207f0cf3dad5589a39b505d9a,https://github.com/agrestio/agrest/commit/3efdbdb618050f5207f0cf3dad5589a39b505d9a ,"no change, initiating CI/CD build",2024-06-26 15:22:59+00:00
airbnb/epoxy,0824c3188fa571db6867fde09edcd74d9f1b38d2,https://github.com/airbnb/epoxy/commit/0824c3188fa571db6867fde09edcd74d9f1b38d2 ,"Migrate to KSP 2 and Kotlin 2.2.21 (#1393)

* Upgrade Kotlin 2.2.21, KSP 2.2.21-2.0.4, AGP 8.13.0, Gradle 8.13, Java 17

- Add Compose Compiler Gradle plugin for Kotlin 2.0+ compatibility
- Migrate to namespaces in build.gradle (remove package from AndroidManifest)
- Replace compileOptions/kotlinOptions with kotlin { jvmToolchain(17) }
- Remove deprecated android.databinding.incremental and dexOptions

* Migrate to KSP 2 and update dependencies

- Update Paris to 2.1.0
- Update Mockito to 5.20.0
- Update google-compile-testing to 0.23.0
- Replace kotlin-compile-testing with kctfork
- Add KSP AA Embeddable dependency
- Migrate from deprecated KSP APIs to new ConfigureKsp extension
- Replace legacy @Xopt-in flags with @opt-in
- Migrate from XAnnotationBox to direct XAnnotation API
- Update minSdkVersion
- Fix resource references to use fully qualified names
- Remove unused BuildConfig imports from tests
- Update annotation processing to use new XProcessing APIs

* Fix KSP 2.0 type name resolution issues

Two critical bugs were fixed to make KSP 2.0 compatible:

1. Fixed memoization cache key collision
   - Problem: In KSP 2.0, types with different wildcards
     (e.g., List<CharSequence> vs List<? extends CharSequence>)
     have identical equals()/hashCode() but different typeName
   - Solution: Changed cache key from XType to TypeName in Memoizer
   - Files: Memoizer.kt

2. Fixed kotlin.Unit being mapped to java.lang.Void
   - Problem: kotlin.Unit was converted to java.lang.Void via
     JVM signature 'V'
   - Solution: Added special case to preserve kotlin.Unit before
     JVM signature conversion
   - Files: TypeNameWorkaround.kt

These fixes restore compatibility with variance projections
(? extends, ? super) and Kotlin function types in KSP 2.0.

* Fix tests for KSP 2.0 private field code generation behavior

Updated two tests that were failing due to changes in KSP 2.0 code generation:
- defaults_kspDoesNotThrowForPrivateValue → defaults_kspGeneratesCodeForPrivateValue
- testFieldPropNotThrowsIfPrivate_ksp → testFieldPropGeneratesCodeForPrivate_ksp

Previously (KSP 1.x), no code was generated for private fields and tests passed.
Now (KSP 2.x), code is generated that references private fields, causing
compilation errors. The code generation itself works correctly, so we ignore
the compilation error with ignoreCompilationError = true.

* Fix Function3 variance in test to match Kotlin declaration-site variance

Updated TestManyTypesView to use proper contravariant types for Function3
parameters, matching how Kotlin stdlib defines Function3<in P1, in P2, in P3, out R>.

KSP 2.x correctly reads declaration-site variance from Kotlin types and
generates `? super` wildcards for contravariant parameters. The test source
and expected outputs now reflect this correct behavior.

Changes:
- TestManyTypesView.java: Updated setFunction signature to use
  Function3<? super Integer, ? super Integer, ? super Integer, Integer>
- TestManyTypesViewModel_.java: Updated expected output to match

* Fix KSP wildcard handling test by adding missing AirEpoxyModel dependency

Resolves ""Symbol not found for /AirEpoxyModel"" error in wildcardHandling test.
The test was failing because it referenced AirEpoxyModel as the base class but
the required class file was not included in the test inputs. Added AirEpoxyModel.java
to test resources and updated test to include it in input files.

* Fix KSP Paris test by adding missing modelViewWithParisStyle import

The testStyleableViewKotlinSources_ksp test was failing because the Paris
extension function modelViewWithParisStyle is generated in the
com.airbnb.paris.extensions package, but the test source file was missing
the required import statement. Added the import to fix the ""Unresolved
reference"" compilation error.

* Disable MutableCollectionMutableState lint check to fix crash

The MutableCollectionMutableStateDetector from androidx.compose.runtime.lint
crashes with NullPointerException when trying to access
KotlinUastResolveProviderService during lint analysis. This is a compatibility
issue with the current KSP/Kotlin setup.

* Fix lint NewApi error in epoxy-sample and update Deprecated annotation format

- Add tools:targetApi=""28"" to AndroidManifest to suppress CoreComponentFactory API level warning
- Update @Deprecated annotation in ModelWithAnnotation_ to include since and forRemoval parameters

* Fix KSP2 invalid lifetime access crash in error logging

In KSP2, PSI elements become invalid after a processing round completes.
When Logger.writeExceptions() tried to pass XElement to messager during
error reporting, it crashed with KaInvalidLifetimeOwnerAccessException.

Solution inspired by paris-processor approach:
- Extract element location info immediately when exception is created
  (while PSI is still valid)
- Store location details as string in exception message
- Don't pass XElement to messager, only print the formatted message

Changes:
- EpoxyProcessorException: Extract element name and enclosing element
  info in constructor and append to message
- Logger.writeExceptions(): Remove element parameter from messager call,
  rely on location info already embedded in exception message

* Add KSP documentation to README

* Fix non-deterministic annotation generation by using declaredAnnotationValues

The xprocessing library's XAnnotation.annotationValues property exhibits
non-deterministic behavior in KSP, sometimes returning annotation values
with defaults and sometimes returning an empty list. This caused tests
to fail randomly depending on which values were returned during processing.

Switched to using declaredAnnotationValues instead, which consistently
returns only explicitly declared values (excluding defaults). This approach
mirrors Room's implementation in JavaPoetExt.kt.

This fix eliminates the flakiness where @Deprecated would sometimes be
generated as @Deprecated and sometimes as @Deprecated(since = """", forRemoval = false).

* Update Paris to 2.2.1 to fix KSP2 XProcessing API compatibility

Paris 2.1.0 used an outdated XProcessing API that caused NoSuchMethodError
when processing @Styleable annotations with KSP2.

Paris 2.2.1 updates XProcessing to a compatible version, fixing crashes in
all modules using Paris.

Fixes: https://github.com/airbnb/paris/pull/183

* Update to KSP 2.3.3 and XProcessing 2.8.4

Addresses PR feedback to upgrade dependencies:
- KSP_VERSION: 2.2.21-2.0.4 → 2.3.3 (decouples KSP from Kotlin version)
- XPROCESSING_VERSION: 2.8.3 → 2.8.4 (latest stable release)

KSP 2.3.0 removed KSClassDeclarationJavaImpl, requiring updates to KspResourceScanner.getImports() implementation.

Changes to KspResourceScanner:
- Replace direct access to KSClassDeclarationJavaImpl with navigation through containingFile property to KSFileImpl/KSFileJavaImpl
- Improve getFieldWithReflection() error handling to try getDeclaredMethod() as fallback when getMethod() fails

Note: getImports() is primarily used when fieldType.isError() in ControllerProcessor, which occurs in KAPT/JavaAP but not in KSP due to deferred symbol validation. These changes ensure correctness if the architecture changes or the method is reused elsewhere.

* Limit Java 17 requirement to only DataBinding+KAPT modules

This change minimizes breaking changes for consumers by reverting most
modules back to Java 8/11, keeping Java 17 only where strictly required.

Background:
- AGP 8.13.0's DataBinding parser classes are compiled with Java 17
- When KAPT is used with DataBinding, KAPT loads these parser classes
- KAPT runs in a JVM specified by kotlin.jvmToolchain()
- If jvmToolchain < 17, loading fails with UnsupportedClassVersionError

Why modules were reverted:
- Modules WITHOUT KAPT process DataBinding via AGP directly in Gradle
  daemon, so they don't need jvmToolchain(17)
- Pure library modules without DataBinding layouts never load parser
  classes, so they can safely use Java 8/11

Modules keeping Java 17 (KAPT + DataBinding):
- epoxy-integrationtest
- epoxy-processortest
- epoxy-sample
- kotlinsample

Modules reverted to Java 8/11:
- epoxy-annotations: Java 8
- epoxy-compose: Java 8
- epoxy-databinding: Java 8
- epoxy-modelfactory: Java 8
- epoxy-processortest2: Java 8
- epoxy-adapter: Java 11 (epoxy-processor)
- epoxy-glide-preloader: Java 11 (epoxy-processor)
- epoxy-paging3: Java 11 (epoxy-processor)
- epoxy-viewbinder: Java 11 (epoxy-processor)
- epoxy-processor: Java 11 (xProcessing)
- epoxy-composeinterop-maverickssample: Java 11 (paris/epoxy-processor)
- epoxy-composesample: Java 11 (paris/epoxy-processor)
- epoxy-kspsample: Java 11 (paris/epoxy-processor)
- epoxy-modelfactorytest: Java 11 (epoxy-processor)
- epoxy-preloadersample: Java 11 (epoxy-processor)",2025-11-22 01:33:50+00:00
alakajam-team/alakajam,f0cf89d86699a07ffc45a7a6556af3463af3d878,https://github.com/alakajam-team/alakajam/commit/f0cf89d86699a07ffc45a7a6556af3463af3d878 ,Add quick actions for approving/deleted users,2024-06-15 08:46:59+00:00
alakajam-team/alakajam,e427365a043712843db49844c07325183096edde,https://github.com/alakajam-team/alakajam/commit/e427365a043712843db49844c07325183096edde ,Remove CI tag following disabled CircleCI automation,2025-02-03 21:45:27+00:00
alakajam-team/alakajam,3e5addfc9cb1c948cb0da4f7b9638322ca2b7374,https://github.com/alakajam-team/alakajam/commit/3e5addfc9cb1c948cb0da4f7b9638322ca2b7374 ,Finally upgrade to Webpack 5 to unlock modern NodeJS support,2025-02-03 23:27:24+00:00
anura-engine/anura,4c93f9deca7904be0e130d030fc9853f48a04bc3,https://github.com/anura-engine/anura/commit/4c93f9deca7904be0e130d030fc9853f48a04bc3 ,"Build system overhaul (#332)

Edit by Rotonen: I've ended up hijacking this and this fell victim to
massive scope creep - the below is an edit from me for clarity and
context.

* Submodule Imgui and continue to vendor it in
  * Use upstream Imgui and not the Anura specific fork
* Move the Anura specific extensions of Imgui to the Anura repo and use
the appropriate extension mechanism

* Cleanups
* Chuck truly unused parts (iOS, Android, old external libs, old config,
various build system bits and bobs) out
* Chuck a now-broken OpenGL ES 2.0 renderer (does not compile anymore)
out

* Build system changes on Linux
  * Release builds /w maximum performance
  * Debug builds /w maximum debuggability

* Migrate Linux build system to CMake
* Map all warnings emitted in a way they can be easily peeled off over
time
  * Prevent new warnings from being introduced
  * Dynamic Builds against OS provided libraries
  * Static builds against vcpkg provided libraries for SteamOS

* CI
* Informative builds for dynamic Linux builds against popular
distributions

---------

Co-authored-by: Joni Orponen <joni.orponen@rokki.ch>",2024-09-07 15:54:26+00:00
anura-engine/anura,97723fe135de3601a6f6a8a97a28b69bf67decd5,https://github.com/anura-engine/anura/commit/97723fe135de3601a6f6a8a97a28b69bf67decd5 ,"Split CMake Linux builds (#400)

Simplifying the most commonly used build system entrypoint by isolating
all the Steam runtime static linking nonsense into its own dark corner
in the cellar.

Also paving the road to tackling Windows and macOS with cmake.

This changes the default command to prep the build, but that is
documented in the readme. Local experimentation most welcome during a
review. You might have to remove the untracked directory `CMakeFiles/`
and the untracked file`CMakeCache.txt` as the location of the main build
definition has changed and then `cmake buildsystem/linux-dynamic` should
generate you a `Makefile` for a debug build.",2024-12-08 20:34:24+00:00
anura-engine/anura,5de420d6e57b20d86e3ffc41fd859f5f06c2220d,https://github.com/anura-engine/anura/commit/5de420d6e57b20d86e3ffc41fd859f5f06c2220d ,"Add a smoketest build for Rocky Linux (#427)

Missed the CentOS replacements having spawned in the RHEL universe.

Here is the binary compatible one.

* Added a build for Rocky Linux 8
  * A lot more deprecation warnings raised by clang++
* Added a build for Rocky Linux 9
* A scary compiler warning silenced on http server modules:
https://github.com/llvm/llvm-project/issues/59036
* A new implementation of `FindRT.cmake` was vendored in as upstream
RHEL 9 moved glibc-adjacent things around a bit:
https://docs.redhat.com/en/documentation/red_hat_enterprise_linux/9/html-single/considerations_in_adopting_rhel_9/index#ref_changes-to-dotnet_assembly_compilers-and-development-tools",2025-04-23 05:46:55+00:00
anura-engine/anura,5b1b8f670400b33cd416cc4b07a6e96f35d7958f,https://github.com/anura-engine/anura/commit/5b1b8f670400b33cd416cc4b07a6e96f35d7958f ,"Globally define GLM_ENABLE_EXPERIMENTAL for dynamic linux builds (#411)

For whatever reason, our old code now needs to globally define
`GLM_ENABLE_EXPERIMENTAL` to work with a newer version of GLM in the
build system. This does not appear to break any older builds, but still
flagged it with an `XXX` as a potentially unoptimal thing to eventually
get rid of. In fact it oddly enough re-enabled some of our previously
broken builds.

Used this opportunity to also seek out and better document the tail end
limits of the CI system.

Builds enabled by this:

* Fedora 30
* Fedora 31
* Fedora 41
* Debian 10 / Buster

Buillds potentially enabled by this, but not in the CI:

* Ubuntu 18.04 and older
* The glibc shipped there is too old for node 20 and modern GHA, like
checkout, run on that
* Fedora 29 and older
* Fedora does not ship the `dnf` package manager per default in versions
older than 30
* Debian 9 and older
* The minimal Docker image points at a mirror out of the box, which has
been archived since
* RHEL 7 and older based distros, like CentOS / Scientific Linux /
Oracle Linux
  * RHEL quasi abandoned the old CentOS model
* We cover Rocky and Alma from 8 onwards instead of bothering with the
past

And for the sake of completeness: older SuSe Leap versions are broken
for reasons unrelated to GLM.

I will not commit to complicating the build system any further to allow
for continuously testing for the very long tail of distribution support
as one would start needing per era or per version tricks in the build
matrix and the correct thing for users on those versions is to switch to
a newer OS and move on.",2025-04-27 05:50:48+00:00
anura-engine/anura,b0da6d1e209cc193479d9d4a49b66d40d06d9927,https://github.com/anura-engine/anura/commit/b0da6d1e209cc193479d9d4a49b66d40d06d9927 ,"Add a smoketest build for Alma Linux (#428)

Adding builds for the other ""new CentOS"".",2025-04-27 06:53:03+00:00
anura-engine/anura,2f34129aaf9291fd780eb780da7c11f403b38fce,https://github.com/anura-engine/anura/commit/2f34129aaf9291fd780eb780da7c11f403b38fce ,"Add a smoketest build for Fedora 42 (#431)

* Added missing mention of `-Wno-enum-constexpr-conversion` to the
readme
* GCC is converging towards Clang with regards to what
`-Woverloaded-virtual` flags
* Clang has learned a new trick: `-Wnontrivial-memcall`",2025-06-22 21:18:42+00:00
anura-engine/anura,f6579b7bdd7b1c9f5d31e3a4f50bbfe41025d051,https://github.com/anura-engine/anura/commit/f6579b7bdd7b1c9f5d31e3a4f50bbfe41025d051 ,"Boost updates (#437)

Fix build for newer boost versions. Bumps minimum required boost version
to 1.66.0, with some preprocessor checks to for versions < 1.70.0.

Drop debian buster to fix CI.",2025-07-23 17:32:36+00:00
anura-engine/anura,7d1b6c427bcd44dc92d1ba169fbf0f83bdf4e100,https://github.com/anura-engine/anura/commit/7d1b6c427bcd44dc92d1ba169fbf0f83bdf4e100 ,"Use CMake for vendored deps (#442)

The submodules are quite cumbersome and in the meanwhile CMake allows us
to solve this by hash pinned git clones to git ignored directories.",2025-07-26 14:35:12+00:00
anura-engine/anura,62e2c1692362e09e6cea76a815af454ef4c81754,https://github.com/anura-engine/anura/commit/62e2c1692362e09e6cea76a815af454ef4c81754 ,"Add a build for Debian 13 / Trixie (#412)

Preemptively checking if this works. Mostly out of curiosity.",2025-08-09 23:35:55+00:00
anura-engine/anura,8496c94ea50bc0f0fb5a59059a89d0ea4f2db60c,https://github.com/anura-engine/anura/commit/8496c94ea50bc0f0fb5a59059a89d0ea4f2db60c ,"Replace vcpkg with Conan in the Steam Linux Runtime builds (#445)

In practice vcpkg has proven too flaky and weird to manage and I'd
rather spend the energy on fixing Anura instead of debugging various
transient build efforts.

Additionally with Conan we are able to bump dependencies independently
instead of bumping the whole baseline forward as we have had to with
vcpkg.

Frustrations around finding a common baseline for Steam Linux Runtime,
macOS and Windows is what finally made me motivated enough to go for
this. One effectively has to be lucky around the dependencies randomly
lining up in a baseline across the whole set of dependencies, which
often leads to situations where they effectively remain perpetually
frozen in time. I want to do better.",2025-08-17 20:40:31+00:00
anura-engine/anura,62e8e6fa06e17748e415afbd6bee05e0cb8cded7,https://github.com/anura-engine/anura/commit/62e8e6fa06e17748e415afbd6bee05e0cb8cded7 ,"Properly handle out of tree builds the CMake way (#450)

* Lean on configuration presets for ergonomics
* Drop Debian Bullseye as its CMake is too old to support configuration
presets
* Relativize everything to `${CMAKE_SOURCE_DIR}` instead of
`${CMAKE_BINARY_DIR}` as intended by upstream
* Isolate all transient outputs to a build dir in the `buildsystem`
subtree
* Isolate all outputs to a build dir in the `buildsystem` subtree
* Switch to wrapping the build with `cmake`
* Improved ergonomics for handling the transient `Makefile` being
generated in a deep in the `buildsystem/` subtree
* Future proofing for CMake 4 switching the default build tool from
`make` to `ninja`
* Switch to wrapping the unit tests with `ctest`",2025-09-10 04:00:22+00:00
anura-engine/anura,ea770f8ac09c9f3595e569a5858fd666a982ae95,https://github.com/anura-engine/anura/commit/ea770f8ac09c9f3595e569a5858fd666a982ae95 ,"CI: also cache on Sundays (#454)

As the new eviction policy kicking in mid-October is 10GB or 7d, make
sure we'll always have 10GB of something useful cached up at all times
by also scheduling the cache filling builds to happen on every Sunday.",2025-09-28 23:40:54+00:00
anura-engine/anura,45f49d371b193182c13d230f7e45c5a68182d4b3,https://github.com/anura-engine/anura/commit/45f49d371b193182c13d230f7e45c5a68182d4b3 ,"Add a smoketest build for Fedora 43 (#449)

Released late October.",2025-11-10 18:14:14+00:00
anura-engine/anura,374a6d88cc3949caad268db8fb07f3fccab4b562,https://github.com/anura-engine/anura/commit/374a6d88cc3949caad268db8fb07f3fccab4b562 ,"Add a smoketest build for openSUSE Leap 16.0 (#435)

Putting this already in place as it is expected to be available sometime
in Autumn 2025.",2025-11-10 18:14:19+00:00
anura-engine/anura,b929da99629d315582fec49b1dff39c6f1e5616d,https://github.com/anura-engine/anura/commit/b929da99629d315582fec49b1dff39c6f1e5616d ,"Stop caching on pushes to trunk (#466)

We're causing a CI clogging build storm every time we merge many things
at once.

It's good enough to consume from the weekly scheduled cache build job.",2025-12-06 19:16:33+00:00
anura-engine/anura,9df4469d39fa31f43fc7b29e9153e08f1c4d0f0f,https://github.com/anura-engine/anura/commit/9df4469d39fa31f43fc7b29e9153e08f1c4d0f0f ,"Add a smoketest build for Alma Linux 10 (#433)

Putting this already in place as it is expected to be available within
days.",2025-12-06 19:19:54+00:00
anura-engine/anura,a9cfdf9494b8efe403fd5b634a8a5d416ff7803c,https://github.com/anura-engine/anura/commit/a9cfdf9494b8efe403fd5b634a8a5d416ff7803c ,"Add a smoketest build for Rocky Linux 10 (#434)

Putting this already in place as it is expected to be available within
days.",2025-12-06 19:20:47+00:00
apache/shardingsphere,f2d01b8deb2fef5e052dd1285aa74ac16a7e73d6,https://github.com/apache/shardingsphere/commit/f2d01b8deb2fef5e052dd1285aa74ac16a7e73d6 ,"Add Table of Contents to README (#28885)

* Update README.md

* Update README.md",2024-01-24 10:35:23+00:00
apache/shardingsphere,05668f1d844938b3382afcbd51c60d9ea46ab0fd,https://github.com/apache/shardingsphere/commit/05668f1d844938b3382afcbd51c60d9ea46ab0fd ,"Refactor ShowStatusFromReadwriteSplittingRulesStatement (#29837)

* Refactor ShowStatusFromReadwriteSplittingRulesStatement

* Add MetaDataAwareRQLExecutor

* Add MetaDataAwareRQLExecutor",2024-01-24 12:55:49+00:00
apache/shardingsphere,fd595f522ac1488246eee3b477e8b3e5ca53fbef,https://github.com/apache/shardingsphere/commit/fd595f522ac1488246eee3b477e8b3e5ca53fbef ,Remove : remove the table detail part since it doesn't work (#29945),2024-02-01 02:59:32+00:00
apache/shardingsphere,a58274fba9fd07dc2a0012fa5066398a155b1cff,https://github.com/apache/shardingsphere/commit/a58274fba9fd07dc2a0012fa5066398a155b1cff ,Fix the problem of Landscapes images not displaying on the homepage (#30934),2024-04-17 03:11:15+00:00
apache/shardingsphere,1bb1b3416941145f68fd79301f85598abe72dcd6,https://github.com/apache/shardingsphere/commit/1bb1b3416941145f68fd79301f85598abe72dcd6 ,"Merge 5.5.0 release to master (#31075)

* Change example project version to 5.5.0 for release (#30907)

* Update release note for 5.5.0 (#30909)

* Update release note for 5.5.0

* Update verison

* Fix table meta data not update when use refresh table metadata (#30913) (#30914)

* Update README and downloads link for release (#30915)

* Update the year in NOTICE from 2023 to 2024

* [maven-release-plugin] prepare release 5.5.0

* [maven-release-plugin] prepare for next development iteration

* Update revision to 5.5.1-SNAPSHOT in example

---------

Co-authored-by: zhaojinchao <zhaojinchao@apache.org>",2024-04-30 11:10:45+00:00
apache/shardingsphere,ebb6259e42353b8e2797609b87fd1fc7363bfabe,https://github.com/apache/shardingsphere/commit/ebb6259e42353b8e2797609b87fd1fc7363bfabe ,Add : add ci badge in README (#32259),2024-07-25 06:57:17+00:00
apache/shardingsphere,e9670426bb075c53c44fa33d740ee4ca0fff681a,https://github.com/apache/shardingsphere/commit/e9670426bb075c53c44fa33d740ee4ca0fff681a ,"Add Geographical Distribution of Star, Pull Request Creator and Issue Creator in README (#32750)",2024-08-31 13:14:02+00:00
apache/shardingsphere,04389f18073837db8a690381c60fdfbf4e37c6de,https://github.com/apache/shardingsphere/commit/04389f18073837db8a690381c60fdfbf4e37c6de ,add mariadb (#33199),2024-10-11 00:41:05+00:00
apache/shardingsphere,045e03ec62b9d9e26e32fcb540227c0136c35e84,https://github.com/apache/shardingsphere/commit/045e03ec62b9d9e26e32fcb540227c0136c35e84 ,"Merge 5.5.1 release (#33340)

* Refactor : update the release note for 5.5.1

* Refactor : update the README for 5.5.1

* Refactor : update the example revision for 5.5.1

* Refactor : update the download page for 5.5.1

* [maven-release-plugin] prepare release 5.5.1

* [maven-release-plugin] prepare for next development iteration

* Refactor : update the example revision to NEXT.DEVELOPMENT.VERSION",2024-10-22 03:26:35+00:00
apache/shardingsphere,c66a20cd66a7e6d0f7f7536effddd3573f9e8b1a,https://github.com/apache/shardingsphere/commit/c66a20cd66a7e6d0f7f7536effddd3573f9e8b1a ,Document : update the used count in README (#33752),2024-11-21 06:38:42+00:00
apache/shardingsphere,e07a1f4ed327c9e49f367cde34706dfdea7e159d,https://github.com/apache/shardingsphere/commit/e07a1f4ed327c9e49f367cde34706dfdea7e159d ,Refactor : refactor the docs for release 5.5.2 (#34368),2025-01-16 02:52:40+00:00
apache/shardingsphere,0dca4408bcd53af90a8f0858d1a4dfa9f5c4f3e0,https://github.com/apache/shardingsphere/commit/0dca4408bcd53af90a8f0858d1a4dfa9f5c4f3e0 ,Add AI abstraction section to README files (#35270),2025-04-27 09:36:17+00:00
apache/shardingsphere,c759da2eac8796f56719b32384975c6e84013d95,https://github.com/apache/shardingsphere/commit/c759da2eac8796f56719b32384975c6e84013d95 ,Update section header for AI abstraction in README (#35271),2025-04-27 10:13:54+00:00
apache/shardingsphere,9bb05addd3630f1828d0cab772dd6f7ca3e724c7,https://github.com/apache/shardingsphere/commit/9bb05addd3630f1828d0cab772dd6f7ca3e724c7 ,Update README.md with DeepWiki badge (#35276),2025-05-09 09:57:25+00:00
apache/shardingsphere,c4dcb9c8436a5289bb458e795c7612c099aa78f1,https://github.com/apache/shardingsphere/commit/c4dcb9c8436a5289bb458e795c7612c099aa78f1 ,"Revert ""Update README.md with DeepWiki badge (#35276)"" (#35354)

This reverts commit 9bb05addd3630f1828d0cab772dd6f7ca3e724c7.",2025-05-09 10:10:29+00:00
apache/shardingsphere,1ea185444ff96c7fd67a7962652f560c37296455,https://github.com/apache/shardingsphere/commit/1ea185444ff96c7fd67a7962652f560c37296455 ,update doc for antlr memory usage in JDBC adapter (#36614),2025-09-18 06:17:21+00:00
apache/shardingsphere,b7294b23bc31eebcda69d1c32af2772938e7ccaf,https://github.com/apache/shardingsphere/commit/b7294b23bc31eebcda69d1c32af2772938e7ccaf ,"  Refactor module naming consistency for infra-url components (#37060)

* Refactor module naming consistency for infra-url components

  - Rename shardingsphere-infra-url-type-zookeeper to shardingsphere-infra-url-zookeeper
  - Rename shardingsphere-infra-url-type-etcd to shardingsphere-infra-url-etcd
  - Update dependency references in distribution/jdbc/pom.xml

  This change aligns the naming convention with other infra-url modules
  such as shardingsphere-infra-url-classpath, improving module
  naming consistency across the project.

  🤖 Generated with [Claude Code](https://claude.com/claude-code)

* Update README.md",2025-11-09 16:58:54+00:00
apache/shardingsphere,4d7c66a8b67f1bdb5ce4cde611bec636a507cfa8,https://github.com/apache/shardingsphere/commit/4d7c66a8b67f1bdb5ce4cde611bec636a507cfa8 ,"Refactor StatisticsCollectJobWorker (#37061)

* Refactor StatisticsCollectJobWorker

* Refactor StatisticsCollectJobWorker",2025-11-09 17:14:41+00:00
apache/shardingsphere,184bcb9a81ba0b9391c1a1da426e160d1294fc4d,https://github.com/apache/shardingsphere/commit/184bcb9a81ba0b9391c1a1da426e160d1294fc4d ,Add DeepWiki and Zread badges to README files for enhanced documentation visibility (#37171),2025-11-23 12:55:13+00:00
apache/shardingsphere,b0e7883664b3b9415dd60f1e24f849ec26af8a48,https://github.com/apache/shardingsphere/commit/b0e7883664b3b9415dd60f1e24f849ec26af8a48 ,Update DeepWiki and Zread badges in README files for improved documentation accuracy (#37176),2025-11-25 09:39:32+00:00
bhushankummar/amazon-mws,ecc78ab21f69a52a2d4914de5fd01252c9f175a2,https://github.com/bhushankummar/amazon-mws/commit/ecc78ab21f69a52a2d4914de5fd01252c9f175a2 ,Update README.md,2024-03-23 13:09:09+00:00
bids-standard/bids-validator,fd86b31616aef580d46d51dbf96c86eda5141640,https://github.com/bids-standard/bids-validator/commit/fd86b31616aef580d46d51dbf96c86eda5141640 ,move legacy validator to its own directory.,2024-10-15 19:21:04+00:00
bids-standard/bids-validator,c9ed50cbb714a89431adcdcd06860fdc2b76b7d7,https://github.com/bids-standard/bids-validator/commit/c9ed50cbb714a89431adcdcd06860fdc2b76b7d7 ,in progress README updates,2024-10-15 20:18:58+00:00
bids-standard/bids-validator,6923b6ff2244fa0b8e8d8bcd40d61deb2786dead,https://github.com/bids-standard/bids-validator/commit/6923b6ff2244fa0b8e8d8bcd40d61deb2786dead ,Move dockerfile to base. Deno cli now handles git not existing.,2024-10-24 20:10:17+00:00
bids-standard/bids-validator,4366602cbf47442b75994805402ea7cef438806d,https://github.com/bids-standard/bids-validator/commit/4366602cbf47442b75994805402ea7cef438806d ,De-nodeify CONTRIBUTING,2024-10-31 20:02:44+00:00
bids-standard/bids-validator,05749772703a06714ff8baccb7efcf523de72954,https://github.com/bids-standard/bids-validator/commit/05749772703a06714ff8baccb7efcf523de72954 ,mv bids-validator/* into root,2024-10-31 20:11:02+00:00
bids-standard/bids-validator,e6c62ff8ada3bdb5fd9e5b06f8635c74973d8015,https://github.com/bids-standard/bids-validator/commit/e6c62ff8ada3bdb5fd9e5b06f8635c74973d8015 ,Move project meta-files into .github,2024-11-01 13:30:53+00:00
bids-standard/bids-validator,6b17f6a0ab7773ad3a6257198d886af28471cfd6,https://github.com/bids-standard/bids-validator/commit/6b17f6a0ab7773ad3a6257198d886af28471cfd6 ,DOC: Bring README up to date with current repo,2024-11-07 14:29:46+00:00
bids-standard/bids-validator,e28cada552ad7101ec8656f4347e247010830b66,https://github.com/bids-standard/bids-validator/commit/e28cada552ad7101ec8656f4347e247010830b66 ,Flesh out TOC,2024-11-07 14:29:46+00:00
bids-standard/bids-validator,dbf83e5593922c180c04d513ff3a50eb5d7cf3d0,https://github.com/bids-standard/bids-validator/commit/dbf83e5593922c180c04d513ff3a50eb5d7cf3d0 ,Fix images,2024-11-07 14:45:35+00:00
bids-standard/bids-validator,f2f259576e09e79cdac845682d318bed234c5fe5,https://github.com/bids-standard/bids-validator/commit/f2f259576e09e79cdac845682d318bed234c5fe5 ,"[DOC] add badges and link to doc (#99)

* add badges and link to doc

* Update README.md

* add badge doc",2024-11-09 12:55:25+00:00
bids-standard/bids-validator,9b198030e24900da8cb35f19a713fab2a432fcd1,https://github.com/bids-standard/bids-validator/commit/9b198030e24900da8cb35f19a713fab2a432fcd1 ,"Fix bst call for compiling schema

Without providing a schema path, bst defaults to another installed schema instead of my modifies one:

```
2024-11-22 15:40:41,436 [    INFO] No schema path specified, defaulting to the bundled schema, `/home/tstoeter/.local/lib/python3.11/site-packages/bidsschematools/data/schema`.
```

Making the schema path explicit fixes this.",2024-11-22 14:44:21+00:00
bids-standard/bids-validator,1e4664a7ca2282451975174c4043bdd3a523079f,https://github.com/bids-standard/bids-validator/commit/1e4664a7ca2282451975174c4043bdd3a523079f ,"Fill in URLs in the README.md

Otherwise github does not render them nicely and people might not know where to go",2024-11-26 19:48:11+00:00
bids-standard/bids-validator,6eceef31c7922a11ddf94cc0730bbf8aecac0b2b,https://github.com/bids-standard/bids-validator/commit/6eceef31c7922a11ddf94cc0730bbf8aecac0b2b ,"Merge pull request #120 from yarikoptic/bf-README

Fill in URLs in the README.md",2024-12-09 17:54:52+00:00
bids-standard/bids-validator,dda32ef59233ff77a2ed57af13e5a2eb00b6df15,https://github.com/bids-standard/bids-validator/commit/dda32ef59233ff77a2ed57af13e5a2eb00b6df15 ,doc: Conform README and docs/index,2024-12-09 17:59:35+00:00
bids-standard/bids-validator,0e0dd2a042b277b1c02a3f54f004b9a75705e72d,https://github.com/bids-standard/bids-validator/commit/0e0dd2a042b277b1c02a3f54f004b9a75705e72d ,Add -W into README.md description of the CLI options used,2025-02-09 00:50:52+00:00
bids-standard/bids-validator,8b515dc7a212766e0b0ca6e97332f30cef606834,https://github.com/bids-standard/bids-validator/commit/8b515dc7a212766e0b0ca6e97332f30cef606834 ,"Add -W (--allow-write) to deno build instructions

Without that run which asks to save results into external file would fail with

	error: Uncaught (in promise) PermissionDenied: Requires write access to ""derivatives/bids-validator/deno-bids-validator.txt"", specify the required permissions during compilation using `deno compile --allow-write`
		at writeFileSync (ext:deno_fs/30_fs.js:899:3)
		at Object.writeTextFileSync (ext:deno_fs/30_fs.js:962:10)
		at main (https://jsr.io/@bids/validator/2.0.1/src/main.ts:38:12)
		at eventLoopTick (ext:core/01_core.js:175:7)
		at async https://jsr.io/@bids/validator/2.0.1/src/bids-validator.ts:2:16

=== Do not change lines below ===
{
 ""chain"": [],
 ""cmd"": ""git-sedi ' -ERN' ' -ERWN'"",
 ""exit"": 0,
 ""extra_inputs"": [],
 ""inputs"": [],
 ""outputs"": [],
 ""pwd"": "".""
}
^^^ Do not change lines above ^^^",2025-02-09 00:50:52+00:00
bids-standard/bids-validator,cb99e504bec461f547d9e79d91bbf6c99e7afc54,https://github.com/bids-standard/bids-validator/commit/cb99e504bec461f547d9e79d91bbf6c99e7afc54 ,doc: Update README to mention PyPI,2025-03-14 05:05:25+00:00
bitnami/charts,6c4bf75dec58fc7c9aee9f089777b1a858c17d5b,https://github.com/bitnami/charts/commit/6c4bf75dec58fc7c9aee9f089777b1a858c17d5b ,"[bitnami/*] Update copyright: Year and company (#21815)

* Update copyright: Year and company

Signed-off-by: Carlos Rodríguez Hernández <carlosrh@vmware.com>

* Add license file

Signed-off-by: Carlos Rodríguez Hernández <carlosrh@vmware.com>

* Update LICENSE.md

Signed-off-by: Carlos Rodríguez Hernández <carlosrh@vmware.com>

* Update LICENSE.md

Signed-off-by: Carlos Rodríguez Hernández <carlosrh@vmware.com>

* Update LICENSE.md

Signed-off-by: Carlos Rodríguez Hernández <carlosrh@vmware.com>

---------

Signed-off-by: Carlos Rodríguez Hernández <carlosrh@vmware.com>",2024-01-02 12:51:34+00:00
bitnami/charts,cea874950f5f3ffc11c56fc4d9c305759f0aa67a,https://github.com/bitnami/charts/commit/cea874950f5f3ffc11c56fc4d9c305759f0aa67a ,"Update README.md

Signed-off-by: Carlos Rodríguez Hernández <carlosrh@vmware.com>",2024-03-09 18:55:56+00:00
bitnami/charts,a7ca73694459adb84195a22b612bae68a27d7803,https://github.com/bitnami/charts/commit/a7ca73694459adb84195a22b612bae68a27d7803 ,"Update README.md

Signed-off-by: Carlos Rodríguez Hernández <carlosrh@vmware.com>",2024-03-15 09:47:45+00:00
bitnami/charts,a5e4bd0e35e419203793976a78d9d0a13de92c76,https://github.com/bitnami/charts/commit/a5e4bd0e35e419203793976a78d9d0a13de92c76 ,"Replace VMware by Broadcom copyright text (#25306)

Signed-off-by: Carlos Rodríguez Hernández <carlosrh@vmware.com>",2024-04-25 10:44:38+00:00
bitnami/charts,b067c94f6bcde427863c197fd355f0b5ba12ff5b,https://github.com/bitnami/charts/commit/b067c94f6bcde427863c197fd355f0b5ba12ff5b ,"[bitnami/*] Change non-root and rolling-tags doc URLs (#25628)

Signed-off-by: Carlos Rodríguez Hernández <carlosrh@vmware.com>",2024-05-08 06:42:44+00:00
bitnami/charts,52dfed6bac44d791efabfaf06f15daddc4fefb0c,https://github.com/bitnami/charts/commit/52dfed6bac44d791efabfaf06f15daddc4fefb0c ,"[bitnami/*] Update README changing TAC wording (#27530)

Signed-off-by: Carlos Rodríguez Hernández <carlosrh@vmware.com>",2024-06-25 15:16:38+00:00
bitnami/charts,5dc11993e4c16118290e588620e6f824c6332387,https://github.com/bitnami/charts/commit/5dc11993e4c16118290e588620e6f824c6332387 ,"Update README.md

Signed-off-by: Carlos Rodríguez Hernández <carlosrh@vmware.com>",2024-12-10 12:24:49+00:00
bitnami/charts,7795f7c1636d0294c86ab7e1116ef1c442d38274,https://github.com/bitnami/charts/commit/7795f7c1636d0294c86ab7e1116ef1c442d38274 ,"Update README.md

Signed-off-by: Carlos Rodríguez Hernández <carlosrh@vmware.com>",2024-12-10 12:28:32+00:00
bitnami/charts,3d83e0ce4dffd7f9af646241f839fe0132ed1105,https://github.com/bitnami/charts/commit/3d83e0ce4dffd7f9af646241f839fe0132ed1105 ,"Update README.md

Signed-off-by: Carlos Rodríguez Hernández <carlosrh@vmware.com>",2024-12-18 15:03:23+00:00
bitnami/charts,dde3c0aefbcacb29900bb5b620fe6dadda44ccbe,https://github.com/bitnami/charts/commit/dde3c0aefbcacb29900bb5b620fe6dadda44ccbe ,"Update CONTRIBUTING.md

Signed-off-by: Carlos Rodríguez Hernández <carlosrh@vmware.com>",2024-12-18 15:21:35+00:00
bitnami/charts,e9f02f5007068751f7eb2270fece811e685c99b6,https://github.com/bitnami/charts/commit/e9f02f5007068751f7eb2270fece811e685c99b6 ,"Update copyright year (#31682)

Signed-off-by: Carlos Rodríguez Hernández <carlos.rodriguez-hernandez@broadcom.com>",2025-01-31 08:02:52+00:00
bitnami/charts,19310d81ce0958cab14e9d88818496f6595083ce,https://github.com/bitnami/charts/commit/19310d81ce0958cab14e9d88818496f6595083ce ,"[bitnami] Update Bitnami logo URL (#32836)

* [bitnami] Update Bitnami logo URL

Signed-off-by: Jota Martos <jotamartos@vmware.com>

* Fix Markdown linter

Signed-off-by: Jota Martos <jotamartos@vmware.com>

---------

Signed-off-by: Jota Martos <jotamartos@vmware.com>",2025-04-07 11:16:35+00:00
bitnami/charts,73d15e03e04647efa902a1d14a09ea8657429cd0,https://github.com/bitnami/charts/commit/73d15e03e04647efa902a1d14a09ea8657429cd0 ,"[bitnami/*] Adapt main README and change ascii (#35173)

Signed-off-by: Carlos Rodríguez Hernández <carlos.rodriguez-hernandez@broadcom.com>",2025-07-17 10:58:27+00:00
bitnami/charts,4973fd08dd7e95398ddcc4054538023b542e19f2,https://github.com/bitnami/charts/commit/4973fd08dd7e95398ddcc4054538023b542e19f2 ,"[bitnami/*] Add BSI to charts' READMEs (#35174)

Signed-off-by: Carlos Rodríguez Hernández <carlos.rodriguez-hernandez@broadcom.com>",2025-07-17 11:35:52+00:00
bitnami/charts,ccad049b3199acbe7e1aa7dbc57f04bbaa1b06d3,https://github.com/bitnami/charts/commit/ccad049b3199acbe7e1aa7dbc57f04bbaa1b06d3 ,"Remove tests (#36275)

Signed-off-by: Carlos Rodríguez Hernández <carlos.rodriguez-hernandez@broadcom.com>",2025-10-01 05:38:34+00:00
bitnami/charts,a4ef0a63877fcf32895869ceef0916c15a4718e5,https://github.com/bitnami/charts/commit/a4ef0a63877fcf32895869ceef0916c15a4718e5 ,"Change wording in Chart's READMEs (#36379)

* Change wording in Chart's READMEs

Signed-off-by: Carlos Rodríguez Hernández <carlos.rodriguez-hernandez@broadcom.com>

* Fix linter

Signed-off-by: Carlos Rodríguez Hernández <carlos.rodriguez-hernandez@broadcom.com>

---------

Signed-off-by: Carlos Rodríguez Hernández <carlos.rodriguez-hernandez@broadcom.com>",2025-11-04 09:26:29+00:00
bugsnag/bugsnag-symfony,79d57c28242ba24be5d4c0cd9385230ff3fcdfaf,https://github.com/bugsnag/bugsnag-symfony/commit/79d57c28242ba24be5d4c0cd9385230ff3fcdfaf ,update branding,2025-12-09 12:17:33+00:00
cerebral/overmind,acc13ba5d7844f2d618c54d1ae39ed47e4058325,https://github.com/cerebral/overmind/commit/acc13ba5d7844f2d618c54d1ae39ed47e4058325 ,proxy state tree green,2024-03-05 18:53:06+00:00
cerebral/overmind,0ae5920176039583b7a9346b1c4b9cd1867bc1b7,https://github.com/cerebral/overmind/commit/0ae5920176039583b7a9346b1c4b9cd1867bc1b7 ,"docs: remove the ""Maintainer needed"" call from README.md",2025-02-15 21:19:26+00:00
cerebral/overmind,879ed0b1f7b9c0f03c06cac554ba9e5a640e5952,https://github.com/cerebral/overmind/commit/879ed0b1f7b9c0f03c06cac554ba9e5a640e5952 ,docs: update Release procedure,2025-05-08 15:02:36+00:00
cfpb/consumerfinance.gov,4f46f0cf06deba0df00c08b3362a3e95145681a9,https://github.com/cfpb/consumerfinance.gov/commit/4f46f0cf06deba0df00c08b3362a3e95145681a9 ,Add browser-support page to mkdocs and update references,2024-05-17 16:35:04+00:00
cfpb/consumerfinance.gov,bff01f37e586358e0084b9f532761f61776df075,https://github.com/cfpb/consumerfinance.gov/commit/bff01f37e586358e0084b9f532761f61776df075 ,Clean up docs and scripts,2024-09-03 22:24:20+00:00
cfpb/consumerfinance.gov,2a9d19065bcb8980ad2eb030a27bee1b44db8176,https://github.com/cfpb/consumerfinance.gov/commit/2a9d19065bcb8980ad2eb030a27bee1b44db8176 ,Update outdated docs,2024-09-11 18:29:35+00:00
cfpb/consumerfinance.gov,26193e3d0ae979a97c7464e1f4898bc216696f59,https://github.com/cfpb/consumerfinance.gov/commit/26193e3d0ae979a97c7464e1f4898bc216696f59 ,"Delete unused Kubernetes/Helm configuration

This commit deletes all existing documentation and configuration around
deploying cf.gov using Kubernetes and Helm. This configuration is
currently unused and will be replaced in future with an alternate
implementation (that will likely recreate some of these pieces).",2024-10-21 21:11:59+00:00
charmed-kubernetes/charm-flannel,dc57f491f4ffc7c45bde56fdf508793eb9101d18,https://github.com/charmed-kubernetes/charm-flannel/commit/dc57f491f4ffc7c45bde56fdf508793eb9101d18 ,"Fix charm flannel builds (#92)

* Fix charm flannel builds

* Build charm with charmcraft

* Drop using snap_channel",2025-03-17 20:02:27+00:00
clearlydefined/crawler,bc0e178f998037d1cf0a63a38ae2b6f020f83f5b,https://github.com/clearlydefined/crawler/commit/bc0e178f998037d1cf0a63a38ae2b6f020f83f5b ,Fix Issue in Dev Env Setup for Mac,2024-02-20 07:11:50+00:00
clearlydefined/crawler,97c40bc22dea60d9d69b556fa9509172a0fc3aa5,https://github.com/clearlydefined/crawler/commit/97c40bc22dea60d9d69b556fa9509172a0fc3aa5 ,Fix Issue in Dev Env Setup for Mac,2024-02-22 17:18:50+00:00
clearlydefined/crawler,1faa1dd2d960351194d4c5157149c2de5c396b8f,https://github.com/clearlydefined/crawler/commit/1faa1dd2d960351194d4c5157149c2de5c396b8f ,Fix all formatting issues,2024-05-06 13:32:12+00:00
clearlydefined/crawler,254deb0777c2fbcfd081765e7e82c86807081067,https://github.com/clearlydefined/crawler/commit/254deb0777c2fbcfd081765e7e82c86807081067 ,vacous push,2024-08-06 10:22:45+00:00
clearlydefined/crawler,70129db1df8790efdb470b0062520b66052e3cf2,https://github.com/clearlydefined/crawler/commit/70129db1df8790efdb470b0062520b66052e3cf2 ,remove blank line,2024-08-06 13:30:02+00:00
clearlydefined/crawler,ad09a103b55b00eeccee2c7c19ed830a14781531,https://github.com/clearlydefined/crawler/commit/ad09a103b55b00eeccee2c7c19ed830a14781531 ,Add seperate Azure queue to documentation,2024-08-09 16:39:39+00:00
clearlydefined/crawler,9f33ed196d31f99f7da7f747c655be1efda8b98c,https://github.com/clearlydefined/crawler/commit/9f33ed196d31f99f7da7f747c655be1efda8b98c ,Prettier Readme,2024-08-09 17:06:45+00:00
clearlydefined/crawler,f0e6df3603c04030e94b6d348b2dc5e495717e85,https://github.com/clearlydefined/crawler/commit/f0e6df3603c04030e94b6d348b2dc5e495717e85 ,Upgrading scancode to v32.4.1 and adding dev notes,2025-08-26 23:11:24+00:00
contao-bootstrap/form,52d8e2ffbfa389cec1a0dd7300bbc2732abef040,https://github.com/contao-bootstrap/form/commit/52d8e2ffbfa389cec1a0dd7300bbc2732abef040 ,Update phpcq tools and fix detected issues,2025-04-24 07:58:55+00:00
contentful/contentful-management.js,0415a18ba7f65024858b718945ca9ad71a490e1a,https://github.com/contentful/contentful-management.js/commit/0415a18ba7f65024858b718945ca9ad71a490e1a ,"docs: promote the plain client interface as the default (#2207)

* docs: promote the plain client interface as the default

* fix: uninstall apps before deleting them",2024-03-05 17:06:11+00:00
contentful/contentful-management.js,fd984ca48c9ea742ca429e2481d6e5fc7fd3d34e,https://github.com/contentful/contentful-management.js/commit/fd984ca48c9ea742ca429e2481d6e5fc7fd3d34e ,chore: add details for hostUpload in README [DX-371] (#2744),2025-09-12 15:25:17+00:00
contentful/contentful-management.js,42f7147e64a77b5ea582c4060d1438b1c7d64b5c,https://github.com/contentful/contentful-management.js/commit/42f7147e64a77b5ea582c4060d1438b1c7d64b5c ,"feat: add support for releases [DX-374] (#2757)

* feat: add releaseSchema defaults to plain client creation [DX-184] (#2664)

* feat: add releaseSchema defaults to plain client creation

* fix: rename releaseSchema to releaseSchemaVersion

* fix: forgot to fix test

* feat(default): release-id (#2666)

* feat: add support for releaseSchemaVersion in create/query methods [DX-187] (#2665)

* feat: add releaseSchema defaults to plain client creation

* fix: rename releaseSchema to releaseSchemaVersion

* fix: forgot to fix test

* feat: add support for releaseSchemaVersion in create/query methods

* chore: lint fixes

* feat: add support for release.entry.* pattern

* chore: lint fixes

* chore: fix test description

* feat: add support for release.entry.* pattern [DX-192] (#2667)

* feat: add releaseSchema defaults to plain client creation

* fix: rename releaseSchema to releaseSchemaVersion

* fix: forgot to fix test

* feat: add support for releaseSchemaVersion in create/query methods

* chore: lint fixes

* feat: add support for release.entry.* pattern

* chore: lint fix

* chore: removing duplicate type

* feat: release/update endpoint reflects schemaVersion param [DX-188] (#2668)

* feat: add releaseSchema defaults to plain client creation

* fix: rename releaseSchema to releaseSchemaVersion

* fix: forgot to fix test

* feat: add support for releaseSchemaVersion in create/query methods

* chore: lint fixes

* feat: add support for release.entry.* pattern

* chore: lint fixes

* feat: add forTemplatedSpaces field for env template creation [DX-173] (#2663)

* chore: GetReleaseParams now extends GetReleaseEnvironmentParams

* feat: release/update enpoint updated to reflect Release.v2

* chore: removed unnecessary error handling from update endpoint

* chore: default integration test implemented

* chore: withoutDefault integration test implemented

* feat: all integrations tests passing

* fix: test:integration-watch action in package.json reverted to default

* fix: lint error resolved

* fix: prettier passing

---------

Co-authored-by: Ely Lucas <ely@meta-tek.net>
Co-authored-by: Lisa White <lisa.white@contentful.com>

* Dx 194 Add unit tests for release.entry.get (#2674)

* add unit tests and mock for ReleaseEntry

* update test to use it.each

* Remove wrapper tests; move Rest endpoint tests to proper directory

* fix: lint prettier

* feat(releases): release.entry.getMany() (#2673)

* DX-202 Update entry.get to pass in releaseId (#2679)

* feat: entry.get takes releaseId from params to retrieve release entry

* add tests

* chore:prettier

* chore:prettier again

* chore: move entry w/ releaseId tests to existing entry integration tests file

* chore: cleanup comment, remove QueryParam that was added unnecessarily

* chore: cleanup code

* feat: update entry.getMany to include releasev2 params [DX-203] (#2685)

* chore: getMany first attempt

* chore: new integrations test file added (from Michael)

* chore: type fixes implemented

* chore: test shell added to entry-integration.test.ts

* chore: tests implemented with necessary unimplemented release metadata tests commented out

* chore: prettier fix

* fix: entry integration scope removed from test script

* chore: prettier fix

* fix: version logic cleaned up and test query modified

* chore: prettier fix

* feat: add release.entry.update method [DX-206] (#2692)

* feat: add release.entry.update method

* feat: add entry.release.patch method (#2695)

* fix: delete entry2 as part of entry integration test cleanup [DX-258] (#2700)

* chore: add canary build to release/releasev2 branch [DX-212] (#2696)

* chore: add canary build to release/releasev2 branch

* chore: update readme with info on current experimental features

* chore: creating canary branch for canary prerelease builds

* chore: add canary branch to release process in ci config

* feat: add release.entry.createWithId method [DX-61] (#2724)

* feat: add release.entry.createWithId method [DX-61]

* fix: update types for release entry params

* test: debug integration tests

* test: update unit tests and remove changes to integration tests

* feat: entry.patch handle releaseId [DX-209] (#2725)

* feat: entry.patch w/ releaseId alias for release.entry.patch

* chore: add unit tests

* chore: run prettier

* chore: add integration tests for entry.patch with releaseId

* chore: run lint

* chore: cleanup code

* chore: more cleanup

* chore(test): remove redundant assertion

* chore: cleanup params, console logs

* chore: handle undefined headers for typescript

* chore: use typecasting to pass param

* feat: update entry.createWithId to accept releaseId [DX-208] (#2727)

* feat: entry.update supports releaseId [DX-210] (#2728)

* feat: entry.update supports releaseId

* chore: add unit tests for entry.update

* chore: use typecasting to pass param

* test: add integration tests for entry.update

* chore: keep QueryParams consistent between entry.update and release.entry.update

* feat: add release.entry.create method (#2730)

* feat: entry.create supports releaseId [DX-207] (#2732)

* feat: add releaseId support to entry.create

* chore: add QueryParams to be consistent with release.entry.create

* fix: remove startDate from releasev2 payload [DX-380] (#2739)

* feat: remove release[lte] endpoint [TOL-3408] (#2747)

* feat: remove release[lte] endpoint

* fix: delete more old tests, fix return types

* fix(types): add release to entitymetasysprops [] (#2749)

* feat: add support for release asset endpoints [TOL-3357] (#2750)

* fix(types): add release to entitymetasysprops []

* feat(release-assets): add support for assets inside of a release [TOL-3357]

* fix(types): export ReleasePaylodV2 [] (#2754)

* fix: update types, add tests, and cleanup [DX-397] (#2755)

* chore: update experimental features in readme

---------

Co-authored-by: Ely Lucas <ely@meta-tek.net>
Co-authored-by: ethan ozelius <158083968+ethan-ozelius-contentful@users.noreply.github.com>
Co-authored-by: Tyler Pina <tyler.pina@contentful.com>
Co-authored-by: Michael Pham <michael.pham@contentful.com>
Co-authored-by: MayaGillilan <101652314+MayaGillilan@users.noreply.github.com>
Co-authored-by: Chris Helgert <chrishelgert@users.noreply.github.com>",2025-09-24 20:07:15+00:00
contentful/contentful-management.js,f014b64e50014e4f43a2dfb581f90ca7e3b31f3b,https://github.com/contentful/contentful-management.js/commit/f014b64e50014e4f43a2dfb581f90ca7e3b31f3b ,"feat: add TS support cursor based pagination [CAPI-2270] (#2792)

This introduces TypeScript support for cursor based pagination on  collection endpoints for assets, entries, and content types.",2025-11-06 16:24:11+00:00
contentful/contentful-management.js,0e448945c4d2b0360434ce65e4c49f57ea4b45bf,https://github.com/contentful/contentful-management.js/commit/0e448945c4d2b0360434ce65e4c49f57ea4b45bf ,"Revert ""feat: add TS support cursor based pagination [CAPI-2270] (#2792)"" (#2805)",2025-11-13 15:00:06+00:00
contentful/contentful-management.js,927f8e9bcac4cf9f42456e5695140d197cb81166,https://github.com/contentful/contentful-management.js/commit/927f8e9bcac4cf9f42456e5695140d197cb81166 ,"chore: update to github actions and npm trusted publishing (#2800)

* chore: add gha workflows

* chore: add test projects workflow

* chore: remove postbuild from scripts

* chore: remove space id from secrets

* chore: skipping demo projects

* chore: add maxworkers to vitest config

* chore: removing coverage

* chore: fixing yaml

* chore: change to kick off build

* chore: update vault secrets

* chore: add demo projects back into test

* chore: install chrome for demo projects

* chore: install chrome driver

* chore: start puppeteer in no sandbox mode

* chore: format fix

* chore: does it work without installing chrome?

* chore: remove circle config

* fix: fix typo to test release

* chore: temp remove vault access

* chore: putting vault access back in

* chore: update refs release runs from

* chore: fix scheduled action bad request test

---------

Co-authored-by: Ely Lucas <ely.lucas@contentful.com>",2025-11-17 18:49:34+00:00
contentful/contentful-management.js,0f7ff42baa41d6459601133b651364e31cb490d3,https://github.com/contentful/contentful-management.js/commit/0f7ff42baa41d6459601133b651364e31cb490d3 ,"chore: update readme badge and change to master branch in workflow (#2819)

Co-authored-by: Ely Lucas <ely.lucas@contentful.com>",2025-11-18 16:47:01+00:00
contentful/contentful-management.js,9148fc9cc7cbfe7e4e39449f1be501ff13c617fe,https://github.com/contentful/contentful-management.js/commit/9148fc9cc7cbfe7e4e39449f1be501ff13c617fe ,"feat: add dedicated methods for cursor based pagination [CAPI-2357] (#2824)

* feat: add dedicated getManyWithCursor and getPublishedWithCursor methods for entry, asset, and content-type [CAPI-2357]

Adds getManyWithCursor as a dedicated cursor based method for entry, asset, and content-type and getPublishedWithCursor for only the asset and entry entities

* fix: removing getPublishedWithCursor methods, normalizing pagination response and params and building utilities to do so [CAPI-2357]

* fix: getPublished does not currently support cursor based pagination, removing relevant methods for entities

* fix: normalize pagination params to filter prevPage and prevNext if falsey

* fix: normalize pagination response to parse next, prev tokens if present

* test: add unit tests for create-environment-api and integration tests for getManyWithCursor for content-type, asset, and entry entities [CAPI-2357]

* chore: updating README.md to reflect new cursor pagination methods [CAPI-2357]

* chore: fix linting errors in new test suites and lib/

* chore: removing unused console.debug line [CAPI-2357]

* fix: enforcing no skip param for query options, removing uneccessary console statements, adding cbp to toc in readme [CAPI-2357]

* chore: update readme badge and change to master branch in workflow (#2819)

Co-authored-by: Ely Lucas <ely.lucas@contentful.com>

* chore: fixing linting errors in asset-integration-test [CAPI-2357]

* fix: fixing typing to include CursorBasedParams not QueryParams for getManyWithCursor methods [CAPI-2357]

* fix: infer typing for cursor pagination collection method per entity [CAPI-2357]

* chore: updating param comment to reflect appropriate url, adding pagination example to readme [CAPI-2357]

---------

Co-authored-by: Ely  Lucas <ely.lucas+github@contentful.com>
Co-authored-by: Ely Lucas <ely.lucas@contentful.com>",2025-12-09 17:26:50+00:00
crytic/echidna,24cd9729a08af6148921377e264c05e54b32e869,https://github.com/crytic/echidna/commit/24cd9729a08af6148921377e264c05e54b32e869 ,Add list of security reviews (#1165),2024-01-17 16:32:09+00:00
crytic/echidna,e72975cfd6089de01f00515a7f911fbaaa498e59,https://github.com/crytic/echidna/commit/e72975cfd6089de01f00515a7f911fbaaa498e59 ,Update README.md (#1190),2024-02-27 15:38:46+00:00
crytic/echidna,6220064678611521595d70f89c0a1be363f861c7,https://github.com/crytic/echidna/commit/6220064678611521595d70f89c0a1be363f861c7 ,"Fix typos (#1287)

* fix typo

* fix typo

* fix typo

* fix typo",2024-07-16 08:20:31+00:00
crytic/echidna,5c22247f0356cc344a59c235a0376255e4416dc3,https://github.com/crytic/echidna/commit/5c22247f0356cc344a59c235a0376255e4416dc3 ,fix issue 1354,2025-03-28 21:48:43+00:00
crytic/echidna,81517472ef3b2b2029b397534590375648b8fd46,https://github.com/crytic/echidna/commit/81517472ef3b2b2029b397534590375648b8fd46 ,lint: refresh links that are broken or redirect,2025-04-21 09:40:07+00:00
crytic/echidna,ca14d41b5ebe6b1f416017b3aa507a16d27d7398,https://github.com/crytic/echidna/commit/ca14d41b5ebe6b1f416017b3aa507a16d27d7398 ,"Fix typos in comments, improve clarity",2025-06-19 13:32:19+00:00
crytic/echidna,a23d3274de9ea0abe62b942e2de5b9ad974d1501,https://github.com/crytic/echidna/commit/a23d3274de9ea0abe62b942e2de5b9ad974d1501 ,"Drop Etheno support

Etheno itself has been archived for some time, and Echidna has supported
on-chain fuzzing for a couple of years now, making it unnecessary.",2025-07-22 21:34:13+00:00
crytic/echidna,0ee08865cf1e9872843621d75c9aeb0b4d24c015,https://github.com/crytic/echidna/commit/0ee08865cf1e9872843621d75c9aeb0b4d24c015 ,"Drop `estimateGas` support

This functionality has stayed experimental, is quite unreliable
and hasn't seen much use.",2025-07-22 23:05:17+00:00
crytic/echidna,2f62a659e3d10920ff7dd6378c171279139d3511,https://github.com/crytic/echidna/commit/2f62a659e3d10920ff7dd6378c171279139d3511 ,"Update README, CHANGELOG",2025-07-23 12:19:03+00:00
crytic/echidna,a870f7f8d5726d3dcd6de971641a1025139dd183,https://github.com/crytic/echidna/commit/a870f7f8d5726d3dcd6de971641a1025139dd183 ,"docker: move to noble, include z3, bitwuzla",2025-08-18 03:20:12+00:00
crytic/echidna,093f6b88367ea1dc2c97858499671b522fe6ee42,https://github.com/crytic/echidna/commit/093f6b88367ea1dc2c97858499671b522fe6ee42 ,"Update references to hevm repository

These repositories were moved to `argotorg`",2025-08-28 01:15:57+00:00
crytic/echidna,a55c95d1df8b5fdb249ba9ac8017af604faaf8c2,https://github.com/crytic/echidna/commit/a55c95d1df8b5fdb249ba9ac8017af604faaf8c2 ,docs: fix incorrect Docker volume mount command (#1433),2025-08-28 14:12:39+00:00
crytic/echidna,89beca5036a76aa758a30ddaeae0db2a756c3808,https://github.com/crytic/echidna/commit/89beca5036a76aa758a30ddaeae0db2a756c3808 ,"Merge pull request #1435 from crytic/hevm-move

Update references to hevm repository",2025-08-28 14:13:41+00:00
crytic/echidna,4676495b78facabded36caf930ff521fdbd727ff,https://github.com/crytic/echidna/commit/4676495b78facabded36caf930ff521fdbd727ff ,add foundry to docker image,2025-10-06 16:49:34+00:00
dachcom-digital/pimcore-toolbox,bba510faa8a7207ee90e874832aeb99c072c6cd8,https://github.com/dachcom-digital/pimcore-toolbox/commit/bba510faa8a7207ee90e874832aeb99c072c6cd8 ,"allow brick group sort behaviour (#227)

* allow brick group sort behaviour

* adjust docs",2024-08-15 08:48:42+00:00
dachcom-digital/pimcore-toolbox,b3f3dc63c605e2ef922130c1d2c1e2a5abead310,https://github.com/dachcom-digital/pimcore-toolbox/commit/b3f3dc63c605e2ef922130c1d2c1e2a5abead310 ,add cla check (#230),2024-11-14 15:07:16+00:00
dachcom-digital/pimcore-toolbox,2b2eaea788510619795dc411b323a868bb7afc6a,https://github.com/dachcom-digital/pimcore-toolbox/commit/2b2eaea788510619795dc411b323a868bb7afc6a ,adjust license (#240),2025-01-08 14:14:38+00:00
dachcom-digital/pimcore-toolbox,f33491aba835e2c527f7db9a7b0cbc94b8d9a47d,https://github.com/dachcom-digital/pimcore-toolbox/commit/f33491aba835e2c527f7db9a7b0cbc94b8d9a47d ,"adjust some docs (#242)

* adjust some docs

* adjust some docs",2025-01-08 15:26:17+00:00
danieleteti/delphimvcframework,49f279cb0d53838c2aef7f2c93cec83d1b080828,https://github.com/danieleteti/delphimvcframework/commit/49f279cb0d53838c2aef7f2c93cec83d1b080828 ,Update README for dmvcframework 3.4.1-sodium,2024-01-06 14:36:46+00:00
danieleteti/delphimvcframework,ab5d673e9dea5bb415534b092208b628a66d09cf,https://github.com/danieleteti/delphimvcframework/commit/ab5d673e9dea5bb415534b092208b628a66d09cf ,chore(docs): update TOC,2024-01-06 14:37:11+00:00
danieleteti/delphimvcframework,0edc0c6cd2c76ffbe89a250adf01b63d55caef7c,https://github.com/danieleteti/delphimvcframework/commit/0edc0c6cd2c76ffbe89a250adf01b63d55caef7c ,Update README for dmvcframework 3.4.1-sodium,2024-01-06 14:37:25+00:00
danieleteti/delphimvcframework,dfc910634efcd3a59fbbd8762be081c2859eded3,https://github.com/danieleteti/delphimvcframework/commit/dfc910634efcd3a59fbbd8762be081c2859eded3 ,Merge branch 'master' of https://github.com/danieleteti/delphimvcframework,2024-01-06 14:37:40+00:00
danieleteti/delphimvcframework,46e121a3a342438b2de3bd13502297d5de521c98,https://github.com/danieleteti/delphimvcframework/commit/46e121a3a342438b2de3bd13502297d5de521c98 ,Update README casing,2024-01-06 14:39:54+00:00
danieleteti/delphimvcframework,77c9785116249cf530d73129ee7df41bd7d47d2a,https://github.com/danieleteti/delphimvcframework/commit/77c9785116249cf530d73129ee7df41bd7d47d2a ,chore(docs): update TOC,2024-01-06 14:40:36+00:00
danieleteti/delphimvcframework,38b02272a3fc936615030de79b6d167c1ed2159e,https://github.com/danieleteti/delphimvcframework/commit/38b02272a3fc936615030de79b6d167c1ed2159e ,Update README,2024-01-06 14:43:07+00:00
danieleteti/delphimvcframework,dbe638222e5aee5d30666fdb8df0821ea44fc843,https://github.com/danieleteti/delphimvcframework/commit/dbe638222e5aee5d30666fdb8df0821ea44fc843 ,new beta version 3.4.2-magnesium-beta,2024-01-09 08:24:47+00:00
danieleteti/delphimvcframework,e3c2129cb203a35e9ee40118eb4db80ca3743e85,https://github.com/danieleteti/delphimvcframework/commit/e3c2129cb203a35e9ee40118eb4db80ca3743e85 ,Update README.md,2024-03-20 17:18:56+00:00
danieleteti/delphimvcframework,8e4d5e9c2ac449a540568e5e4b7e26de412b3ecc,https://github.com/danieleteti/delphimvcframework/commit/8e4d5e9c2ac449a540568e5e4b7e26de412b3ecc ,Update README.md,2024-04-18 09:26:48+00:00
danieleteti/delphimvcframework,fe5f7d4a727dab0acb9f58c9efb6b2b00888e8ee,https://github.com/danieleteti/delphimvcframework/commit/fe5f7d4a727dab0acb9f58c9efb6b2b00888e8ee ,Preparing for dmvcframework-3.4.2-magnesium-rc1,2024-05-02 22:13:08+00:00
danieleteti/delphimvcframework,e028b154cb0ae60d0498d2bdfeec405352735d33,https://github.com/danieleteti/delphimvcframework/commit/e028b154cb0ae60d0498d2bdfeec405352735d33 ,Updated README,2024-05-29 21:23:33+00:00
danieleteti/delphimvcframework,4b63f04a1204463ae86afc26c23eb32ab9f8e47c,https://github.com/danieleteti/delphimvcframework/commit/4b63f04a1204463ae86afc26c23eb32ab9f8e47c ,3.4.2-magnesium-rc2,2024-06-19 15:23:39+00:00
danieleteti/delphimvcframework,3caec73e5cc3b094c718b1619ef69a6ed4bad00f,https://github.com/danieleteti/delphimvcframework/commit/3caec73e5cc3b094c718b1619ef69a6ed4bad00f ,chore(docs): update TOC,2024-06-19 15:24:08+00:00
danieleteti/delphimvcframework,8e4361dceb0a9bc6a25231238ee63e97deeab77d,https://github.com/danieleteti/delphimvcframework/commit/8e4361dceb0a9bc6a25231238ee63e97deeab77d ,Updated copyright,2024-09-06 10:23:07+00:00
danieleteti/delphimvcframework,816459f1f92da9d693ac4c3145ec43a05bdb13de,https://github.com/danieleteti/delphimvcframework/commit/816459f1f92da9d693ac4c3145ec43a05bdb13de ,Update README.md,2024-10-14 08:50:42+00:00
danieleteti/delphimvcframework,e74224a607ade57e388c10b8bd53cf25ee44ec84,https://github.com/danieleteti/delphimvcframework/commit/e74224a607ade57e388c10b8bd53cf25ee44ec84 ,"Minor updates to readme - HTTPS links + additional install packages for new versions of Delphi (#781)

* Change link to bittimeprofessionals.it to https

Currently receive a 404 for 
http://www.bittimeprofessionals.it

(better to use https anyway)

* Add latest delphi packages to Install table

+Delphi 12, 11.3, 11",2024-12-19 07:45:08+00:00
danieleteti/delphimvcframework,d8987ab5a1c1936f14c41a80d607416361cb27be,https://github.com/danieleteti/delphimvcframework/commit/d8987ab5a1c1936f14c41a80d607416361cb27be ,Samples cleanup for 3.4.2-magnesium,2025-02-14 11:15:09+00:00
danieleteti/delphimvcframework,7bf672bc323733952f7cafac0c775bbc1d264319,https://github.com/danieleteti/delphimvcframework/commit/7bf672bc323733952f7cafac0c775bbc1d264319 ,chore(docs): update TOC,2025-02-14 11:15:29+00:00
danieleteti/delphimvcframework,777cbb166b010171190b264894d68d8018672743,https://github.com/danieleteti/delphimvcframework/commit/777cbb166b010171190b264894d68d8018672743 ,bump: 3.4.3-aluminium-rc2,2025-05-25 14:22:05+00:00
danieleteti/delphimvcframework,213c9d4759fa26abe7fc4418c0b5a84bb4c7dc9c,https://github.com/danieleteti/delphimvcframework/commit/213c9d4759fa26abe7fc4418c0b5a84bb4c7dc9c ,Added DeepWikiBadge,2025-06-04 15:57:58+00:00
danieleteti/delphimvcframework,64153f2e75b9a70e13eadc0778fd7015dce0eab3,https://github.com/danieleteti/delphimvcframework/commit/64153f2e75b9a70e13eadc0778fd7015dce0eab3 ,Update README.md,2025-07-02 12:39:15+00:00
danieleteti/delphimvcframework,671153ef303816c9b0d6169cc7fa137a633ba4f4,https://github.com/danieleteti/delphimvcframework/commit/671153ef303816c9b0d6169cc7fa137a633ba4f4 ,Update README.md,2025-07-31 19:18:18+00:00
danieleteti/delphimvcframework,bca67520453f747bcd973e4ea7ebbe67854b8981,https://github.com/danieleteti/delphimvcframework/commit/bca67520453f747bcd973e4ea7ebbe67854b8981 ,Update README.md,2025-07-31 19:19:04+00:00
danieleteti/delphimvcframework,1b0de6a6194adf22949a4ce16c434fedd8cc3dff,https://github.com/danieleteti/delphimvcframework/commit/1b0de6a6194adf22949a4ce16c434fedd8cc3dff ,fix a (false) failing unit tests,2025-08-10 10:40:19+00:00
danieleteti/delphimvcframework,0b42ecfdec00b836ed03ab50af5c1d259954c90d,https://github.com/danieleteti/delphimvcframework/commit/0b42ecfdec00b836ed03ab50af5c1d259954c90d ,64bit packages for Delphi13,2025-09-12 08:52:01+00:00
danieleteti/delphimvcframework,dbc178f24a5ff0b7c6326106fc78096d84a2d8e2,https://github.com/danieleteti/delphimvcframework/commit/dbc178f24a5ff0b7c6326106fc78096d84a2d8e2 ,Refactored README.MD; added other MDs for detailed information,2025-09-12 13:44:04+00:00
danieleteti/delphimvcframework,b6752e3f44cecbd124ddf6c12571410c0dee27e4,https://github.com/danieleteti/delphimvcframework/commit/b6752e3f44cecbd124ddf6c12571410c0dee27e4 ,chore(docs): update TOC,2025-09-12 13:44:23+00:00
danieleteti/delphimvcframework,ba25cfadf233e931909eff39737d1b47d6ba8e2b,https://github.com/danieleteti/delphimvcframework/commit/ba25cfadf233e931909eff39737d1b47d6ba8e2b ,fix docs links,2025-09-12 13:50:08+00:00
danieleteti/delphimvcframework,0a1d2cd315832227eb4e4cdbf34de646f72530ca,https://github.com/danieleteti/delphimvcframework/commit/0a1d2cd315832227eb4e4cdbf34de646f72530ca ,Merge branch 'master' of https://github.com/danieleteti/delphimvcframework,2025-09-12 13:50:14+00:00
danieleteti/delphimvcframework,f39fc9e3e578f6ccf76f4237aee6c3be742d3646,https://github.com/danieleteti/delphimvcframework/commit/f39fc9e3e578f6ccf76f4237aee6c3be742d3646 ,quickstart guide,2025-09-12 15:12:55+00:00
danieleteti/delphimvcframework,b569d8c828d2f33d5194f82a9557c4353acd2bd3,https://github.com/danieleteti/delphimvcframework/commit/b569d8c828d2f33d5194f82a9557c4353acd2bd3 ,updated Delphi 12.x package with WebSocket and RateLimiter units,2025-10-31 16:53:47+00:00
dchest/tweetnacl-js,3cfbba19e439a46d176a28ecf854cf38985c97ac,https://github.com/dchest/tweetnacl-js/commit/3cfbba19e439a46d176a28ecf854cf38985c97ac ,fix typo Ed22519 to Ed25519 in README.md,2024-08-14 14:37:41+00:00
dchest/tweetnacl-js,e6141a20553498697e9e7d92fbc4517994caff52,https://github.com/dchest/tweetnacl-js/commit/e6141a20553498697e9e7d92fbc4517994caff52 ,README: add note about WebCrypto API,2025-08-15 11:43:30+00:00
docker-library/python,318a012bfeba568d15306e079c07a146fcb41064,https://github.com/docker-library/python/commit/318a012bfeba568d15306e079c07a146fcb41064 ,"Update README

See https://github.com/docker-library/docs/pull/2503",2024-11-21 18:50:38+00:00
docker-library/ruby,cf905a63f0b9f9ab45b97922fd87464006a68f8f,https://github.com/docker-library/ruby/commit/cf905a63f0b9f9ab45b97922fd87464006a68f8f ,"Update README

See https://github.com/docker-library/docs/pull/2503",2024-11-21 18:50:56+00:00
dominictobias/react-image-crop,626ba6a175cb98c7bf1f49f71d8f5eda28ff5d10,https://github.com/dominictobias/react-image-crop/commit/626ba6a175cb98c7bf1f49f71d8f5eda28ff5d10 ,Update some more repo refs,2024-01-03 21:49:30+00:00
dominictobias/react-image-crop,d9124b15d3d9c48e34a5bb4fad84f1bf9ce2860d,https://github.com/dominictobias/react-image-crop/commit/d9124b15d3d9c48e34a5bb4fad84f1bf9ce2860d ,"Revert ""Update README.md""

This reverts commit fa441b2203a25150c1de0882266f5c9bef837838.",2024-01-24 09:48:53+00:00
dominictobias/react-image-crop,5fc2b705c404f1a5d34b9592df1f95fe83181d9c,https://github.com/dominictobias/react-image-crop/commit/5fc2b705c404f1a5d34b9592df1f95fe83181d9c ,Update README.md,2024-02-05 04:21:01+00:00
dominictobias/react-image-crop,00ea81772e76cdaeea6d1d643bcfd33e810e9369,https://github.com/dominictobias/react-image-crop/commit/00ea81772e76cdaeea6d1d643bcfd33e810e9369 ,Update README.md,2024-02-05 04:22:21+00:00
dominictobias/react-image-crop,c0179c9f771757b6e1e5e661f0079688383e42cf,https://github.com/dominictobias/react-image-crop/commit/c0179c9f771757b6e1e5e661f0079688383e42cf ,Update README.md,2024-02-05 04:22:49+00:00
dominictobias/react-image-crop,0a19cbad4fbf988cb178e00f15823d96e634992d,https://github.com/dominictobias/react-image-crop/commit/0a19cbad4fbf988cb178e00f15823d96e634992d ,Update README.md,2024-02-10 12:15:20+00:00
dominictobias/react-image-crop,5e2264edaa979f6f6123225385914349c8317d33,https://github.com/dominictobias/react-image-crop/commit/5e2264edaa979f6f6123225385914349c8317d33 ,"Update README.md

Update sponsor",2024-05-04 07:20:32+00:00
dominictobias/react-image-crop,c435974b5ed2ed7cac2800b84567055a6f37edb5,https://github.com/dominictobias/react-image-crop/commit/c435974b5ed2ed7cac2800b84567055a6f37edb5 ,Update README.md,2024-05-04 07:21:12+00:00
dominictobias/react-image-crop,8c25fce00b465d11c0e2328a4c6b390d278d4b6e,https://github.com/dominictobias/react-image-crop/commit/8c25fce00b465d11c0e2328a4c6b390d278d4b6e ,Update README.md,2024-06-14 08:41:09+00:00
dominictobias/react-image-crop,9cfe5eff03316f530727edec291836073d02161d,https://github.com/dominictobias/react-image-crop/commit/9cfe5eff03316f530727edec291836073d02161d ,Update links,2025-04-14 11:40:38+00:00
dominictobias/react-image-crop,d272eafbf0f13a22132078c8c67218f08473ae0e,https://github.com/dominictobias/react-image-crop/commit/d272eafbf0f13a22132078c8c67218f08473ae0e ,pnpm->bun,2025-11-23 11:19:03+00:00
eslint/eslint-github-bot,a9a3474eda146f8fdae362aa65dba7d7da48bb41,https://github.com/eslint/eslint-github-bot/commit/a9a3474eda146f8fdae362aa65dba7d7da48bb41 ,"fix: Add npm version and fix app setup (#215)

* fix: Add npm version and fix app setup

* Update README

* Update README with local setup instructions",2025-01-16 19:05:27+00:00
eslint/eslint-github-bot,e94f31d6d00a6b18bad8b639706c44d7a2b62937,https://github.com/eslint/eslint-github-bot/commit/e94f31d6d00a6b18bad8b639706c44d7a2b62937 ,docs: Update README with webhook URL (#216),2025-01-16 19:40:29+00:00
eslint/eslint-github-bot,d16d8bb60b6e50614e1a5d348bd8f1af7afa478e,https://github.com/eslint/eslint-github-bot/commit/d16d8bb60b6e50614e1a5d348bd8f1af7afa478e ,ci: create `update-readme` workflow (#244),2025-09-24 12:03:17+00:00
eslint/eslint-github-bot,d426e8a8278e77c64214c5246e2ff85daea63539,https://github.com/eslint/eslint-github-bot/commit/d426e8a8278e77c64214c5246e2ff85daea63539 ,docs: Update README sponsors,2025-09-25 08:10:21+00:00
eslint/eslint-github-bot,9eca7fd59e28a684b182c94fcda3ed24eb31ea14,https://github.com/eslint/eslint-github-bot/commit/9eca7fd59e28a684b182c94fcda3ed24eb31ea14 ,docs: Update README sponsors,2025-10-01 08:10:17+00:00
eslint/eslint-github-bot,20f1f5a714eb9642bb3ba5e930c3b5d3e388ea2a,https://github.com/eslint/eslint-github-bot/commit/20f1f5a714eb9642bb3ba5e930c3b5d3e388ea2a ,docs: Update README sponsors,2025-10-10 08:10:37+00:00
eslint/eslint-github-bot,5455088657a825a026c84216cf7e4fd2ed86d401,https://github.com/eslint/eslint-github-bot/commit/5455088657a825a026c84216cf7e4fd2ed86d401 ,docs: Update README sponsors,2025-10-21 08:10:41+00:00
eslint/eslint-github-bot,465a65e5e307e8f3826069e501fb6959ab887f38,https://github.com/eslint/eslint-github-bot/commit/465a65e5e307e8f3826069e501fb6959ab887f38 ,docs: Update README sponsors,2025-10-30 08:10:01+00:00
eslint/eslint-github-bot,07ea8196989cb157b70a0b7077193a30ebd65526,https://github.com/eslint/eslint-github-bot/commit/07ea8196989cb157b70a0b7077193a30ebd65526 ,docs: Update README sponsors,2025-11-01 08:08:57+00:00
eslint/eslint-github-bot,1efcebf15ee3cfbb2ced6fecf3a5ef9e782a2a63,https://github.com/eslint/eslint-github-bot/commit/1efcebf15ee3cfbb2ced6fecf3a5ef9e782a2a63 ,docs: Update README sponsors,2025-11-04 08:10:38+00:00
eslint/eslint-github-bot,4748487f9d767690fd2353451abe279a337e97c2,https://github.com/eslint/eslint-github-bot/commit/4748487f9d767690fd2353451abe279a337e97c2 ,docs: Update README sponsors,2025-11-13 08:10:46+00:00
eslint/eslint-github-bot,dba5116eff6121940f132027f702fa2bd5d6eb5e,https://github.com/eslint/eslint-github-bot/commit/dba5116eff6121940f132027f702fa2bd5d6eb5e ,docs: Update README sponsors,2025-11-20 08:11:06+00:00
eslint/eslint-github-bot,8d20ac08748c46c90565b18be19fc4530a9ae88e,https://github.com/eslint/eslint-github-bot/commit/8d20ac08748c46c90565b18be19fc4530a9ae88e ,docs: Update README sponsors,2025-12-01 08:12:23+00:00
eslint/eslint-github-bot,1aebd7005d57d64307e01c7ca4ea88fbec4d38c5,https://github.com/eslint/eslint-github-bot/commit/1aebd7005d57d64307e01c7ca4ea88fbec4d38c5 ,docs: Update README sponsors,2025-12-09 08:11:34+00:00
facebook/pyre-check,362b3f25085d9c7f7d7b0fed6e7c1507fc37b47a,https://github.com/facebook/pyre-check/commit/362b3f25085d9c7f7d7b0fed6e7c1507fc37b47a ,"Remove dead badges from github landing page

Summary:
We have links in the readme that become badges about CI status in the
github landing page. But over the last year we removed the `pyre` and
`lint` signals (because we decided that internal CI should be the source
of truth for these, keeping them perfectly in sync was challenging and
low-value).

We should get rid of the defunct links.

Reviewed By: yangdanny97

Differential Revision: D67910322

fbshipit-source-id: 0de54bc53bf6d3e72f7d8aeabebff124971d3ffc",2025-01-07 20:46:18+00:00
facebook/pyre-check,bf05c2563e1215be6a4e55bc36256ec7add9473d,https://github.com/facebook/pyre-check/commit/bf05c2563e1215be6a4e55bc36256ec7add9473d ,"Updating README with a link to the next version of Pyre called Pyrefly (#987)

Summary:
Updating README with a link to the next version of Pyre called Pyrefly.

Pull Request resolved: https://github.com/facebook/pyre-check/pull/987

Test Plan: README-only change, no tests necessary.

Reviewed By: grievejia

Differential Revision: D74591368

Pulled By: yangdanny97

fbshipit-source-id: 6ed5609dcc6ea2cfccb62b27e29c0017a9f6dd7d",2025-05-12 20:50:45+00:00
facebook/pyre-check,950ec3cfec92210d597b91cdc6ed5eeeb418747d,https://github.com/facebook/pyre-check/commit/950ec3cfec92210d597b91cdc6ed5eeeb418747d ,"Allow all tests to use multiple workers/shards

Summary:
# Problem
We disable the sharding feature of the ounit2 test library in OCaml, because most of our tests rely on shared memory. Running multiple tests with the same shared memory leads to data races, and test failures.

# Solution
We can simply allocate a different shared memory heap and hash table for each shard. This is done by calling `mmap()` after forking each shard. Fortunately, we already have a way to call a function before each test suite, using `Test.run`.

Reviewed By: tianhan0

Differential Revision: D81940060

fbshipit-source-id: 830c42dccb6842370a49a96dcc118fe06fff9733",2025-09-09 18:42:07+00:00
firebase/firebaseui-web,80ff09a67eda047cf39f22b26e302a503de3d43a,https://github.com/firebase/firebaseui-web/commit/80ff09a67eda047cf39f22b26e302a503de3d43a ,feat: added v7 alpha,2025-05-05 16:16:32+00:00
firebase/firebaseui-web,b3d836819aa582dc0414384bb61fc0c9ba892b61,https://github.com/firebase/firebaseui-web/commit/b3d836819aa582dc0414384bb61fc0c9ba892b61 ,fix install urls in instructions,2025-05-05 18:43:00+00:00
firebase/firebaseui-web,4c4002bc072307fdb04540d2d73ff707e6febffa,https://github.com/firebase/firebaseui-web/commit/4c4002bc072307fdb04540d2d73ff707e6febffa ,docs(*): updated core library documentation,2025-05-28 16:03:18+00:00
firebase/firebaseui-web,dc35482cc70ab229242d4f8894f17d901086117b,https://github.com/firebase/firebaseui-web/commit/dc35482cc70ab229242d4f8894f17d901086117b ,"release(*): internal release candidate (2025-10-02) (#1214)

* fix(shadcn): Add registry name (bb-46)

* fix(shadcn): Catch MFA assertion errors in sign up form

* chore: Sync lock file

* chore: Skip linting for generated code

* chore(shadcn): added public images to example

* fix(react): Fix tests by using separate schema + waitFor async submissions

* chore(shadn): updated shadcn app to include shadcn components

* feat(shadcn): Ensure MFA Assertion credential is propagated

* chore: Update example app

* refactor(*): Make error text generic for use outside of forms

* chore(*): re-added package shadcn components

* chore: Fix example internal links

* fix(shadcn): updated refeences to use the /r namespace. Components regenerated

* fix(*): resolved merge conflict errors

* fix(react,angular): Prevent double form validation errors

* chore(core): release package

* chore(*): updated shad example app deps and home page

* fix(core): Prevent email link sign in completion from double error handling

* fix(shadcn): Ensure test waits for event using waitFor

* fix(react,angular): Ensure SMS MFA Assertion uses correct form schema

* chore(shadcn): added deploy script for hosting

* chore(shadcn): updated screen redirects

* fix(shadcn): ensure hooks use the current user

* chore(shadcn): updated client id for onetap in test app

* chore: Update example app

* feat(shadcn): Update shadcn component styling

* fix(shadcn): fixed typo in main tsx example

* fix(react): Fix React dark mode variant

* chore(*): release packages

* feat(react): MFA Assertion Screen

* fix(translations): Sign in with X (vs Twitter) text

* feat(shadcn): Add MFA Assertion screen

* fix(react,shadcn): onBackToSignIn -> onSignInClick

* fix(react): Add missing exports

* fix(*): Add MFA Assertion prompt

* fix(*): Add mfaTotpQrCodePrompt translation

* fix(react): Add back arrow for forgot password form

* fix(shadcn): updated mfa assertion form re-render

* chore(*): regen shadcn components

* chore(shadcn): regn components

* chore(*): release packages

* fix(*): updated react package deps

* chore(*): ran formatting

* chore(*): eslint updates

* feat(shadcn): added onsuccess to mfa assertion form

* fix(shadcn): updated test imports to Invertase

* fix(react): updated test imports to Invertase

* chore(*): release packages

* chore(*): pre-publish script updates

* fix(*): improve packae build order

* chore: Update shadcn example vs registry deployment

* chore: Fix shadcn example build script

* chore(*): updated nextjs ssg example

* chore(*): regenerate lockfile

* fix(*): added multi-platform support for register version

* fix(shadcn): Remove duplicate display name field (bb-64)

* chore(*): added nextjs ssr example

* chore(*): upgraded react example app to the latets packages

* chore(*): add deploy:all script

* fix(react): Correctly throw when no context is found (bb-63)

* chore: Update repos with correct npm namespace

* chore: Update example

* chore(*): ran format and linting

* chore(*): updated next example app to new test project

* fix(core): Depend on workspace translations

* fix(translations): Update translation text to be less specific

* chore: lock file regen

* chore(*): fixed linting

* chore(react): updated example app to use latest packages

* fix(translations): Add invalid credential translations

* chore(*): regen lock files

* fix(react): Add descriptiont to SMS MFA verification

* fix(shadcn): Add SMS description to form

* feat(react): Add TOTP description improve layout

* fix(*): removed redundant useEffects

* feat(shadcn): Add secret key to TOTP enrollment

* chore(*): release packages

* fix(react,shadcn): Add descriptions to MFA flows

* chore(react): Remove redundant api

* chore(react): updated deploy config for nextjs-ssg

* feat(react,shadcn): Add useMultiFactorAssertionCleanup utility hook

* chore(*): fixed linting and test errors

* chore: Add pirate locale to react example

* chore(*): fixed test errors

* chore(*): regenrate lock file

* chore: Sync shadc components + add pirate mode

* chore(*): updated nextjs-ssr config

* fix(react,shadcn): Add description to SMS verification code input

* chore: Formatting

* chore: Fix failing shad test with otp delay

* chore: Add line sign in button to examples

* chore: Add react line css

* chore(nextjs): updated hosting for nextjs-ssr

* chore(*) ran linting & formatting

* feat(angular): Add MFA assertion screen

* fix(angular): Remove redirect error from forgot password

* fix(angular): Align MFA Assertion screen

* fix(angular): Align MFA enrollment screen

* fix(angular): Sync phone auth screen

* fix(angular): Align sign in screen

* fix(angular): Align sign up screen

* feat(angular): Add input form description

* fix(angular): Align email link form

* fix(angular): Align forgot password form

* fix(angular): Align MFA assertion form

* fix(angular): Align MFA enrollment form

* fix(angular): Align phone auth form

* fix(angular): Align sign in form

* fix(angular): Align sign up form

* fix(angular): Align SMS MFA assertion form

* fix(angular): Align SMS MFA Enrollment form

* fix(angular): Align TOTP MFA assertion form

* fix(angular): Align TOTP MFA enrollment form

* chore: linting

* fix(angular): Align oauth button

* chore: Run formatting

* fix(angular): Add missing exports

* chore: Update angular example styling

* fix(angular): Forms use input event emitter to handle conditional rendering

* refactor(angular): Set components to host block by default

* fix(angular): Add dependency array + recaptcha SSR check

* fix(angular): Update country code option tracking

* fix(angular): Minor UI tweaks

* chore(angular): Add redirect handlers to example app

* chore: Formatting

* fix(angular): Update tests with latest changes

* chore: Add banner

* wip readme docs

* -

* add shadcn reference

* -

* add core docs

* add reference api

* -

* -

* fix(react): Statically replace import.meta.env at build time

* fix(core): Statically compile import.meta

* chore(*): release packages

* chore(): regenerate package lock

* chore(angular): updated hosting configuration

* chore(angular): upgraded firebase hosting to SSR

* chore(*): updated deployment script for example apps

* chore(*): updated deploy config, cleanup root npm scripts

* chore(*): cleaned releases folder

* chore(*): updated firebase json for shadcn

* chore(*): further script cleanup

* fix(ci): enable webframeworks

* fix(core, react): added optional chaining for usage stats check

* chore(nextjs): updated sample app to new styling

* chore(nextjs): updated styling for nexts ssr example app

* fix(core): Use popup sign in as the default behavior

* update default strategy

* chore(*): ran formatting and linting

* feat(react): add onSignIn callback to oauth buttons

* feat(shadcn): add oauth button onSignIn prop

* feat(angular): add oauth button signIn output signal

* chore: formatting

* feat(react): add useOnUserAuthenticated hook and screen implementations

* feat(shadcn): implement useOnUserAuthenticated into screens

* chore: fix bad type

* feat(angular): add injectUserAuthenticated provider

* chore: Update shadcn example

* chore: formatting

* chore: update readme

* chore: update readme

* chore: Add license headers

* chore: Add core code docs

* chore: Add react jsdocs

* chore: Add jsdoc to translations

* chore: Add angular jsdocs

* chore: Update CONTRIBUTING.md

* chore: Update CONTRIBUTING.md (#1268)

* chore: Add migration and contributing reference to README.md

* feat(shadcn): add build workflow (#1269)

Co-authored-by: Darren Ackers <ackers86@hotmail.com>

* chore(*): resolved conflicts

* chore(*): lint and formatting and package regen

* fix(*): updated additional npm references

* fix(angular): updated package dist exports

* add cloud build config

* publish to beta tag

* add cloud logging option

* fix publish script

* turn off pnpm git checks, they were causing the CI publish to fail

* bump versions for continued testing

* chore: change shadcn to firebaseopensource.com (#1278)

* set version and tag dynamically based on tag or commit

* document the release process

* pass Cloud Build substitutions to publish.sh

* remove dry run publish flag

* explicitly set access to public, since the default access level for scoped packages is restricted

* run npm pkg fix on shadcn package json after publish errors

* build seems to generate .mjs, not .js

* never mind on the mjs thing?

* small change just to re-trigger CI

* publish a new beta tag version of shadcn for testing

* switch to pnpm publish

* fix ""Command ""version"" not found"" from pnpm

* fix(angular): added angular version for usage statistics tracking

* fix(shadcn): updated shadcn example registry to firebaseopensource.com

---------

Co-authored-by: Elliot Hesp <elliot.hesp@gmail.com>
Co-authored-by: Jeff Huleatt <3759507+jhuleatt@users.noreply.github.com>",2025-12-02 16:52:58+00:00
firebase/firebaseui-web,b1b95708aa5e067a47fea204b0d109a08d0c94d9,https://github.com/firebase/firebaseui-web/commit/b1b95708aa5e067a47fea204b0d109a08d0c94d9 ,add beta tag to install instructions,2025-12-02 19:36:25+00:00
firebase/firebaseui-web,1809b087dffaa2cbdd622341a5e66da1dcceb3d7,https://github.com/firebase/firebaseui-web/commit/1809b087dffaa2cbdd622341a5e66da1dcceb3d7 ,fix link to v6,2025-12-02 19:38:17+00:00
flexera-public/policy_templates,64b40d65c4e3776c01e1f79444a5decafb81c581,https://github.com/flexera-public/policy_templates/commit/64b40d65c4e3776c01e1f79444a5decafb81c581 ,"Update README Policy Table of Contents (#1721)

Co-authored-by: XOmniverse <XOmniverse@users.noreply.github.com>",2024-01-03 20:55:14+00:00
flexera-public/policy_templates,037122ecdc279ed3726d5b138cc391998418cd7c,https://github.com/flexera-public/policy_templates/commit/037122ecdc279ed3726d5b138cc391998418cd7c ,"Update README Policy Table of Contents (#1740)

Co-authored-by: XOmniverse <XOmniverse@users.noreply.github.com>",2024-01-16 13:25:51+00:00
flexera-public/policy_templates,0bffeee3db18d8be9046b85dc7654c8b3f7b79cd,https://github.com/flexera-public/policy_templates/commit/0bffeee3db18d8be9046b85dc7654c8b3f7b79cd ,"Update README Policy Table of Contents (#1744)

Co-authored-by: XOmniverse <XOmniverse@users.noreply.github.com>",2024-01-16 13:39:32+00:00
flexera-public/policy_templates,d02c09a7a92576712aec30cb23d46ff91fb2678c,https://github.com/flexera-public/policy_templates/commit/d02c09a7a92576712aec30cb23d46ff91fb2678c ,"Update README Policy Table of Contents (#1779)

Co-authored-by: nia-vf1 <nia-vf1@users.noreply.github.com>",2024-02-01 15:22:07+00:00
flexera-public/policy_templates,24dbc8165d9002c34b165989ffc038e51c41812e,https://github.com/flexera-public/policy_templates/commit/24dbc8165d9002c34b165989ffc038e51c41812e ,"Update README Policy Table of Contents (#1784)

Co-authored-by: XOmniverse <XOmniverse@users.noreply.github.com>",2024-02-02 14:33:06+00:00
flexera-public/policy_templates,9006447dba9c9f505517d1a1e0d89c3ba71b5fed,https://github.com/flexera-public/policy_templates/commit/9006447dba9c9f505517d1a1e0d89c3ba71b5fed ,"Update README Policy Table of Contents (#1788)

Co-authored-by: midir99 <midir99@users.noreply.github.com>",2024-02-05 09:09:21+00:00
flexera-public/policy_templates,a869be23b0c30f556b03d6551dd7dd6e0f2684c8,https://github.com/flexera-public/policy_templates/commit/a869be23b0c30f556b03d6551dd7dd6e0f2684c8 ,"Update README Policy Table of Contents (#1794)

Co-authored-by: XOmniverse <XOmniverse@users.noreply.github.com>",2024-02-05 19:00:07+00:00
flexera-public/policy_templates,1f6237c6237319857afe36509943992c925fe061,https://github.com/flexera-public/policy_templates/commit/1f6237c6237319857afe36509943992c925fe061 ,"Update README Policy Table of Contents (#1796)

Co-authored-by: XOmniverse <XOmniverse@users.noreply.github.com>",2024-02-05 21:13:11+00:00
flexera-public/policy_templates,0522b828298c39354b532375b515a431b8bcc3c6,https://github.com/flexera-public/policy_templates/commit/0522b828298c39354b532375b515a431b8bcc3c6 ,"Update README Policy Table of Contents (#1801)

Co-authored-by: XOmniverse <XOmniverse@users.noreply.github.com>",2024-02-07 15:17:50+00:00
flexera-public/policy_templates,95c763bb023372eeb020c48d58acef6abaa25489,https://github.com/flexera-public/policy_templates/commit/95c763bb023372eeb020c48d58acef6abaa25489 ,"Update README Policy Table of Contents (#1821)

Co-authored-by: XOmniverse <XOmniverse@users.noreply.github.com>",2024-02-13 13:11:50+00:00
flexera-public/policy_templates,5a9dc2d5d4d0f015723cd2f345a34a74a5546ce6,https://github.com/flexera-public/policy_templates/commit/5a9dc2d5d4d0f015723cd2f345a34a74a5546ce6 ,"Update README Policy Table of Contents (#1831)

Co-authored-by: XOmniverse <XOmniverse@users.noreply.github.com>",2024-02-16 13:31:08+00:00
flexera-public/policy_templates,2e34b5e4377273218509fd6ec9afa94eeabcc911,https://github.com/flexera-public/policy_templates/commit/2e34b5e4377273218509fd6ec9afa94eeabcc911 ,"Update README Policy Table of Contents (#1843)

Co-authored-by: XOmniverse <XOmniverse@users.noreply.github.com>",2024-02-21 13:09:05+00:00
flexera-public/policy_templates,8378c2b539e4f92418119d0dc8be683d63b8d4be,https://github.com/flexera-public/policy_templates/commit/8378c2b539e4f92418119d0dc8be683d63b8d4be ,"Update README Policy Table of Contents (#1852)

Co-authored-by: XOmniverse <XOmniverse@users.noreply.github.com>",2024-02-23 13:39:35+00:00
flexera-public/policy_templates,eaf5e613979c9a97616d9d1b38091c1ecae4650e,https://github.com/flexera-public/policy_templates/commit/eaf5e613979c9a97616d9d1b38091c1ecae4650e ,"Update README Policy Table of Contents (#1857)

Co-authored-by: midir99 <midir99@users.noreply.github.com>",2024-02-23 18:02:49+00:00
flexera-public/policy_templates,e951bda8c7d62a33db4612c64ce2c4d370495201,https://github.com/flexera-public/policy_templates/commit/e951bda8c7d62a33db4612c64ce2c4d370495201 ,"Update README Policy Table of Contents (#1862)

Co-authored-by: XOmniverse <XOmniverse@users.noreply.github.com>",2024-02-26 18:18:57+00:00
flexera-public/policy_templates,3b36d07729f9b1be947e09e23e4fad59a2da9764,https://github.com/flexera-public/policy_templates/commit/3b36d07729f9b1be947e09e23e4fad59a2da9764 ,"Update README Policy Table of Contents (#1871)

Co-authored-by: XOmniverse <XOmniverse@users.noreply.github.com>",2024-02-27 16:44:38+00:00
flexera-public/policy_templates,c86f2db76caaa734f60dbea04d7ed942ebc32ad9,https://github.com/flexera-public/policy_templates/commit/c86f2db76caaa734f60dbea04d7ed942ebc32ad9 ,"Update README Policy Table of Contents (#1876)

Co-authored-by: XOmniverse <XOmniverse@users.noreply.github.com>",2024-02-27 21:43:29+00:00
flexera-public/policy_templates,006d6ddfe4927da10d42de75d191b37c96db559d,https://github.com/flexera-public/policy_templates/commit/006d6ddfe4927da10d42de75d191b37c96db559d ,"Update README Policy Table of Contents (#1887)

Co-authored-by: XOmniverse <XOmniverse@users.noreply.github.com>",2024-02-29 13:05:48+00:00
flexera-public/policy_templates,d1da4c4e1acac8ab5f9ce3bcf478305364c58133,https://github.com/flexera-public/policy_templates/commit/d1da4c4e1acac8ab5f9ce3bcf478305364c58133 ,"Update README Policy Table of Contents (#1890)

Co-authored-by: XOmniverse <XOmniverse@users.noreply.github.com>",2024-02-29 13:59:43+00:00
flexera-public/policy_templates,dbb53699b297bcad8919fc84bd0bf0738edd5d11,https://github.com/flexera-public/policy_templates/commit/dbb53699b297bcad8919fc84bd0bf0738edd5d11 ,"Update README Policy Table of Contents (#1901)

Co-authored-by: night-codes <night-codes@users.noreply.github.com>",2024-03-01 21:44:06+00:00
flexera-public/policy_templates,68d2be395cedb81691e953a219e961b909bdb009,https://github.com/flexera-public/policy_templates/commit/68d2be395cedb81691e953a219e961b909bdb009 ,"Update README Policy Table of Contents (#1915)

Co-authored-by: XOmniverse <XOmniverse@users.noreply.github.com>",2024-03-06 13:17:55+00:00
flexera-public/policy_templates,807d7c81037598e25144f5cacd455225c1c142fa,https://github.com/flexera-public/policy_templates/commit/807d7c81037598e25144f5cacd455225c1c142fa ,"Update README Policy Table of Contents (#1935)

Co-authored-by: XOmniverse <XOmniverse@users.noreply.github.com>",2024-03-20 18:57:17+00:00
flexera-public/policy_templates,cb1bae25588396e5c5f70bb34cc973c500a41407,https://github.com/flexera-public/policy_templates/commit/cb1bae25588396e5c5f70bb34cc973c500a41407 ,"Update README Policy Table of Contents (#1940)

Co-authored-by: XOmniverse <XOmniverse@users.noreply.github.com>",2024-03-21 20:04:09+00:00
flexera-public/policy_templates,ee9381a97742bb24f11fbed0c0b75ce24d64908c,https://github.com/flexera-public/policy_templates/commit/ee9381a97742bb24f11fbed0c0b75ce24d64908c ,"POL-1161 Move currency_reference.json (#1949)

* update

* update

* update

* update

* update",2024-03-22 14:36:00+00:00
flexera-public/policy_templates,0d475cd54bad0eedf202abbc041d5a70f4253223,https://github.com/flexera-public/policy_templates/commit/0d475cd54bad0eedf202abbc041d5a70f4253223 ,"POL-1187 Update Master README To Remove CMP References (#2000)

* update

* fix

* update",2024-04-02 15:36:53+00:00
flexera-public/policy_templates,3643737ae24aa212f3073f3f81c8a795adf70bf5,https://github.com/flexera-public/policy_templates/commit/3643737ae24aa212f3073f3f81c8a795adf70bf5 ,"Update README Policy Table of Contents (#2005)

Co-authored-by: XOmniverse <XOmniverse@users.noreply.github.com>",2024-04-02 15:38:16+00:00
flexera-public/policy_templates,262e5030691d51300409cb882b1d127795f84bd2,https://github.com/flexera-public/policy_templates/commit/262e5030691d51300409cb882b1d127795f84bd2 ,"Update README Policy Table of Contents (#2023)

Co-authored-by: XOmniverse <XOmniverse@users.noreply.github.com>",2024-04-05 13:36:20+00:00
flexera-public/policy_templates,24d3aa150fd4b742e3d68c5ce05f2a6c8551e9ac,https://github.com/flexera-public/policy_templates/commit/24d3aa150fd4b742e3d68c5ce05f2a6c8551e9ac ,"Update README Policy Table of Contents (#2030)

Co-authored-by: XOmniverse <XOmniverse@users.noreply.github.com>",2024-04-08 12:26:07+00:00
flexera-public/policy_templates,33860c58a4da9c38624f624ee2cd13ac3819a3c2,https://github.com/flexera-public/policy_templates/commit/33860c58a4da9c38624f624ee2cd13ac3819a3c2 ,"Update README Policy Table of Contents (#2034)

Co-authored-by: nia-vf1 <nia-vf1@users.noreply.github.com>",2024-04-09 14:28:27+00:00
flexera-public/policy_templates,5564880234428a7e29e0787038529d3833f708b3,https://github.com/flexera-public/policy_templates/commit/5564880234428a7e29e0787038529d3833f708b3 ,"Update README Policy Table of Contents (#2038)

Co-authored-by: nia-vf1 <nia-vf1@users.noreply.github.com>",2024-04-10 08:46:08+00:00
flexera-public/policy_templates,c732906641c13b12ac029ed2b37d2165a29cd8e1,https://github.com/flexera-public/policy_templates/commit/c732906641c13b12ac029ed2b37d2165a29cd8e1 ,"Update README Policy Table of Contents (#2041)

Co-authored-by: XOmniverse <XOmniverse@users.noreply.github.com>",2024-04-10 13:26:58+00:00
flexera-public/policy_templates,3b757bf08af1b8230b3c4520afbfb3ac4fe47277,https://github.com/flexera-public/policy_templates/commit/3b757bf08af1b8230b3c4520afbfb3ac4fe47277 ,"Update README Policy Table of Contents (#2043)

Co-authored-by: nia-vf1 <nia-vf1@users.noreply.github.com>",2024-04-10 16:03:35+00:00
flexera-public/policy_templates,9e0ffb44722d5631bb460fa165b2c0221fac3826,https://github.com/flexera-public/policy_templates/commit/9e0ffb44722d5631bb460fa165b2c0221fac3826 ,"Update README Policy Table of Contents (#2047)

Co-authored-by: nia-vf1 <nia-vf1@users.noreply.github.com>",2024-04-11 08:44:20+00:00
flexera-public/policy_templates,d3d1186818f82472b9e8505b5ff14dbd06deea6d,https://github.com/flexera-public/policy_templates/commit/d3d1186818f82472b9e8505b5ff14dbd06deea6d ,"Update README Policy Table of Contents (#2049)

Co-authored-by: nia-vf1 <nia-vf1@users.noreply.github.com>",2024-04-11 10:12:25+00:00
flexera-public/policy_templates,fc33ff56bde148d9cd167b62c2b9229b3b5a66f1,https://github.com/flexera-public/policy_templates/commit/fc33ff56bde148d9cd167b62c2b9229b3b5a66f1 ,"Update README Policy Table of Contents (#2056)

Co-authored-by: XOmniverse <XOmniverse@users.noreply.github.com>",2024-04-15 14:11:16+00:00
flexera-public/policy_templates,2806c57d98cf1eeee26f86b6c28b8942b36275a5,https://github.com/flexera-public/policy_templates/commit/2806c57d98cf1eeee26f86b6c28b8942b36275a5 ,"Update README Policy Table of Contents (#2064)

Co-authored-by: bryankaraffa <bryankaraffa@users.noreply.github.com>",2024-04-15 20:41:08+00:00
flexera-public/policy_templates,ff79127e450a6a2fc6246eb055965c80f7463c1e,https://github.com/flexera-public/policy_templates/commit/ff79127e450a6a2fc6246eb055965c80f7463c1e ,"Update README Policy Table of Contents (#2072)

Co-authored-by: XOmniverse <XOmniverse@users.noreply.github.com>",2024-04-16 13:55:54+00:00
flexera-public/policy_templates,9991a58aad0d19567cbb5dfe59ee163e8a7002e3,https://github.com/flexera-public/policy_templates/commit/9991a58aad0d19567cbb5dfe59ee163e8a7002e3 ,"Update README Policy Table of Contents (#2077)

Co-authored-by: XOmniverse <XOmniverse@users.noreply.github.com>",2024-04-17 12:11:39+00:00
flexera-public/policy_templates,32d36789511a847a410b1c40137c1d0eecd3e705,https://github.com/flexera-public/policy_templates/commit/32d36789511a847a410b1c40137c1d0eecd3e705 ,"Update README Policy Table of Contents (#2105)

Co-authored-by: XOmniverse <XOmniverse@users.noreply.github.com>",2024-04-22 13:12:01+00:00
flexera-public/policy_templates,e615973b3df73f8917950e1f425f688562e1022b,https://github.com/flexera-public/policy_templates/commit/e615973b3df73f8917950e1f425f688562e1022b ,"Update README Policy Table of Contents (#2114)

Co-authored-by: XOmniverse <XOmniverse@users.noreply.github.com>",2024-04-23 12:06:23+00:00
flexera-public/policy_templates,470e900220e4f4bd22caa6f2aa5535dab8438772,https://github.com/flexera-public/policy_templates/commit/470e900220e4f4bd22caa6f2aa5535dab8438772 ,"Update README Policy Table of Contents (#2120)

Co-authored-by: XOmniverse <XOmniverse@users.noreply.github.com>",2024-04-24 13:59:54+00:00
flexera-public/policy_templates,1a293d4af208fe6386a6b9b83157b22355d9240e,https://github.com/flexera-public/policy_templates/commit/1a293d4af208fe6386a6b9b83157b22355d9240e ,"Update README Policy Table of Contents (#2125)

Co-authored-by: XOmniverse <XOmniverse@users.noreply.github.com>",2024-04-24 19:26:17+00:00
flexera-public/policy_templates,1167e6baec920e3c8204e87ba814b28b959af8ce,https://github.com/flexera-public/policy_templates/commit/1167e6baec920e3c8204e87ba814b28b959af8ce ,"Update README Policy Table of Contents (#2140)

Co-authored-by: XOmniverse <XOmniverse@users.noreply.github.com>",2024-04-30 14:15:33+00:00
flexera-public/policy_templates,2d70d5422dbbcad5595c69458a76b4c0eb585223,https://github.com/flexera-public/policy_templates/commit/2d70d5422dbbcad5595c69458a76b4c0eb585223 ,"Update README Policy Table of Contents (#2144)

Co-authored-by: XOmniverse <XOmniverse@users.noreply.github.com>",2024-04-30 17:32:55+00:00
flexera-public/policy_templates,9daf5a12eecb01f8ead84be74b538436538c67a9,https://github.com/flexera-public/policy_templates/commit/9daf5a12eecb01f8ead84be74b538436538c67a9 ,"Update README Policy Table of Contents (#2148)

Co-authored-by: XOmniverse <XOmniverse@users.noreply.github.com>",2024-05-01 15:54:27+00:00
flexera-public/policy_templates,d1f9b0eec3b3d2233430a9cd758c2faaed3cb54a,https://github.com/flexera-public/policy_templates/commit/d1f9b0eec3b3d2233430a9cd758c2faaed3cb54a ,"Update README Policy Table of Contents (#2154)

Co-authored-by: XOmniverse <XOmniverse@users.noreply.github.com>",2024-05-02 12:16:00+00:00
flexera-public/policy_templates,d8faa3003bcc681f937e593d563efff0ad2c6c97,https://github.com/flexera-public/policy_templates/commit/d8faa3003bcc681f937e593d563efff0ad2c6c97 ,"Update README Policy Table of Contents (#2160)

Co-authored-by: XOmniverse <XOmniverse@users.noreply.github.com>",2024-05-02 13:16:04+00:00
flexera-public/policy_templates,93ed25efdf501cda7902d275ccd6b0db77e4fb1f,https://github.com/flexera-public/policy_templates/commit/93ed25efdf501cda7902d275ccd6b0db77e4fb1f ,"Update README Policy Table of Contents (#2162)

Co-authored-by: XOmniverse <XOmniverse@users.noreply.github.com>",2024-05-02 17:36:46+00:00
flexera-public/policy_templates,0e7d3b272461885662581839f988f765e6601654,https://github.com/flexera-public/policy_templates/commit/0e7d3b272461885662581839f988f765e6601654 ,"Update README Policy Table of Contents (#2178)

Co-authored-by: XOmniverse <XOmniverse@users.noreply.github.com>",2024-05-08 12:14:17+00:00
flexera-public/policy_templates,0afb39f6b67d68685fa714fab0062c009fd84b85,https://github.com/flexera-public/policy_templates/commit/0afb39f6b67d68685fa714fab0062c009fd84b85 ,"Update README Policy Table of Contents (#2185)

Co-authored-by: XOmniverse <XOmniverse@users.noreply.github.com>",2024-05-08 16:33:29+00:00
flexera-public/policy_templates,ab16f2404188d2464e15a26f2e77b80d3e8b15db,https://github.com/flexera-public/policy_templates/commit/ab16f2404188d2464e15a26f2e77b80d3e8b15db ,"Update README Policy Table of Contents (#2191)

Co-authored-by: XOmniverse <XOmniverse@users.noreply.github.com>",2024-05-09 14:14:32+00:00
flexera-public/policy_templates,de98c78b0e87a08a3e7b72534877ad0634e2e7a1,https://github.com/flexera-public/policy_templates/commit/de98c78b0e87a08a3e7b72534877ad0634e2e7a1 ,"Update README Policy Table of Contents (#2196)

Co-authored-by: XOmniverse <XOmniverse@users.noreply.github.com>",2024-05-10 12:45:35+00:00
flexera-public/policy_templates,7de21c94f9bb5564a6e25efe688daa8b0b829225,https://github.com/flexera-public/policy_templates/commit/7de21c94f9bb5564a6e25efe688daa8b0b829225 ,"Update README Policy Table of Contents (#2209)

Co-authored-by: XOmniverse <XOmniverse@users.noreply.github.com>",2024-05-14 13:21:21+00:00
flexera-public/policy_templates,ddee78607dd67bcc2a1f3cffce5e9049097811df,https://github.com/flexera-public/policy_templates/commit/ddee78607dd67bcc2a1f3cffce5e9049097811df ,"Update README Policy Table of Contents (#2211)

Co-authored-by: XOmniverse <XOmniverse@users.noreply.github.com>",2024-05-14 14:23:18+00:00
flexera-public/policy_templates,d92981f1a192132e5b720e1b34fc8d27448557ef,https://github.com/flexera-public/policy_templates/commit/d92981f1a192132e5b720e1b34fc8d27448557ef ,"Update README Policy Table of Contents (#2213)

Co-authored-by: XOmniverse <XOmniverse@users.noreply.github.com>",2024-05-14 14:44:07+00:00
flexera-public/policy_templates,4ecfcfe83b8338bd9d3bc453f49f829ab9d9aa51,https://github.com/flexera-public/policy_templates/commit/4ecfcfe83b8338bd9d3bc453f49f829ab9d9aa51 ,"Update README Policy Table of Contents (#2217)

Co-authored-by: XOmniverse <XOmniverse@users.noreply.github.com>",2024-05-14 20:19:08+00:00
flexera-public/policy_templates,e5538ef7204b0811dcfbf8abe643eee70566886f,https://github.com/flexera-public/policy_templates/commit/e5538ef7204b0811dcfbf8abe643eee70566886f ,"Update README Policy Table of Contents (#2222)

Co-authored-by: XOmniverse <XOmniverse@users.noreply.github.com>",2024-05-16 12:51:23+00:00
flexera-public/policy_templates,170a0858bd49159fe7ee7b8ab1d553921fbc4004,https://github.com/flexera-public/policy_templates/commit/170a0858bd49159fe7ee7b8ab1d553921fbc4004 ,"Update README Policy Table of Contents (#2233)

Co-authored-by: XOmniverse <XOmniverse@users.noreply.github.com>",2024-05-20 12:24:10+00:00
flexera-public/policy_templates,a0f405f861118c4d2d312267441c3a8cab51d526,https://github.com/flexera-public/policy_templates/commit/a0f405f861118c4d2d312267441c3a8cab51d526 ,"Update README Policy Table of Contents (#2241)

Co-authored-by: XOmniverse <XOmniverse@users.noreply.github.com>",2024-05-21 12:35:33+00:00
flexera-public/policy_templates,6853a217f5f3ef43d2b3bf80d5b6e7ebe485fd57,https://github.com/flexera-public/policy_templates/commit/6853a217f5f3ef43d2b3bf80d5b6e7ebe485fd57 ,"Update README Policy Table of Contents (#2244)

Co-authored-by: XOmniverse <XOmniverse@users.noreply.github.com>",2024-05-22 14:08:51+00:00
flexera-public/policy_templates,392513cf1da4be256cb23b8b0b3546eb03a6bd11,https://github.com/flexera-public/policy_templates/commit/392513cf1da4be256cb23b8b0b3546eb03a6bd11 ,"Update README Policy Table of Contents (#2265)

Co-authored-by: nia-vf1 <nia-vf1@users.noreply.github.com>",2024-05-29 12:32:38+00:00
flexera-public/policy_templates,a751bd71bd5943a0011b769044ed659ea295fe0a,https://github.com/flexera-public/policy_templates/commit/a751bd71bd5943a0011b769044ed659ea295fe0a ,"Update README Policy Table of Contents (#2296)

Co-authored-by: XOmniverse <XOmniverse@users.noreply.github.com>",2024-06-04 13:34:29+00:00
flexera-public/policy_templates,3c0023b6f41b6ba644a332b3cad3b2f59162446e,https://github.com/flexera-public/policy_templates/commit/3c0023b6f41b6ba644a332b3cad3b2f59162446e ,"Update README Policy Table of Contents (#2304)

Co-authored-by: bryankaraffa <bryankaraffa@users.noreply.github.com>",2024-06-05 18:42:10+00:00
flexera-public/policy_templates,df1adb39a1bd301aa14fef2ea429859ce88b5223,https://github.com/flexera-public/policy_templates/commit/df1adb39a1bd301aa14fef2ea429859ce88b5223 ,"Update README Policy Table of Contents (#2322)

Co-authored-by: XOmniverse <XOmniverse@users.noreply.github.com>",2024-06-13 13:25:27+00:00
flexera-public/policy_templates,6ae965a0c19e0a998822daf4298ffc4a8a84cae0,https://github.com/flexera-public/policy_templates/commit/6ae965a0c19e0a998822daf4298ffc4a8a84cae0 ,"Update README Policy Table of Contents (#2327)

Co-authored-by: XOmniverse <XOmniverse@users.noreply.github.com>",2024-06-14 14:18:19+00:00
flexera-public/policy_templates,aac51e205d33a0d66784d0a5d78ba7e945de32f5,https://github.com/flexera-public/policy_templates/commit/aac51e205d33a0d66784d0a5d78ba7e945de32f5 ,"Update README Policy Table of Contents (#2332)

Co-authored-by: XOmniverse <XOmniverse@users.noreply.github.com>",2024-06-17 12:14:47+00:00
flexera-public/policy_templates,8535aeb66121997adea04980c787575ea769bc7c,https://github.com/flexera-public/policy_templates/commit/8535aeb66121997adea04980c787575ea769bc7c ,"Update README Policy Table of Contents (#2337)

Co-authored-by: XOmniverse <XOmniverse@users.noreply.github.com>",2024-06-21 12:14:13+00:00
flexera-public/policy_templates,7dbda8bb881f5dca87d0d905b612342ca8388630,https://github.com/flexera-public/policy_templates/commit/7dbda8bb881f5dca87d0d905b612342ca8388630 ,"Update README Policy Table of Contents (#2342)

Co-authored-by: XOmniverse <XOmniverse@users.noreply.github.com>",2024-06-24 17:32:39+00:00
flexera-public/policy_templates,adb87b42405fef0287c3556697de02a56bb81e32,https://github.com/flexera-public/policy_templates/commit/adb87b42405fef0287c3556697de02a56bb81e32 ,"Update README Policy Table of Contents (#2346)

Co-authored-by: bryankaraffa <bryankaraffa@users.noreply.github.com>",2024-06-25 21:21:19+00:00
flexera-public/policy_templates,ee6725b806810083ca68c7ff7c2df18527dcf562,https://github.com/flexera-public/policy_templates/commit/ee6725b806810083ca68c7ff7c2df18527dcf562 ,"Update README Policy Table of Contents (#2349)

Co-authored-by: XOmniverse <XOmniverse@users.noreply.github.com>",2024-06-26 12:13:50+00:00
flexera-public/policy_templates,c41d585ee1f20a80f63742878cc49293121aa0cc,https://github.com/flexera-public/policy_templates/commit/c41d585ee1f20a80f63742878cc49293121aa0cc ,"POL-1273 Meta Parent Global README Fix (#2351)

* update

* fix

* done

* update

* update",2024-06-26 15:17:16+00:00
flexera-public/policy_templates,ebde04e0b31d983d6810546e700a19526555313a,https://github.com/flexera-public/policy_templates/commit/ebde04e0b31d983d6810546e700a19526555313a ,"Update README Policy Table of Contents (#2352)

Co-authored-by: XOmniverse <XOmniverse@users.noreply.github.com>",2024-06-26 15:52:23+00:00
flexera-public/policy_templates,820e9fe31317cd36f32297603ff0205de3526981,https://github.com/flexera-public/policy_templates/commit/820e9fe31317cd36f32297603ff0205de3526981 ,"Update README Policy Table of Contents (#2356)

Co-authored-by: XOmniverse <XOmniverse@users.noreply.github.com>",2024-06-27 12:11:16+00:00
flexera-public/policy_templates,4435b3027df1dde0b5e1e39ce07c945a692f5927,https://github.com/flexera-public/policy_templates/commit/4435b3027df1dde0b5e1e39ce07c945a692f5927 ,FOPTS-3684 Azure Synapse SQL Pools (#2261),2024-06-27 22:32:04+00:00
flexera-public/policy_templates,a9da0b61696b317a4a04875c0cca450721991a55,https://github.com/flexera-public/policy_templates/commit/a9da0b61696b317a4a04875c0cca450721991a55 ,"Update README Policy Table of Contents (#2364)

Co-authored-by: XOmniverse <XOmniverse@users.noreply.github.com>",2024-06-28 12:04:26+00:00
flexera-public/policy_templates,486656211d99bfb13dde06830b1c3d1c9d840ed7,https://github.com/flexera-public/policy_templates/commit/486656211d99bfb13dde06830b1c3d1c9d840ed7 ,"Update README Policy Table of Contents (#2372)

Co-authored-by: XOmniverse <XOmniverse@users.noreply.github.com>",2024-07-01 15:08:07+00:00
flexera-public/policy_templates,db9a4f4541bfa029095159a62bf9294dbb479713,https://github.com/flexera-public/policy_templates/commit/db9a4f4541bfa029095159a62bf9294dbb479713 ,"Update README Policy Table of Contents (#2377)

Co-authored-by: XOmniverse <XOmniverse@users.noreply.github.com>",2024-07-02 14:36:54+00:00
flexera-public/policy_templates,bc71785f7a25259ee891e0ace6ac3b07fca757b2,https://github.com/flexera-public/policy_templates/commit/bc71785f7a25259ee891e0ace6ac3b07fca757b2 ,"Update README Policy Table of Contents (#2379)

Co-authored-by: XOmniverse <XOmniverse@users.noreply.github.com>",2024-07-02 14:55:19+00:00
flexera-public/policy_templates,9a00382661b171cae917dad827948438c638630a,https://github.com/flexera-public/policy_templates/commit/9a00382661b171cae917dad827948438c638630a ,"Update README Policy Table of Contents (#2390)

Co-authored-by: XOmniverse <XOmniverse@users.noreply.github.com>",2024-07-09 12:06:54+00:00
flexera-public/policy_templates,b41e4fbd26e1a9b2466a3e82a9b5059f6693f9d0,https://github.com/flexera-public/policy_templates/commit/b41e4fbd26e1a9b2466a3e82a9b5059f6693f9d0 ,"Update README Policy Table of Contents (#2397)

Co-authored-by: XOmniverse <XOmniverse@users.noreply.github.com>",2024-07-09 20:04:54+00:00
flexera-public/policy_templates,06a1ab298915a5203b4cbc5e773d57481d1b0043,https://github.com/flexera-public/policy_templates/commit/06a1ab298915a5203b4cbc5e773d57481d1b0043 ,"Update README Policy Table of Contents (#2401)

Co-authored-by: XOmniverse <XOmniverse@users.noreply.github.com>",2024-07-09 20:17:50+00:00
flexera-public/policy_templates,53df181b06f6f014f6eaa5154578d8922dee1a07,https://github.com/flexera-public/policy_templates/commit/53df181b06f6f014f6eaa5154578d8922dee1a07 ,"Update README Policy Table of Contents (#2412)

Co-authored-by: XOmniverse <XOmniverse@users.noreply.github.com>",2024-07-15 19:43:34+00:00
flexera-public/policy_templates,17f0f57f1be24011c9ffef6d78c47cc376460d10,https://github.com/flexera-public/policy_templates/commit/17f0f57f1be24011c9ffef6d78c47cc376460d10 ,"Update README Policy Table of Contents (#2422)

Co-authored-by: XOmniverse <XOmniverse@users.noreply.github.com>",2024-07-16 12:13:04+00:00
flexera-public/policy_templates,eabd8ba479a8d29593e6ab89676676fd96118e70,https://github.com/flexera-public/policy_templates/commit/eabd8ba479a8d29593e6ab89676676fd96118e70 ,"Update README Policy Table of Contents (#2426)

Co-authored-by: XOmniverse <XOmniverse@users.noreply.github.com>",2024-07-17 13:20:57+00:00
flexera-public/policy_templates,b2bb33c03352329424e67397e7f87195c06982e4,https://github.com/flexera-public/policy_templates/commit/b2bb33c03352329424e67397e7f87195c06982e4 ,"Update README Policy Table of Contents (#2430)

Co-authored-by: XOmniverse <XOmniverse@users.noreply.github.com>",2024-07-19 13:02:12+00:00
flexera-public/policy_templates,7288c25605c996cf6699543fca9ddf1d07d7eeba,https://github.com/flexera-public/policy_templates/commit/7288c25605c996cf6699543fca9ddf1d07d7eeba ,"Update README Policy Table of Contents (#2435)

Co-authored-by: XOmniverse <XOmniverse@users.noreply.github.com>",2024-07-19 14:45:57+00:00
flexera-public/policy_templates,657490d022f6e9277df06399cd25cbcc964b1308,https://github.com/flexera-public/policy_templates/commit/657490d022f6e9277df06399cd25cbcc964b1308 ,"Update README Policy Table of Contents (#2445)

Co-authored-by: XOmniverse <XOmniverse@users.noreply.github.com>",2024-07-22 12:37:12+00:00
flexera-public/policy_templates,677c64871d3e7dedee059f59635fb145bde808d1,https://github.com/flexera-public/policy_templates/commit/677c64871d3e7dedee059f59635fb145bde808d1 ,"Update README Policy Table of Contents (#2448)

Co-authored-by: XOmniverse <XOmniverse@users.noreply.github.com>",2024-07-22 15:41:35+00:00
flexera-public/policy_templates,ec75646dba01de65167935306ca516b9e6d1ae7e,https://github.com/flexera-public/policy_templates/commit/ec75646dba01de65167935306ca516b9e6d1ae7e ,"Update README Policy Table of Contents (#2454)

Co-authored-by: XOmniverse <XOmniverse@users.noreply.github.com>",2024-07-24 17:23:19+00:00
flexera-public/policy_templates,4dedf4fbb6ceb357cc5a8a025c65c4cb00030090,https://github.com/flexera-public/policy_templates/commit/4dedf4fbb6ceb357cc5a8a025c65c4cb00030090 ,"Update README Policy Table of Contents (#2466)

Co-authored-by: XOmniverse <XOmniverse@users.noreply.github.com>",2024-07-26 12:18:30+00:00
flexera-public/policy_templates,f12debf02b815f7bf182d96f1b8f61074b3fd497,https://github.com/flexera-public/policy_templates/commit/f12debf02b815f7bf182d96f1b8f61074b3fd497 ,"Update README Policy Table of Contents (#2479)

Co-authored-by: XOmniverse <XOmniverse@users.noreply.github.com>",2024-07-31 12:10:24+00:00
flexera-public/policy_templates,9d8d584f27e3e6ef01c4759101328e25d752f842,https://github.com/flexera-public/policy_templates/commit/9d8d584f27e3e6ef01c4759101328e25d752f842 ,"Update README Policy Table of Contents (#2487)

Co-authored-by: XOmniverse <XOmniverse@users.noreply.github.com>",2024-07-31 20:59:46+00:00
flexera-public/policy_templates,bef2ccdc47634343f3872fe2d595ef940b9523a9,https://github.com/flexera-public/policy_templates/commit/bef2ccdc47634343f3872fe2d595ef940b9523a9 ,"Update README Policy Table of Contents (#2491)

Co-authored-by: XOmniverse <XOmniverse@users.noreply.github.com>",2024-08-01 12:35:34+00:00
flexera-public/policy_templates,afc9a522699850909b5d8c1923701220cd898da3,https://github.com/flexera-public/policy_templates/commit/afc9a522699850909b5d8c1923701220cd898da3 ,"Update README Policy Table of Contents (#2509)

Co-authored-by: XOmniverse <XOmniverse@users.noreply.github.com>",2024-08-08 13:14:53+00:00
flexera-public/policy_templates,ea04637fb86c6b1a905111d7010c6c54fe716e62,https://github.com/flexera-public/policy_templates/commit/ea04637fb86c6b1a905111d7010c6c54fe716e62 ,"Update README Policy Table of Contents (#2517)

Co-authored-by: XOmniverse <XOmniverse@users.noreply.github.com>",2024-08-09 13:22:33+00:00
flexera-public/policy_templates,6faa07b13ccf91fd9d3b194d1dbfe36ee0db2b6c,https://github.com/flexera-public/policy_templates/commit/6faa07b13ccf91fd9d3b194d1dbfe36ee0db2b6c ,"Update README Policy Table of Contents (#2519)

Co-authored-by: XOmniverse <XOmniverse@users.noreply.github.com>",2024-08-09 15:03:16+00:00
flexera-public/policy_templates,c6b93ea3f00a23f03cfc3a2f0870bced3e5587f4,https://github.com/flexera-public/policy_templates/commit/c6b93ea3f00a23f03cfc3a2f0870bced3e5587f4 ,"Update README Policy Table of Contents (#2538)

Co-authored-by: XOmniverse <XOmniverse@users.noreply.github.com>",2024-08-14 13:15:22+00:00
flexera-public/policy_templates,2443a631066190ab8ec972231da886c49e5a96b3,https://github.com/flexera-public/policy_templates/commit/2443a631066190ab8ec972231da886c49e5a96b3 ,"Update README Policy Table of Contents (#2548)

Co-authored-by: XOmniverse <XOmniverse@users.noreply.github.com>",2024-08-16 13:08:13+00:00
flexera-public/policy_templates,513d722c03810dbbde725028e25d2a52fd619c1f,https://github.com/flexera-public/policy_templates/commit/513d722c03810dbbde725028e25d2a52fd619c1f ,"Update README Policy Table of Contents (#2551)

Co-authored-by: XOmniverse <XOmniverse@users.noreply.github.com>",2024-08-16 20:36:01+00:00
flexera-public/policy_templates,9f4c6651efca436f4e29e873ae537aac1b51d812,https://github.com/flexera-public/policy_templates/commit/9f4c6651efca436f4e29e873ae537aac1b51d812 ,"Update README Policy Table of Contents (#2558)

Co-authored-by: XOmniverse <XOmniverse@users.noreply.github.com>",2024-08-19 18:16:02+00:00
flexera-public/policy_templates,806298daf340f42b6b93339fe24e280c3d091f02,https://github.com/flexera-public/policy_templates/commit/806298daf340f42b6b93339fe24e280c3d091f02 ,"Update README Policy Table of Contents (#2573)

Co-authored-by: nia-vf1 <nia-vf1@users.noreply.github.com>",2024-08-27 13:33:14+00:00
flexera-public/policy_templates,4fcb650f9b139f8fbac4c742c6b34b94adff7b66,https://github.com/flexera-public/policy_templates/commit/4fcb650f9b139f8fbac4c742c6b34b94adff7b66 ,"Update README Policy Table of Contents (#2582)

Co-authored-by: XOmniverse <XOmniverse@users.noreply.github.com>",2024-08-30 13:41:27+00:00
flexera-public/policy_templates,908963c97be763e8bcd66308544b2b38ef233acc,https://github.com/flexera-public/policy_templates/commit/908963c97be763e8bcd66308544b2b38ef233acc ,"Update README Policy Table of Contents (#2585)

Co-authored-by: XOmniverse <XOmniverse@users.noreply.github.com>",2024-08-30 19:28:59+00:00
flexera-public/policy_templates,06d41838400121be740269d7439eea1da0bd11b0,https://github.com/flexera-public/policy_templates/commit/06d41838400121be740269d7439eea1da0bd11b0 ,"Update README Policy Table of Contents (#2607)

Co-authored-by: XOmniverse <XOmniverse@users.noreply.github.com>",2024-09-04 12:11:17+00:00
flexera-public/policy_templates,97c906fed58e12410da65940aec46d9aab273edc,https://github.com/flexera-public/policy_templates/commit/97c906fed58e12410da65940aec46d9aab273edc ,"Update README Policy Table of Contents (#2628)

Co-authored-by: XOmniverse <XOmniverse@users.noreply.github.com>",2024-09-16 12:50:25+00:00
flexera-public/policy_templates,65ce32981692952f82113b012fda760dc7c6097e,https://github.com/flexera-public/policy_templates/commit/65ce32981692952f82113b012fda760dc7c6097e ,"Update README Policy Table of Contents (#2631)

Co-authored-by: XOmniverse <XOmniverse@users.noreply.github.com>",2024-09-16 17:48:27+00:00
flexera-public/policy_templates,ec2feb5c60e169e3ba7bf40d708c88d70b072221,https://github.com/flexera-public/policy_templates/commit/ec2feb5c60e169e3ba7bf40d708c88d70b072221 ,"Update README Policy Table of Contents (#2635)

Co-authored-by: XOmniverse <XOmniverse@users.noreply.github.com>",2024-09-17 18:34:05+00:00
flexera-public/policy_templates,31263440f0a27defbad2bbf86dde375a6343c582,https://github.com/flexera-public/policy_templates/commit/31263440f0a27defbad2bbf86dde375a6343c582 ,"Update README Policy Table of Contents (#2658)

Co-authored-by: XOmniverse <XOmniverse@users.noreply.github.com>",2024-09-23 15:36:37+00:00
flexera-public/policy_templates,8908d03089b39d8ea369e27625ccc334f60f0cbd,https://github.com/flexera-public/policy_templates/commit/8908d03089b39d8ea369e27625ccc334f60f0cbd ,"Update README Policy Table of Contents (#2661)

Co-authored-by: nia-vf1 <nia-vf1@users.noreply.github.com>",2024-09-23 15:56:54+00:00
flexera-public/policy_templates,e766bb706711277c721e85f53a671380e03ec186,https://github.com/flexera-public/policy_templates/commit/e766bb706711277c721e85f53a671380e03ec186 ,"Update README Policy Table of Contents (#2664)

Co-authored-by: XOmniverse <XOmniverse@users.noreply.github.com>",2024-09-23 17:10:10+00:00
flexera-public/policy_templates,7c37ef52cc6eee59e468febf30cd4687b240b5d7,https://github.com/flexera-public/policy_templates/commit/7c37ef52cc6eee59e468febf30cd4687b240b5d7 ,"Update README Policy Table of Contents (#2674)

Co-authored-by: XOmniverse <XOmniverse@users.noreply.github.com>",2024-09-25 14:10:44+00:00
flexera-public/policy_templates,1f535ac196e63a3599f923ce840f7ccb5b7e55b3,https://github.com/flexera-public/policy_templates/commit/1f535ac196e63a3599f923ce840f7ccb5b7e55b3 ,"Update README Policy Table of Contents (#2703)

Co-authored-by: XOmniverse <XOmniverse@users.noreply.github.com>",2024-10-01 12:30:44+00:00
flexera-public/policy_templates,3a5a0f0d0cf59f2f868991025a6276a6beadc080,https://github.com/flexera-public/policy_templates/commit/3a5a0f0d0cf59f2f868991025a6276a6beadc080 ,"Update README Policy Table of Contents (#2714)

Co-authored-by: XOmniverse <XOmniverse@users.noreply.github.com>",2024-10-03 15:13:16+00:00
flexera-public/policy_templates,2269c7eeae50a0a5d05390643ab83a7a0c21fbec,https://github.com/flexera-public/policy_templates/commit/2269c7eeae50a0a5d05390643ab83a7a0c21fbec ,"Update README Policy Table of Contents (#2740)

Co-authored-by: XOmniverse <XOmniverse@users.noreply.github.com>",2024-10-09 17:15:39+00:00
flexera-public/policy_templates,e803a7957e30c93150c6160f41ffd7ed23ad29b4,https://github.com/flexera-public/policy_templates/commit/e803a7957e30c93150c6160f41ffd7ed23ad29b4 ,"Update README Policy Table of Contents (#2769)

Co-authored-by: XOmniverse <XOmniverse@users.noreply.github.com>",2024-10-21 12:17:31+00:00
flexera-public/policy_templates,9956b1b72f8531f05492bbda39610afb9389014b,https://github.com/flexera-public/policy_templates/commit/9956b1b72f8531f05492bbda39610afb9389014b ,"POL-1400 Fix Invalid Recommendations: Azure Rightsize SQL Managed Instances (#2774)

* update

* fix

* update

* fix

* update

* fix

* update

* update

* update

* update",2024-10-22 14:45:54+00:00
flexera-public/policy_templates,1942e6007d29e0b7604ad805794303eaa4a2420a,https://github.com/flexera-public/policy_templates/commit/1942e6007d29e0b7604ad805794303eaa4a2420a ,"Update README Policy Table of Contents (#2781)

Co-authored-by: bryankaraffa <bryankaraffa@users.noreply.github.com>",2024-10-24 19:55:29+00:00
flexera-public/policy_templates,b9a29d04aba5483722a935f851f392d905545673,https://github.com/flexera-public/policy_templates/commit/b9a29d04aba5483722a935f851f392d905545673 ,"Update README Policy Table of Contents (#2806)

Co-authored-by: XOmniverse <XOmniverse@users.noreply.github.com>",2024-11-04 13:21:01+00:00
flexera-public/policy_templates,6c9d2d44f63304af7c822f295037d5effb1003bb,https://github.com/flexera-public/policy_templates/commit/6c9d2d44f63304af7c822f295037d5effb1003bb ,"Update README Policy Table of Contents (#2852)

Co-authored-by: XOmniverse <XOmniverse@users.noreply.github.com>",2024-11-22 13:31:57+00:00
flexera-public/policy_templates,eed1ce00c712ef260096c9afd33f0e4188594616,https://github.com/flexera-public/policy_templates/commit/eed1ce00c712ef260096c9afd33f0e4188594616 ,"Update README Policy Table of Contents (#2874)

Co-authored-by: XOmniverse <XOmniverse@users.noreply.github.com>",2024-12-11 14:35:40+00:00
flexera-public/policy_templates,47b7628b9199d93b1cc8f9ca96f0e185bfa2223c,https://github.com/flexera-public/policy_templates/commit/47b7628b9199d93b1cc8f9ca96f0e185bfa2223c ,"Update README Policy Table of Contents (#2903)

Co-authored-by: midir99 <midir99@users.noreply.github.com>",2024-12-23 19:10:40+00:00
flexera-public/policy_templates,73380c4c6a40f14f583ea8f51be3ad555bbc0af0,https://github.com/flexera-public/policy_templates/commit/73380c4c6a40f14f583ea8f51be3ad555bbc0af0 ,"Update README Policy Table of Contents (#2912)

Co-authored-by: nia-vf1 <nia-vf1@users.noreply.github.com>",2025-01-02 13:34:18+00:00
flexera-public/policy_templates,dc0d09ab1909f096b58f6d1746c8579c85a5c3bd,https://github.com/flexera-public/policy_templates/commit/dc0d09ab1909f096b58f6d1746c8579c85a5c3bd ,"Update README Policy Table of Contents (#2930)

Co-authored-by: XOmniverse <XOmniverse@users.noreply.github.com>",2025-01-23 13:40:05+00:00
flexera-public/policy_templates,d6b6f85db19f7136482b0993d256d4b763c6f103,https://github.com/flexera-public/policy_templates/commit/d6b6f85db19f7136482b0993d256d4b763c6f103 ,"Update README Policy Table of Contents (#2988)

Co-authored-by: XOmniverse <XOmniverse@users.noreply.github.com>",2025-03-11 17:11:51+00:00
flexera-public/policy_templates,d3f1aaad59c6841aa61863213d3211ae8817c7ab,https://github.com/flexera-public/policy_templates/commit/d3f1aaad59c6841aa61863213d3211ae8817c7ab ,"Update README Policy Table of Contents (#2992)

Co-authored-by: XOmniverse <XOmniverse@users.noreply.github.com>",2025-03-13 17:36:44+00:00
flexera-public/policy_templates,5215b5b9234c33c697b428c425b5fffbcbc5e9a9,https://github.com/flexera-public/policy_templates/commit/5215b5b9234c33c697b428c425b5fffbcbc5e9a9 ,"Update README Policy Table of Contents (#3020)

Co-authored-by: XOmniverse <XOmniverse@users.noreply.github.com>",2025-03-28 12:33:44+00:00
flexera-public/policy_templates,9a0b89592a076cdba8093b7256c9115671e27000,https://github.com/flexera-public/policy_templates/commit/9a0b89592a076cdba8093b7256c9115671e27000 ,"Update README Policy Table of Contents (#3024)

Co-authored-by: XOmniverse <XOmniverse@users.noreply.github.com>",2025-03-28 13:50:12+00:00
flexera-public/policy_templates,d1ff97a61f58a27860bc8b2da46d7983ca430362,https://github.com/flexera-public/policy_templates/commit/d1ff97a61f58a27860bc8b2da46d7983ca430362 ,update,2025-04-04 21:58:57+00:00
flexera-public/policy_templates,79469dcc7e48ee839c4c366251bdfc19124853c3,https://github.com/flexera-public/policy_templates/commit/79469dcc7e48ee839c4c366251bdfc19124853c3 ,update,2025-04-04 22:00:24+00:00
flexera-public/policy_templates,9734f749eee8037615dfd70e22982cbdd84e8466,https://github.com/flexera-public/policy_templates/commit/9734f749eee8037615dfd70e22982cbdd84e8466 ,update,2025-04-04 22:03:43+00:00
flexera-public/policy_templates,3eefe891d40c690c92745693eee61413c771a46c,https://github.com/flexera-public/policy_templates/commit/3eefe891d40c690c92745693eee61413c771a46c ,update,2025-04-04 22:10:12+00:00
flexera-public/policy_templates,855539e1ca42b2a24002da17c8bce2d2e3f106c7,https://github.com/flexera-public/policy_templates/commit/855539e1ca42b2a24002da17c8bce2d2e3f106c7 ,update,2025-04-04 22:27:07+00:00
flexera-public/policy_templates,449a96de845bbc433f6a660fb17f49d8446ece86,https://github.com/flexera-public/policy_templates/commit/449a96de845bbc433f6a660fb17f49d8446ece86 ,Update Generate Repository README File,2025-04-07 17:26:58+00:00
flexera-public/policy_templates,a90ff96710c8888b837557ac845688248d147d63,https://github.com/flexera-public/policy_templates/commit/a90ff96710c8888b837557ac845688248d147d63 ,Update Generate Repository README File,2025-04-07 20:05:49+00:00
flexera-public/policy_templates,f2876d6efd2da152bc5aaf8de313f8204682ee81,https://github.com/flexera-public/policy_templates/commit/f2876d6efd2da152bc5aaf8de313f8204682ee81 ,"Update Generate Repository README File (#3066)

Co-authored-by: nia-vf1 <nia-vf1@users.noreply.github.com>",2025-04-14 08:34:13+00:00
flexera-public/policy_templates,d0a5e672295b1fb6143e70bc723f8cfb604378fa,https://github.com/flexera-public/policy_templates/commit/d0a5e672295b1fb6143e70bc723f8cfb604378fa ,Update Generate Repository README File,2025-04-14 12:30:23+00:00
flexera-public/policy_templates,ca58f3ee676a7d875f2c24c7696fbe851349c8c7,https://github.com/flexera-public/policy_templates/commit/ca58f3ee676a7d875f2c24c7696fbe851349c8c7 ,Update Generate Repository README File,2025-04-15 17:27:26+00:00
flexera-public/policy_templates,be9469196befecc99b71281fc2b09d4bfb554d9f,https://github.com/flexera-public/policy_templates/commit/be9469196befecc99b71281fc2b09d4bfb554d9f ,Update Generate Repository README File,2025-04-15 18:02:55+00:00
flexera-public/policy_templates,9973f485fd095198e08404a258eb419834582be5,https://github.com/flexera-public/policy_templates/commit/9973f485fd095198e08404a258eb419834582be5 ,Update Generate Repository README File,2025-04-25 18:43:01+00:00
flexera-public/policy_templates,5a7644d653c3068ebcbf88c3ce2f5ada8372a547,https://github.com/flexera-public/policy_templates/commit/5a7644d653c3068ebcbf88c3ce2f5ada8372a547 ,update,2025-05-02 07:49:36+00:00
flexera-public/policy_templates,32af55891819f0727a2d337df320d0bef3c9d483,https://github.com/flexera-public/policy_templates/commit/32af55891819f0727a2d337df320d0bef3c9d483 ,update,2025-05-04 21:29:48+00:00
flexera-public/policy_templates,2fcfe261db1e28d4d0506f3adffebc50b2e19044,https://github.com/flexera-public/policy_templates/commit/2fcfe261db1e28d4d0506f3adffebc50b2e19044 ,update,2025-05-04 21:46:14+00:00
flexera-public/policy_templates,c611720efc0d4affe7f01e64671ca983ed9f52be,https://github.com/flexera-public/policy_templates/commit/c611720efc0d4affe7f01e64671ca983ed9f52be ,update,2025-05-05 03:45:27+00:00
flexera-public/policy_templates,31eefe2d4253335a4f9362f58f48941bd5cacd5f,https://github.com/flexera-public/policy_templates/commit/31eefe2d4253335a4f9362f58f48941bd5cacd5f ,update,2025-05-05 03:59:21+00:00
flexera-public/policy_templates,5cf8d89999ea27a3e3cecadee0e39c02bd339aca,https://github.com/flexera-public/policy_templates/commit/5cf8d89999ea27a3e3cecadee0e39c02bd339aca ,update,2025-05-05 04:03:08+00:00
flexera-public/policy_templates,58257fe741097efea678d940cfe365bd6c18e7c9,https://github.com/flexera-public/policy_templates/commit/58257fe741097efea678d940cfe365bd6c18e7c9 ,update,2025-05-05 04:08:43+00:00
flexera-public/policy_templates,b9358acc885dfdf05f9e42aacbb7dfae17b22ac0,https://github.com/flexera-public/policy_templates/commit/b9358acc885dfdf05f9e42aacbb7dfae17b22ac0 ,update,2025-05-05 04:13:01+00:00
flexera-public/policy_templates,b1259918e861a3b070e1586a9149a279dd4d820c,https://github.com/flexera-public/policy_templates/commit/b1259918e861a3b070e1586a9149a279dd4d820c ,update,2025-05-05 09:04:09+00:00
flexera-public/policy_templates,c858958f5483ee493e078c85e67e739fc0fd6499,https://github.com/flexera-public/policy_templates/commit/c858958f5483ee493e078c85e67e739fc0fd6499 ,update,2025-05-15 15:22:30+00:00
flexera-public/policy_templates,394f5add8a46b70a174dac1e5136591c0030b86d,https://github.com/flexera-public/policy_templates/commit/394f5add8a46b70a174dac1e5136591c0030b86d ,update,2025-05-16 04:27:30+00:00
flexera-public/policy_templates,8498dd6128cea165c9a531aea5e2774c276b7fe4,https://github.com/flexera-public/policy_templates/commit/8498dd6128cea165c9a531aea5e2774c276b7fe4 ,"Update Generate Repository README File (#3198)

Co-authored-by: XOmniverse <XOmniverse@users.noreply.github.com>",2025-06-02 07:59:27+00:00
flexera-public/policy_templates,2f93f1f1e19869cd99dd5b624f5b6f834f47614d,https://github.com/flexera-public/policy_templates/commit/2f93f1f1e19869cd99dd5b624f5b6f834f47614d ,update,2025-06-03 02:42:48+00:00
flexera-public/policy_templates,43d4ef1b133f41c6bd968effe6f45cb46fb931e2,https://github.com/flexera-public/policy_templates/commit/43d4ef1b133f41c6bd968effe6f45cb46fb931e2 ,update,2025-06-03 02:45:48+00:00
flexera-public/policy_templates,ef7177f0aaf226c41e54e6539d57da1fe7012396,https://github.com/flexera-public/policy_templates/commit/ef7177f0aaf226c41e54e6539d57da1fe7012396 ,update,2025-06-03 02:47:07+00:00
flexera-public/policy_templates,ebb1ffa443bedc60628bc246646796f77b629399,https://github.com/flexera-public/policy_templates/commit/ebb1ffa443bedc60628bc246646796f77b629399 ,update,2025-06-03 02:48:15+00:00
flexera-public/policy_templates,32e8f27402a35d828ad5648578efc9a17aa9d0b9,https://github.com/flexera-public/policy_templates/commit/32e8f27402a35d828ad5648578efc9a17aa9d0b9 ,update,2025-06-04 18:15:17+00:00
flexera-public/policy_templates,77dca570786e539391ec4347fb64b7853c23db08,https://github.com/flexera-public/policy_templates/commit/77dca570786e539391ec4347fb64b7853c23db08 ,update,2025-06-04 21:09:35+00:00
flexera-public/policy_templates,499f5b23f1e8077c669bfcf22312feb13885d3c1,https://github.com/flexera-public/policy_templates/commit/499f5b23f1e8077c669bfcf22312feb13885d3c1 ,Update Generate Repository README File,2025-06-05 21:01:33+00:00
flexera-public/policy_templates,dc5d0988d0d9a9bb528e922f0bd2045a623705e7,https://github.com/flexera-public/policy_templates/commit/dc5d0988d0d9a9bb528e922f0bd2045a623705e7 ,Update Generate Repository README File,2025-07-14 14:26:52+00:00
flexera-public/policy_templates,45ccb7f3837141fe19c08c8d9f5a95c601baee99,https://github.com/flexera-public/policy_templates/commit/45ccb7f3837141fe19c08c8d9f5a95c601baee99 ,Update Generate Repository README File,2025-07-21 14:20:07+00:00
flexera-public/policy_templates,2e66c869d2ed759c20c1661a1cbb0f9d9d74af47,https://github.com/flexera-public/policy_templates/commit/2e66c869d2ed759c20c1661a1cbb0f9d9d74af47 ,Update Generate Repository README File,2025-07-30 19:30:51+00:00
flexera-public/policy_templates,1d2a9961f0faa1aebc2aaf2580d6a5d023a1d3a5,https://github.com/flexera-public/policy_templates/commit/1d2a9961f0faa1aebc2aaf2580d6a5d023a1d3a5 ,Update Generate Repository README File,2025-08-04 12:22:39+00:00
flexera-public/policy_templates,438184e7242aa6f34c46a55e3bc492341e8f81c8,https://github.com/flexera-public/policy_templates/commit/438184e7242aa6f34c46a55e3bc492341e8f81c8 ,Update Generate Repository README File,2025-08-05 16:29:05+00:00
flexera-public/policy_templates,a72b01b7e6c774eebc92e9ce56c0a0de3626b274,https://github.com/flexera-public/policy_templates/commit/a72b01b7e6c774eebc92e9ce56c0a0de3626b274 ,Update Generate Repository README File,2025-08-20 20:58:23+00:00
flexera-public/policy_templates,7fcd82bc9f25b7e307c44877900874b543cf4482,https://github.com/flexera-public/policy_templates/commit/7fcd82bc9f25b7e307c44877900874b543cf4482 ,Update Generate Repository README File,2025-09-03 14:54:54+00:00
flexera-public/policy_templates,78f171bf580071838b795dcec966f107039d0f1f,https://github.com/flexera-public/policy_templates/commit/78f171bf580071838b795dcec966f107039d0f1f ,"Update Generate Repository README File (#3497)

Co-authored-by: bryankaraffa <bryankaraffa@users.noreply.github.com>",2025-09-04 18:21:46+00:00
flexera-public/policy_templates,cbe19e0f159a74983a17bd325fa3785441928576,https://github.com/flexera-public/policy_templates/commit/cbe19e0f159a74983a17bd325fa3785441928576 ,update,2025-09-15 19:47:29+00:00
flexera-public/policy_templates,ca66f9d464bdbd39b79184238e123e1821770290,https://github.com/flexera-public/policy_templates/commit/ca66f9d464bdbd39b79184238e123e1821770290 ,Update Generate Repository README File,2025-09-23 08:02:57+00:00
flexera-public/policy_templates,5de3facee40b10a34a2524bf4e9bf406dba162c5,https://github.com/flexera-public/policy_templates/commit/5de3facee40b10a34a2524bf4e9bf406dba162c5 ,Update Generate Repository README File,2025-09-23 16:00:45+00:00
flexera-public/policy_templates,3aba228a05f1f8b6f16954802936d1970d31a365,https://github.com/flexera-public/policy_templates/commit/3aba228a05f1f8b6f16954802936d1970d31a365 ,"Update Generate Repository README File (#3577)

Co-authored-by: XOmniverse <XOmniverse@users.noreply.github.com>",2025-09-24 16:41:50+00:00
flexera-public/policy_templates,15efef3c76cd29215dc59c56edd268d22b813ce9,https://github.com/flexera-public/policy_templates/commit/15efef3c76cd29215dc59c56edd268d22b813ce9 ,Update Generate Repository README File,2025-09-24 17:24:39+00:00
flexera-public/policy_templates,7975cf264a83c0bc61f2fcc806d397ed58680d98,https://github.com/flexera-public/policy_templates/commit/7975cf264a83c0bc61f2fcc806d397ed58680d98 ,Update Generate Repository README File,2025-09-25 17:11:25+00:00
flexera-public/policy_templates,99ff315234f7fbd4bd44e9920a5e0638a89728e5,https://github.com/flexera-public/policy_templates/commit/99ff315234f7fbd4bd44e9920a5e0638a89728e5 ,Update Generate Repository README File,2025-10-13 20:09:58+00:00
flexera-public/policy_templates,d7cb6cb1c3a93144067fa30d38f7d33081e890e4,https://github.com/flexera-public/policy_templates/commit/d7cb6cb1c3a93144067fa30d38f7d33081e890e4 ,Update Generate Repository README File,2025-10-16 13:10:42+00:00
flexera-public/policy_templates,0db2cae5cc797663a309f390d15d8b5039cc6440,https://github.com/flexera-public/policy_templates/commit/0db2cae5cc797663a309f390d15d8b5039cc6440 ,Update Generate Repository README File,2025-10-29 18:13:50+00:00
flexera-public/policy_templates,6f6575d36bcf25dcd9711826812d9f4538283ffb,https://github.com/flexera-public/policy_templates/commit/6f6575d36bcf25dcd9711826812d9f4538283ffb ,Update Generate Repository README File,2025-11-04 13:20:29+00:00
flexera-public/policy_templates,1d0aca66eb00833842b685368339478978140d66,https://github.com/flexera-public/policy_templates/commit/1d0aca66eb00833842b685368339478978140d66 ,"Update Generate Repository README File (#3801)

Co-authored-by: nia-vf1 <nia-vf1@users.noreply.github.com>",2025-11-25 10:27:15+00:00
flexera-public/policy_templates,ca39c44b05276d5a0695814fe4cd8d8bd0cf7873,https://github.com/flexera-public/policy_templates/commit/ca39c44b05276d5a0695814fe4cd8d8bd0cf7873 ,Update Generate Repository README File,2025-12-03 14:14:32+00:00
flexera-public/policy_templates,3e4eb8358e14c453e4ec8fa8aaf79333cb65fd9e,https://github.com/flexera-public/policy_templates/commit/3e4eb8358e14c453e4ec8fa8aaf79333cb65fd9e ,Update Generate Repository README File,2025-12-03 14:50:43+00:00
flexera-public/policy_templates,2dc9fcaee44c05f072656a770de1d8c74fb4cb80,https://github.com/flexera-public/policy_templates/commit/2dc9fcaee44c05f072656a770de1d8c74fb4cb80 ,Update Generate Repository README File,2025-12-12 14:22:38+00:00
freebsd/atf,fc5eba82f611c958970f7a8ada3e48490b131bc5,https://github.com/freebsd/atf/commit/fc5eba82f611c958970f7a8ada3e48490b131bc5 ,Add installation instructions for Ubuntu.,2024-01-14 18:24:12+00:00
freebsd/atf,85fbfd89ac899d8a498d87ade634807cc78aa09a,https://github.com/freebsd/atf/commit/85fbfd89ac899d8a498d87ade634807cc78aa09a ,"Point readers to the current release of ATF.

Release 0.21 was released in Oct 2014.",2024-02-25 11:42:15+00:00
freebsd/atf,cfe6ee16396acde99a993ffa3e93a7acd8c28e20,https://github.com/freebsd/atf/commit/cfe6ee16396acde99a993ffa3e93a7acd8c28e20 ,"Update URLs to reference freebsd org instead of jmmv's personal account

This finishes documenting the transition for multiple kyua-related
projects from @jmmv's personal GitHub account to the @freebsd github
org.

Signed-off-by: Enji Cooper <ngie@FreeBSD.org>",2024-05-06 16:24:23+00:00
freebsd/atf,c6b52a93a54ae9fe3a36cf24cfd760f80080ac59,https://github.com/freebsd/atf/commit/c6b52a93a54ae9fe3a36cf24cfd760f80080ac59 ,"Fix the build after #67 (512b64ce9d2017f5a69d9f5941a2c26e0026d36a)

512b64ce9d2017f5a69d9f5941a2c26e0026d36a renamed `NEWS` to `NEWS.md`,
which unfortunately broke the build when installing the docs.

Change all references of `NEWS` to `NEWS.md` and follow through the
remainder of the original proposed change by renaming `INSTALL` to
`INSTALL.md`.

Eliminate `README` while here, since it was a superfluous/outdated doc
in light of `README.md`.

Fixes:	#68",2024-05-13 23:42:28+00:00
freebsd/atf,dc8c4d9fae59cef5d0be921e862a5fe92f08f658,https://github.com/freebsd/atf/commit/dc8c4d9fae59cef5d0be921e862a5fe92f08f658 ,"Update README.md

Fixed link to install file.
Removed yum install instruction because doesn't work on fedora 40.",2024-06-03 20:03:42+00:00
freebsd/atf,7455b2a3611a691be4add802d7304c732dbb648f,https://github.com/freebsd/atf/commit/7455b2a3611a691be4add802d7304c732dbb648f ,"Use Markdown syntax in README.md

Signed-off-by: Minsoo Choo <minsoochoo0122@proton.me>",2024-06-29 15:43:39+00:00
freebsd/atf,db395e2b96ed50423d4f782612277e7b4ab64429,https://github.com/freebsd/atf/commit/db395e2b96ed50423d4f782612277e7b4ab64429 ,"Use preferred Markdown syntax for heading

Signed-off-by: Minsoo Choo <minsoochoo0122@proton.me>",2024-06-29 15:43:39+00:00
freebsd/atf,bf4a2c58971c05f6a5368be8f85df5e6cabeacf0,https://github.com/freebsd/atf/commit/bf4a2c58971c05f6a5368be8f85df5e6cabeacf0 ,Remove double empty lines,2024-06-29 15:48:41+00:00
freebsd/atf,ffb32f0e1ba916f9dec4320db1bbea2f5c3ada61,https://github.com/freebsd/atf/commit/ffb32f0e1ba916f9dec4320db1bbea2f5c3ada61 ,"Point support inquiries to freebsd-testing@

The Google Groups are defunct at this point, so replace them with the
active mailing list.

This makes the file `admin/check-style.sh` clean by side-effect, which
unbreaks `make dist`.

Signed-off-by: Enji Cooper <ngie@FreeBSD.org>",2025-03-29 19:56:42+00:00
freebsd/atf,06d3cec1332e76b65f04660646948dd8d9d068fb,https://github.com/freebsd/atf/commit/06d3cec1332e76b65f04660646948dd8d9d068fb ,"Update the latest release in README.md

0.23 is out as of today.

Signed-off-by: Enji Cooper <ngie@FreeBSD.org>",2025-03-29 20:20:22+00:00
freshOS/Arrow,32f1ddfe4160261eb0d0ddd63d52cc49babe7f00,https://github.com/freshOS/Arrow/commit/32f1ddfe4160261eb0d0ddd63d52cc49babe7f00 ,Update README.md,2024-09-24 23:09:35+00:00
galaxyproject/bioblend,8e08b055e97daee35c2f41a780c71614f2e11455,https://github.com/galaxyproject/bioblend/commit/8e08b055e97daee35c2f41a780c71614f2e11455 ,"Drop support for Python 3.8

which has reached end of life on 2024-10-07.",2025-03-05 15:25:17+00:00
galaxyproject/bioblend,57e97db9ffbcf131f1168cb3e9c9cfff00961fd4,https://github.com/galaxyproject/bioblend/commit/57e97db9ffbcf131f1168cb3e9c9cfff00961fd4 ,"Drop support for Python 3.9

which has reached end of life on 2025-10-31.",2025-11-08 01:40:54+00:00
gbm-developers/gbm,02db6c7a6fd5faf58b76c3eac231616cad0aa181,https://github.com/gbm-developers/gbm/commit/02db6c7a6fd5faf58b76c3eac231616cad0aa181 ,"Cleared out badges with broken links
Updated badge links to https",2024-01-10 22:15:47+00:00
gcanti/fp-ts,cabd6777aaf86f99740952cb66993820ea6ef564,https://github.com/gcanti/fp-ts/commit/cabd6777aaf86f99740952cb66993820ea6ef564 ,add Announcement,2024-06-23 10:01:14+00:00
gentoo/libressl,97ead340dacea9302097ea2904387e88c6cae156,https://github.com/gentoo/libressl/commit/97ead340dacea9302097ea2904387e88c6cae156 ,"update README.md: section to avoid file collision

Signed-off-by: Saki Xi <space_raccoon@riseup.net>
Closes: https://github.com/gentoo/libressl/pull/554
Signed-off-by: orbea <orbea@riseup.net>",2024-04-02 05:06:51+00:00
gentoo/libressl,6a2ab68126c74f70f16becd296fc79cd287ee0f9,https://github.com/gentoo/libressl/commit/6a2ab68126c74f70f16becd296fc79cd287ee0f9 ,"README.md: add documentation for net-misc/curl

Upstream-Issue: https://github.com/libressl/portable/issues/1114
Signed-off-by: orbea <orbea@riseup.net>",2025-02-06 18:55:16+00:00
gentoo/libressl,0a52cc1e683bd4cba612a3e9d2b1c71ec92f0e92,https://github.com/gentoo/libressl/commit/0a52cc1e683bd4cba612a3e9d2b1c71ec92f0e92 ,"README.md: fix markdown

Fixes: 6a2ab68126c74f70f16becd296fc79cd287ee0f9
Signed-off-by: orbea <orbea@riseup.net>",2025-02-06 19:01:05+00:00
gismo/gismo,882a8173948f476273d073005b984f1db55f0d57,https://github.com/gismo/gismo/commit/882a8173948f476273d073005b984f1db55f0d57 ,"Improve the CI tests, add new tests and fix existing ones (#698)

NEW: CI-testing on gitlab.inria.fr mirror
IMPROVED: naming and failures of CI tests",2024-03-25 09:07:24+00:00
gismo/gismo,30d9592cf3e48d9a2eb7772018357e2bcccf6d9e,https://github.com/gismo/gismo/commit/30d9592cf3e48d9a2eb7772018357e2bcccf6d9e ,Update README.md,2024-11-27 10:30:39+00:00
gismo/gismo,d5bc3a52b0dc3c24758d10b22144fda000fed7d8,https://github.com/gismo/gismo/commit/d5bc3a52b0dc3c24758d10b22144fda000fed7d8 ,Update README.md,2024-11-28 13:49:30+00:00
gismo/gismo,0b3f53004c7e1daf3fc253bd405ea5e2603b8622,https://github.com/gismo/gismo/commit/0b3f53004c7e1daf3fc253bd405ea5e2603b8622 ,Update README.md,2024-12-27 18:19:34+00:00
gismo/gismo,6b50b6ba0d0b88fc5f7c16f75c80af51dbd210be,https://github.com/gismo/gismo/commit/6b50b6ba0d0b88fc5f7c16f75c80af51dbd210be ,Update README.md,2025-01-03 12:49:34+00:00
gismo/gismo,9cf36db68d02e565817a1564fdce7c9fba4bdc93,https://github.com/gismo/gismo/commit/9cf36db68d02e565817a1564fdce7c9fba4bdc93 ,add Inria Gitlab,2025-01-06 09:53:19+00:00
gismo/gismo,a398a54f6a7f6e2c411e5a43930f21e46fca2682,https://github.com/gismo/gismo/commit/a398a54f6a7f6e2c411e5a43930f21e46fca2682 ,Update README.md,2025-01-06 09:57:21+00:00
gismo/gismo,293cccd3436c5f32c9fffe587921be1395730db2,https://github.com/gismo/gismo/commit/293cccd3436c5f32c9fffe587921be1395730db2 ,"Update README.md

Add openSUSE badge",2025-01-16 09:00:06+00:00
gismo/gismo,7425b5248bae9b45f11a5f000cbe74d279bf761e,https://github.com/gismo/gismo/commit/7425b5248bae9b45f11a5f000cbe74d279bf761e ,update parasolid flags,2025-03-14 17:37:09+00:00
gismo/gismo,f2fe4d3ee19a4b844df41161614867518fd243e6,https://github.com/gismo/gismo/commit/f2fe4d3ee19a4b844df41161614867518fd243e6 ,Sanitize includes (#811),2025-04-06 05:48:53+00:00
gismo/gismo,3315509a92d612a61f344bfd9381ad9b8fce6a29,https://github.com/gismo/gismo/commit/3315509a92d612a61f344bfd9381ad9b8fce6a29 ,Update README.md,2025-04-16 19:17:40+00:00
gismo/gismo,f0ef986799401f3a60aef8006a19b9ce3e00a998,https://github.com/gismo/gismo/commit/f0ef986799401f3a60aef8006a19b9ce3e00a998 ,Update README.md,2025-04-17 12:40:34+00:00
graphql-python/graphql-core,4d240d48588ce61dd134c2db7202e4692032ebd6,https://github.com/graphql-python/graphql-core/commit/4d240d48588ce61dd134c2db7202e4692032ebd6 ,"Migrate from black, flake8 and isort to ruff

Re-formatted and improved style to comply with additional rules.",2024-02-08 20:46:20+00:00
graphql-python/graphql-core,37f8eb2984a63ab1cda849c83e39e954105b9f8f,https://github.com/graphql-python/graphql-core/commit/37f8eb2984a63ab1cda849c83e39e954105b9f8f ,Update mypy,2024-02-08 21:41:46+00:00
graphql-python/graphql-core,e256148efca89f461939af3170f54d4e4e5f9816,https://github.com/graphql-python/graphql-core/commit/e256148efca89f461939af3170f54d4e4e5f9816 ,Alpha release v3.3.0a4 with some fixes and updates,2024-02-17 10:19:43+00:00
graphql-python/graphql-core,3cf0d267b096ba92e7289d009800083166a5b7d9,https://github.com/graphql-python/graphql-core/commit/3cf0d267b096ba92e7289d009800083166a5b7d9 ,Bump patch version,2024-04-14 17:11:35+00:00
graphql-python/graphql-core,9dcf25e66f6ed36b77de788621cf50bab600d1d3,https://github.com/graphql-python/graphql-core/commit/9dcf25e66f6ed36b77de788621cf50bab600d1d3 ,Bump patch version,2024-08-11 19:27:45+00:00
graphql-python/graphql-core,6e6d5be7516324c4e2a2ac0e352fc339f52de82e,https://github.com/graphql-python/graphql-core/commit/6e6d5be7516324c4e2a2ac0e352fc339f52de82e ,Update the README file,2024-09-04 19:06:01+00:00
graphql-python/graphql-core,a4e5778f6d9cdef5d8e564ecd3b66cd44e205315,https://github.com/graphql-python/graphql-core/commit/a4e5778f6d9cdef5d8e564ecd3b66cd44e205315 ,Improve README file,2025-01-18 19:18:59+00:00
graphql-python/graphql-core,41058d7fb26bc3231e718a1d0a411ebca53e1004,https://github.com/graphql-python/graphql-core/commit/41058d7fb26bc3231e718a1d0a411ebca53e1004 ,Improve and update badges,2025-01-25 20:35:08+00:00
graphql-python/graphql-core,44334f30f5e0cd9ecb7995a38548f2dc2a728f9d,https://github.com/graphql-python/graphql-core/commit/44334f30f5e0cd9ecb7995a38548f2dc2a728f9d ,Bump patch version and update README,2025-01-26 17:02:41+00:00
graphql-python/graphql-core,2c94f03026932e929c329456da5403a773e9dab1,https://github.com/graphql-python/graphql-core/commit/2c94f03026932e929c329456da5403a773e9dab1 ,Update README to include Typed GraphQL (#237),2025-05-03 10:02:40+00:00
graphql-python/graphql-core,e7da373ed4c76739b71c1260476c0bb2267aefe8,https://github.com/graphql-python/graphql-core/commit/e7da373ed4c76739b71c1260476c0bb2267aefe8 ,Bump patch version and update README,2025-05-24 19:34:51+00:00
graphql-python/graphql-core,76975cffa29b3e1eb2d31a1b69ab11b0105e2a7b,https://github.com/graphql-python/graphql-core/commit/76975cffa29b3e1eb2d31a1b69ab11b0105e2a7b ,Bump version and update dependencies,2025-06-18 19:18:13+00:00
graphql-python/graphql-core,4c613d3291344a0285864662c2664e5057bf9b0f,https://github.com/graphql-python/graphql-core/commit/4c613d3291344a0285864662c2664e5057bf9b0f ,Use uv instead of poetry,2025-09-25 22:05:05+00:00
graphql-python/graphql-core,7ad24844903b49d288787c474e164f3a0dfcd9d4,https://github.com/graphql-python/graphql-core/commit/7ad24844903b49d288787c474e164f3a0dfcd9d4 ,Bump version,2025-09-28 18:38:42+00:00
graphql-python/graphql-core,8cedfcdd7fa1e528573c7f4c43871e16a14a764e,https://github.com/graphql-python/graphql-core/commit/8cedfcdd7fa1e528573c7f4c43871e16a14a764e ,Support Python 3.14,2025-10-23 16:10:03+00:00
graphql-python/graphql-core,85f2d4d83475b267a24d7b16855981529f2d9494,https://github.com/graphql-python/graphql-core/commit/85f2d4d83475b267a24d7b16855981529f2d9494 ,"Bump JavaScript version

Replicates graphql/graphql-js@c1aeb9283da59784cb53352919ffb50333cc407f",2025-11-01 15:37:42+00:00
graphql-python/graphql-core,6a9ef23f663bf3a0a5c4adbc72ae6e99a11347bc,https://github.com/graphql-python/graphql-core/commit/6a9ef23f663bf3a0a5c4adbc72ae6e99a11347bc ,Bump version,2025-11-01 16:31:56+00:00
graphql-python/graphql-core,758fef19194005d3a287e28a4e172e0ed7955d42,https://github.com/graphql-python/graphql-core/commit/758fef19194005d3a287e28a4e172e0ed7955d42 ,Update README file,2025-11-01 22:38:06+00:00
graphql-python/graphql-core,283d002ba923eb259824a8f1be36ec649a8d1945,https://github.com/graphql-python/graphql-core/commit/283d002ba923eb259824a8f1be36ec649a8d1945 ,Fix Markdown in README file,2025-12-28 20:52:29+00:00
hakyimlab/MetaXcan,76a11b856f3cbab0b866033d518c201374a5594b,https://github.com/hakyimlab/MetaXcan/commit/76a11b856f3cbab0b866033d518c201374a5594b ,announcement of the inflation factor correction Update README.md,2024-11-12 22:19:51+00:00
horosproject/horos,880829c8ae5cee1f660ac37c4181bd7b37dc4259,https://github.com/horosproject/horos/commit/880829c8ae5cee1f660ac37c4181bd7b37dc4259 ,Update README.md,2024-10-13 23:27:24+00:00
http-kit/http-kit,ee23bea74ff59541bcd6b50150fd640aaa5d0c66,https://github.com/http-kit/http-kit/commit/ee23bea74ff59541bcd6b50150fd640aaa5d0c66 ,[doc] Update README template,2024-02-09 10:53:11+00:00
http-kit/http-kit,3c9f051681a35bddd6a140e5a2754c04bbfeee91,https://github.com/http-kit/http-kit/commit/3c9f051681a35bddd6a140e5a2754c04bbfeee91 ,v2.8.0-RC1 (2024-02-26),2024-02-26 11:54:03+00:00
http-kit/http-kit,cca77ba1af0bf9ae654e0d16c9ea66a8e9ff570f,https://github.com/http-kit/http-kit/commit/cca77ba1af0bf9ae654e0d16c9ea66a8e9ff570f ,[nop] Update README,2024-04-30 10:22:26+00:00
http-kit/http-kit,26a5eb6a68203fa141abd3e089fc21cd31702b2d,https://github.com/http-kit/http-kit/commit/26a5eb6a68203fa141abd3e089fc21cd31702b2d ,v2.8.0 (2024-04-30),2024-04-30 11:19:43+00:00
http-kit/http-kit,fd6b9939fc774f71385a476f56e5cdb046d3d67c,https://github.com/http-kit/http-kit/commit/fd6b9939fc774f71385a476f56e5cdb046d3d67c ,"[doc] Extend production info section, link directly from README",2025-03-20 17:09:54+00:00
http-kit/http-kit,91e46cb71f1360677c96659a074ff92726aff8e5,https://github.com/http-kit/http-kit/commit/91e46cb71f1360677c96659a074ff92726aff8e5 ,v2.9.0-beta1 (2025-04-15),2025-04-15 08:27:53+00:00
http-kit/http-kit,f7e76fe35541c0c096e8700171cb9001fb6e5a0c,https://github.com/http-kit/http-kit/commit/f7e76fe35541c0c096e8700171cb9001fb6e5a0c ,v2.8.1 (2025-08-19) release info,2025-08-19 10:58:42+00:00
http-kit/http-kit,70432d3ab3c9f23cb4672c7656d94fe8d71726d6,https://github.com/http-kit/http-kit/commit/70432d3ab3c9f23cb4672c7656d94fe8d71726d6 ,v2.9.0-beta2 (2025-08-19),2025-08-19 11:18:14+00:00
http-kit/http-kit,1388f31e0d3bf5e01b52ff95de0f44cfe0308453,https://github.com/http-kit/http-kit/commit/1388f31e0d3bf5e01b52ff95de0f44cfe0308453 ,[nop] Update project,2025-11-06 08:42:06+00:00
i18next/i18next-gitbook,b064fd1686772f8f8797bf15b60e2474c8183323,https://github.com/i18next/i18next-gitbook/commit/b064fd1686772f8f8797bf15b60e2474c8183323 ,GITBOOK-332: change request with no subject merged in GitBook,2025-02-21 17:51:02+00:00
i18next/i18next-gitbook,a180d4298e0444e9f7bb5aadfd178885db3d1f3b,https://github.com/i18next/i18next-gitbook/commit/a180d4298e0444e9f7bb5aadfd178885db3d1f3b ,GITBOOK-334: change request with no subject merged in GitBook,2025-03-03 08:08:15+00:00
i18next/i18next-gitbook,489a131ddaeca19098d53c6b89340713bea2d856,https://github.com/i18next/i18next-gitbook/commit/489a131ddaeca19098d53c6b89340713bea2d856 ,GITBOOK-344: change request with no subject merged in GitBook,2025-06-26 19:31:40+00:00
i18next/i18next-gitbook,a84b75528aba90ae89ef8b31df90820408f4581d,https://github.com/i18next/i18next-gitbook/commit/a84b75528aba90ae89ef8b31df90820408f4581d ,GITBOOK-345: change request with no subject merged in GitBook,2025-06-26 19:59:21+00:00
i18next/i18next-gitbook,8f504deaba9b98fc1cfbd4ab815e4e905c6f8489,https://github.com/i18next/i18next-gitbook/commit/8f504deaba9b98fc1cfbd4ab815e4e905c6f8489 ,GITBOOK-349: change request with no subject merged in GitBook,2025-08-11 14:42:12+00:00
i18next/i18next-gitbook,50b35ad11fd8d1e8e71052ad49622a55ef5b6195,https://github.com/i18next/i18next-gitbook/commit/50b35ad11fd8d1e8e71052ad49622a55ef5b6195 ,GITBOOK-367: change request with no subject merged in GitBook,2025-09-02 05:43:11+00:00
i18next/i18next-gitbook,aa1ddde0883cd1e0315c32fd362141d7060179bd,https://github.com/i18next/i18next-gitbook/commit/aa1ddde0883cd1e0315c32fd362141d7060179bd ,GITBOOK-370: change request with no subject merged in GitBook,2025-09-02 05:45:08+00:00
i18next/i18next-gitbook,24fc19c5bdb7cd53a5e7f3e675f0a7241b83c36e,https://github.com/i18next/i18next-gitbook/commit/24fc19c5bdb7cd53a5e7f3e675f0a7241b83c36e ,GITBOOK-371: change request with no subject merged in GitBook,2025-09-02 05:47:18+00:00
i18next/i18next-gitbook,ebdbc2e79fb7f1d15e4ddcde62dbb89f3aad3a78,https://github.com/i18next/i18next-gitbook/commit/ebdbc2e79fb7f1d15e4ddcde62dbb89f3aad3a78 ,GITBOOK-372: change request with no subject merged in GitBook,2025-09-02 05:47:41+00:00
i18next/i18next-gitbook,86d44c55964a27cf9e99eb7748b31cfdaffa069c,https://github.com/i18next/i18next-gitbook/commit/86d44c55964a27cf9e99eb7748b31cfdaffa069c ,GITBOOK-378: change request with no subject merged in GitBook,2025-09-25 12:05:29+00:00
i18next/i18next-gitbook,36a15c5b1c227509a8fb56d8cf1a726ec20790df,https://github.com/i18next/i18next-gitbook/commit/36a15c5b1c227509a8fb56d8cf1a726ec20790df ,"Move opening parenthesis (#239)

I think we don't mean a tuple but give additional information. Probably the ""such as"" should be included into the parentheses.",2025-10-27 11:42:03+00:00
i18next/i18next-gitbook,a0cc4d8d47688721ef4b56a0e090fb9a3b5c798f,https://github.com/i18next/i18next-gitbook/commit/a0cc4d8d47688721ef4b56a0e090fb9a3b5c798f ,GITBOOK-381: change request with no subject merged in GitBook,2025-11-03 07:57:51+00:00
i18next/i18next-gitbook,9b4d81bb3fe30714dc66a24e58f4609daa2df3c1,https://github.com/i18next/i18next-gitbook/commit/9b4d81bb3fe30714dc66a24e58f4609daa2df3c1 ,GITBOOK-382: change request with no subject merged in GitBook,2025-11-03 07:59:12+00:00
i18next/i18next-gitbook,ab7db916a6067975f6a7d9e5f67a5652663d7167,https://github.com/i18next/i18next-gitbook/commit/ab7db916a6067975f6a7d9e5f67a5652663d7167 ,GITBOOK-383: change request with no subject merged in GitBook,2025-11-03 08:00:25+00:00
iobroker-community-adapters/ioBroker.telegram,3870768142bcda97842bd561a53b4fb84059c608,https://github.com/iobroker-community-adapters/ioBroker.telegram/commit/3870768142bcda97842bd561a53b4fb84059c608 ,feat: add option for silent state updates,2024-02-09 10:46:20+00:00
iobroker-community-adapters/ioBroker.telegram,52c72a9ee067e612f71e5a9ec2ae3afae36131cd,https://github.com/iobroker-community-adapters/ioBroker.telegram/commit/52c72a9ee067e612f71e5a9ec2ae3afae36131cd ,year 2024,2024-02-15 17:36:53+00:00
iobroker-community-adapters/ioBroker.telegram,035514a7617aeb39ce4e25257a2b02287f467981,https://github.com/iobroker-community-adapters/ioBroker.telegram/commit/035514a7617aeb39ce4e25257a2b02287f467981 ,"chore: release v3.1.0

* (theknut) Option to send state updates without notification sound has been added. [#793]
* (mcm1957) Dependencies have been updated.",2024-02-17 12:50:24+00:00
iobroker-community-adapters/ioBroker.telegram,149faa98355796187f36b4327d7e7cd4c4403aa3,https://github.com/iobroker-community-adapters/ioBroker.telegram/commit/149faa98355796187f36b4327d7e7cd4c4403aa3 ,* (theknut) Added units to responses,2024-03-20 04:18:17+00:00
iobroker-community-adapters/ioBroker.telegram,4f94b81366d01cc3267d18e4c172742ffa16c447,https://github.com/iobroker-community-adapters/ioBroker.telegram/commit/4f94b81366d01cc3267d18e4c172742ffa16c447 ,"chore: release v3.1.1

* (theknut) Added units to responses
*",2024-03-20 04:34:42+00:00
iobroker-community-adapters/ioBroker.telegram,9e74f176536909a5c3c21772c5ebc6040044a71f,https://github.com/iobroker-community-adapters/ioBroker.telegram/commit/9e74f176536909a5c3c21772c5ebc6040044a71f ,NodeJS >= 18.x and js-controller >= 5 is required,2024-04-02 11:14:53+00:00
iobroker-community-adapters/ioBroker.telegram,f126e50f809a54bfdbb0d4b9eafa5a5cab427471,https://github.com/iobroker-community-adapters/ioBroker.telegram/commit/f126e50f809a54bfdbb0d4b9eafa5a5cab427471 ,Update README.md,2024-04-02 12:02:11+00:00
iobroker-community-adapters/ioBroker.telegram,7e3e52f4a968f46e57f1e0c7e39c3cae7e767f18,https://github.com/iobroker-community-adapters/ioBroker.telegram/commit/7e3e52f4a968f46e57f1e0c7e39c3cae7e767f18 ,Update README.md - 3.1.1 failed to be released,2024-04-02 12:04:54+00:00
iobroker-community-adapters/ioBroker.telegram,72456e51acce887b1a1c11e2aa5167df87deb753,https://github.com/iobroker-community-adapters/ioBroker.telegram/commit/72456e51acce887b1a1c11e2aa5167df87deb753 ,Update README.md,2024-04-02 12:09:52+00:00
iobroker-community-adapters/ioBroker.telegram,20499763007f8e0b834f3052320cb2a9164c3e2d,https://github.com/iobroker-community-adapters/ioBroker.telegram/commit/20499763007f8e0b834f3052320cb2a9164c3e2d ,"chore: release v3.2.0

* (mcm1957) Adapter requires node.js 18 and js-controller >= 5 now
* (PeterVoronov) The current error is added as a separate property error to the response object (messageId) now.
* (theknut) Added units to responses
* (mcm1957) Dependencies have been updated0",2024-04-02 14:44:25+00:00
iobroker-community-adapters/ioBroker.telegram,295b413adeea10a9f95eb8055a3dbbb2911a6349,https://github.com/iobroker-community-adapters/ioBroker.telegram/commit/295b413adeea10a9f95eb8055a3dbbb2911a6349 ,Update README.md,2024-04-03 13:22:49+00:00
iobroker-community-adapters/ioBroker.telegram,aeb44cccab4b106627bcf92c420cb3abb402f58d,https://github.com/iobroker-community-adapters/ioBroker.telegram/commit/aeb44cccab4b106627bcf92c420cb3abb402f58d ,"chore: release v3.2.1

* (PeterVoronov) An error at providing error information has been fixed.",2024-04-03 13:32:05+00:00
iobroker-community-adapters/ioBroker.telegram,0fb8b3ac1b0ae40e629651cec8cdafb2e54d0078,https://github.com/iobroker-community-adapters/ioBroker.telegram/commit/0fb8b3ac1b0ae40e629651cec8cdafb2e54d0078 ,migrate to webserver,2024-05-23 14:23:18+00:00
iobroker-community-adapters/ioBroker.telegram,1089bba21356669318bc7bdc7bab3ec7db3e999f,https://github.com/iobroker-community-adapters/ioBroker.telegram/commit/1089bba21356669318bc7bdc7bab3ec7db3e999f ,Update README.md,2024-05-25 08:09:44+00:00
iobroker-community-adapters/ioBroker.telegram,2838b5cc3fc6a49b5622bfedf2c3496fa6f4edab,https://github.com/iobroker-community-adapters/ioBroker.telegram/commit/2838b5cc3fc6a49b5622bfedf2c3496fa6f4edab ,"chore: release v3.3.0

* (foxriver76) Adapter has been migrated to `@iobroker/webserver`
* (foxriver76) Adapter supports js-controller 6 now
* (mcm1957) Dependencies have been updated",2024-05-25 08:19:01+00:00
iobroker-community-adapters/ioBroker.telegram,db4c337807f201244cdf2ced8aa72a8bac862ca9,https://github.com/iobroker-community-adapters/ioBroker.telegram/commit/db4c337807f201244cdf2ced8aa72a8bac862ca9 ,Update README.md,2024-05-25 12:00:59+00:00
iobroker-community-adapters/ioBroker.telegram,d456c7d7b1bc03d2f8709eaeebab4139b1d20e00,https://github.com/iobroker-community-adapters/ioBroker.telegram/commit/d456c7d7b1bc03d2f8709eaeebab4139b1d20e00 ,"chore: release v3.3.1

* (mcm1957) Dependencies have been updated - especially 'node-telegram-bot-api'
* (mcm1957) see https://github.com/yagop/node-telegram-bot-api/blob/master/CHANGELOG.md",2024-05-25 12:25:56+00:00
iobroker-community-adapters/ioBroker.telegram,61274eb601668651049ab8c0238d9b35c5a7d648,https://github.com/iobroker-community-adapters/ioBroker.telegram/commit/61274eb601668651049ab8c0238d9b35c5a7d648 ,fixed problem that webserver does not handle requests correctly,2024-05-26 07:36:46+00:00
iobroker-community-adapters/ioBroker.telegram,57743b8a5673ff9e22f4f2261776f870c655a28c,https://github.com/iobroker-community-adapters/ioBroker.telegram/commit/57743b8a5673ff9e22f4f2261776f870c655a28c ,"chore: release v3.3.2

* (foxriver76) fixed problem with webserver handling",2024-05-26 07:58:32+00:00
iobroker-community-adapters/ioBroker.telegram,c8a020fc991f8f31c67e66e607ef4b2481f317c9,https://github.com/iobroker-community-adapters/ioBroker.telegram/commit/c8a020fc991f8f31c67e66e607ef4b2481f317c9 ,Updated Blockly definitions,2024-06-07 19:09:44+00:00
iobroker-community-adapters/ioBroker.telegram,9cc1f09393b71bbe4e9991406a3603951a325f27,https://github.com/iobroker-community-adapters/ioBroker.telegram/commit/9cc1f09393b71bbe4e9991406a3603951a325f27 ,Added Blockly block to ask questions,2024-06-08 13:49:38+00:00
iobroker-community-adapters/ioBroker.telegram,740f136648372d5672f1dba74a7efa792b33190c,https://github.com/iobroker-community-adapters/ioBroker.telegram/commit/740f136648372d5672f1dba74a7efa792b33190c ,Remove keyboard on answer (or timeout),2024-06-08 14:36:52+00:00
iobroker-community-adapters/ioBroker.telegram,4ce848eb9afc7754414a2a461a9073c6483632d0,https://github.com/iobroker-community-adapters/ioBroker.telegram/commit/4ce848eb9afc7754414a2a461a9073c6483632d0 ,"chore: release v3.4.0

* (klein0r) Updated Blockly definitions
* (klein0r) Added Blockly block to ask questions
* (klein0r) Remove keyboard on answer (or timeout)",2024-06-08 14:53:13+00:00
iobroker-community-adapters/ioBroker.telegram,1ec0ee9d514ce18164c62ae62fb8efee82fa1940,https://github.com/iobroker-community-adapters/ioBroker.telegram/commit/1ec0ee9d514ce18164c62ae62fb8efee82fa1940 ,Blockly 9 compatibility for new ask block,2024-06-09 17:26:22+00:00
iobroker-community-adapters/ioBroker.telegram,7cf28459372db016cebe5b1bafd94a9915ec970a,https://github.com/iobroker-community-adapters/ioBroker.telegram/commit/7cf28459372db016cebe5b1bafd94a9915ec970a ,"chore: release v3.4.1

* (klein0r) Blockly 9 compatibility for new ask block",2024-06-09 17:30:25+00:00
iobroker-community-adapters/ioBroker.telegram,72d5d4a49c12c9e80d98616a22d3213a36b03a91,https://github.com/iobroker-community-adapters/ioBroker.telegram/commit/72d5d4a49c12c9e80d98616a22d3213a36b03a91 ,Added option to save media files into ioBroker file system (files tab),2024-06-12 09:50:39+00:00
iobroker-community-adapters/ioBroker.telegram,95ffc347541b06864ac05b683c3deaad8c24cfa5,https://github.com/iobroker-community-adapters/ioBroker.telegram/commit/95ffc347541b06864ac05b683c3deaad8c24cfa5 ,"chore: release v3.5.0

* (klein0r) Added option to save media files into ioBroker file system (files tab)",2024-06-12 10:27:49+00:00
iobroker-community-adapters/ioBroker.telegram,ee9dd430d72509ed34271aee4e76c16ae9975021,https://github.com/iobroker-community-adapters/ioBroker.telegram/commit/ee9dd430d72509ed34271aee4e76c16ae9975021 ,Updated dependencies,2024-06-12 11:11:51+00:00
iobroker-community-adapters/ioBroker.telegram,425430213443eeba58add6b2c8619e22afb81f67,https://github.com/iobroker-community-adapters/ioBroker.telegram/commit/425430213443eeba58add6b2c8619e22afb81f67 ,Fixed file handling for voice files,2024-06-12 19:18:28+00:00
iobroker-community-adapters/ioBroker.telegram,c8aa1d78b7c8fa3415bef4a41e8f25ae22fc1e27,https://github.com/iobroker-community-adapters/ioBroker.telegram/commit/c8aa1d78b7c8fa3415bef4a41e8f25ae22fc1e27 ,"chore: release v3.5.1

* (klein0r) Fixed file handling for voice files
* (klein0r) Updated dependencies",2024-06-12 19:24:59+00:00
iobroker-community-adapters/ioBroker.telegram,dac73d5dfeb6c818b1609c22706342737733ba92,https://github.com/iobroker-community-adapters/ioBroker.telegram/commit/dac73d5dfeb6c818b1609c22706342737733ba92 ,"also add ! and () to chars which need to be escaped for sending messages via notification manager

- closes #755",2024-06-16 13:04:17+00:00
iobroker-community-adapters/ioBroker.telegram,01fd6be6f63dd451f4c7d042f0d605a0435c008b,https://github.com/iobroker-community-adapters/ioBroker.telegram/commit/01fd6be6f63dd451f4c7d042f0d605a0435c008b ,"chore: release v3.5.2

* (foxriver76) escape more unallowed characters when sending with notification manager",2024-06-16 19:54:29+00:00
iobroker-community-adapters/ioBroker.telegram,130f76fe478330771f8e38c51a0da3fa81637d1a,https://github.com/iobroker-community-adapters/ioBroker.telegram/commit/130f76fe478330771f8e38c51a0da3fa81637d1a ,"added full list of replacement chars

- closes #755",2024-06-18 06:44:37+00:00
iobroker-community-adapters/ioBroker.telegram,c6521f978a4f257d2311ad80cd4db612aedb5bd3,https://github.com/iobroker-community-adapters/ioBroker.telegram/commit/c6521f978a4f257d2311ad80cd4db612aedb5bd3 ,"chore: release v3.5.3

* (foxriver76) escape all unallowed characters when sending with notification manager",2024-06-18 07:24:07+00:00
iobroker-community-adapters/ioBroker.telegram,bf810767a7838a3b4192fa572dcb1eee5994ef2c,https://github.com/iobroker-community-adapters/ioBroker.telegram/commit/bf810767a7838a3b4192fa572dcb1eee5994ef2c ,Save videos which have been recorded with telegram (video_note) - fixes #564,2024-06-19 20:01:07+00:00
iobroker-community-adapters/ioBroker.telegram,7d1d53a3178461fd1994b12a2a7ac85197486c8c,https://github.com/iobroker-community-adapters/ioBroker.telegram/commit/7d1d53a3178461fd1994b12a2a7ac85197486c8c ,Added answer timeout to instance configuration - fixes #526,2024-06-19 20:13:00+00:00
iobroker-community-adapters/ioBroker.telegram,25e4d08759a5ecbfdc87f651b768b1ac2f8af446,https://github.com/iobroker-community-adapters/ioBroker.telegram/commit/25e4d08759a5ecbfdc87f651b768b1ac2f8af446 ,Added option to send status updates to specific users - fixes #756,2024-06-19 20:41:45+00:00
iobroker-community-adapters/ioBroker.telegram,cd53b8fda0579c42f1c3c8571c591ce296fe3326,https://github.com/iobroker-community-adapters/ioBroker.telegram/commit/cd53b8fda0579c42f1c3c8571c591ce296fe3326 ,Added states for thread id (of supergroups) - see #813,2024-06-19 21:16:18+00:00
iobroker-community-adapters/ioBroker.telegram,68af224889005880b8ee797c9bc05078f77f830c,https://github.com/iobroker-community-adapters/ioBroker.telegram/commit/68af224889005880b8ee797c9bc05078f77f830c ,"chore: release v3.6.0

* (klein0r) Save videos which have been recorded with telegram (video_note)
* (klein0r) Added answer timeout to instance configuration
* (klein0r) Added option to send status updates to specific users
* (klein0r) Added states for thread id (of supergroups)",2024-06-19 21:23:38+00:00
iobroker-community-adapters/ioBroker.telegram,280c56063b85aeddc131679860db45babf001236,https://github.com/iobroker-community-adapters/ioBroker.telegram/commit/280c56063b85aeddc131679860db45babf001236 ,Removed default / shadow fiel from telegram_ask - fixes #833,2024-06-24 07:08:03+00:00
iobroker-community-adapters/ioBroker.telegram,4fdb72add762332d0ca497156534e31259a5ae6e,https://github.com/iobroker-community-adapters/ioBroker.telegram/commit/4fdb72add762332d0ca497156534e31259a5ae6e ,Added state to answer last request (same chat),2024-07-03 07:25:36+00:00
iobroker-community-adapters/ioBroker.telegram,aecf78e8aceea1c86fe1cd4ee0c6e5f8107526f2,https://github.com/iobroker-community-adapters/ioBroker.telegram/commit/aecf78e8aceea1c86fe1cd4ee0c6e5f8107526f2 ,"chore: release v3.7.0

* (klein0r) Removed default / shadow fiel from Blockly block ask
* (klein0r) Added state to answer last request (same chat)",2024-07-03 07:32:42+00:00
iobroker-community-adapters/ioBroker.telegram,07706f28ba20641967ca473f801970787531f93d,https://github.com/iobroker-community-adapters/ioBroker.telegram/commit/07706f28ba20641967ca473f801970787531f93d ,Restored translations for messages,2024-07-03 08:22:23+00:00
iobroker-community-adapters/ioBroker.telegram,a777394256ae9f303f642d91e8a4dc38a15c437a,https://github.com/iobroker-community-adapters/ioBroker.telegram/commit/a777394256ae9f303f642d91e8a4dc38a15c437a ,"chore: release v3.7.1

* (klein0r) Restored translations for messages",2024-07-03 08:30:48+00:00
iobroker-community-adapters/ioBroker.telegram,5f49d372499226385411403ea2bd571a2a5d9d88,https://github.com/iobroker-community-adapters/ioBroker.telegram/commit/5f49d372499226385411403ea2bd571a2a5d9d88 ,Removed (empty) documentation - fixes #406,2024-07-03 08:42:53+00:00
iobroker-community-adapters/ioBroker.telegram,bb656a2e3c3273f814cb9363bf2de7787d83d84d,https://github.com/iobroker-community-adapters/ioBroker.telegram/commit/bb656a2e3c3273f814cb9363bf2de7787d83d84d ,* (bluefox) Migrated GUI for Admin 7,2024-07-14 13:18:01+00:00
iobroker-community-adapters/ioBroker.telegram,d152f931ed32ee0177be8ee93acf524e94e4ecfd,https://github.com/iobroker-community-adapters/ioBroker.telegram/commit/d152f931ed32ee0177be8ee93acf524e94e4ecfd ,"chore: release v3.8.0

* (bluefox) Migrated GUI for Admin 7",2024-07-14 13:19:36+00:00
iobroker-community-adapters/ioBroker.telegram,a8a3bf847c2fd8fa945fc8443c087350d325c86c,https://github.com/iobroker-community-adapters/ioBroker.telegram/commit/a8a3bf847c2fd8fa945fc8443c087350d325c86c ,"* (bluefox) Username can consist of more than one user. The separator is comma, semicolon or space.

Implemented: https://github.com/iobroker-community-adapters/ioBroker.telegram/issues/835",2024-07-15 04:36:13+00:00
iobroker-community-adapters/ioBroker.telegram,eb953e9505e778a6d889e6e24e90208612724e27,https://github.com/iobroker-community-adapters/ioBroker.telegram/commit/eb953e9505e778a6d889e6e24e90208612724e27 ,"chore: release v3.8.1

* (bluefox) Username can consist of more than one user. The separator is comma, semicolon or space.",2024-07-15 04:38:21+00:00
iobroker-community-adapters/ioBroker.telegram,9318484dbb08f3a790cc2c5504881f238ab6cd93,https://github.com/iobroker-community-adapters/ioBroker.telegram/commit/9318484dbb08f3a790cc2c5504881f238ab6cd93 ,Correcting: https://github.com/iobroker-community-adapters/ioBroker.telegram/issues/840,2024-07-16 03:19:08+00:00
iobroker-community-adapters/ioBroker.telegram,27f2ba3f53e4d7954050d65dab65707e29a71b65,https://github.com/iobroker-community-adapters/ioBroker.telegram/commit/27f2ba3f53e4d7954050d65dab65707e29a71b65 ,"chore: release v3.8.2

* (bluefox) Username can consist of more than one user. The separator is comma, semicolon or space.",2024-07-16 03:25:28+00:00
iobroker-community-adapters/ioBroker.telegram,10a9c490b1c6addbb9db322f7a874b85e2ba02f0,https://github.com/iobroker-community-adapters/ioBroker.telegram/commit/10a9c490b1c6addbb9db322f7a874b85e2ba02f0 ,Added option to send venue (with title and address),2024-07-22 14:29:26+00:00
iobroker-community-adapters/ioBroker.telegram,d0b5366c77d6e7f1656dc53648d9cb160d3b66b2,https://github.com/iobroker-community-adapters/ioBroker.telegram/commit/d0b5366c77d6e7f1656dc53648d9cb160d3b66b2 ,"chore: release v3.9.0

* (klein0r) Added option to send venue (with title and address)",2024-07-22 14:33:19+00:00
iobroker-community-adapters/ioBroker.telegram,b1d80e3427a882fcd2368abf796969f4717a4664,https://github.com/iobroker-community-adapters/ioBroker.telegram/commit/b1d80e3427a882fcd2368abf796969f4717a4664 ,(simatec) Responsive Design added,2024-09-19 07:26:53+00:00
iobroker-community-adapters/ioBroker.telegram,ffa824db24c721c3ff9507e192ff9923b14878b2,https://github.com/iobroker-community-adapters/ioBroker.telegram/commit/ffa824db24c721c3ff9507e192ff9923b14878b2 ,Year 2025,2025-01-13 09:15:10+00:00
iobroker-community-adapters/ioBroker.telegram,3e43c5b896e4e1f831827d1042e7ea24c86b347e,https://github.com/iobroker-community-adapters/ioBroker.telegram/commit/3e43c5b896e4e1f831827d1042e7ea24c86b347e ,NodeJS >= 20.x and js-controller >= 6 is required,2025-01-13 09:16:22+00:00
iobroker-community-adapters/ioBroker.telegram,b4cfff1fa1dadc8a33905f86208d3b5319c1e585,https://github.com/iobroker-community-adapters/ioBroker.telegram/commit/b4cfff1fa1dadc8a33905f86208d3b5319c1e585 ,"chore: release v4.0.0

NodeJS >= 20.x and js-controller >= 6 is required

* (simatec) Responsive Design added
* (klein0r) Allow async function calls in ask callback function",2025-01-13 09:42:32+00:00
iobroker-community-adapters/ioBroker.telegram,4d0422f7d894f050cbbb26debc65e39abff6e825,https://github.com/iobroker-community-adapters/ioBroker.telegram/commit/4d0422f7d894f050cbbb26debc65e39abff6e825 ,Added types to rules,2025-01-15 08:21:47+00:00
iobroker-community-adapters/ioBroker.telegram,2e1df89a68f51b858be405bc6c924868d7508783,https://github.com/iobroker-community-adapters/ioBroker.telegram/commit/2e1df89a68f51b858be405bc6c924868d7508783 ,Admin component was migrated to TypeScript,2025-03-07 22:40:34+00:00
iobroker-community-adapters/ioBroker.telegram,72b201103785702b037e239e140edd4421acb936,https://github.com/iobroker-community-adapters/ioBroker.telegram/commit/72b201103785702b037e239e140edd4421acb936 ,"chore: release v4.1.0

* (bluefox) Admin component was migrated to TypeScript",2025-03-19 21:36:32+00:00
iobroker-community-adapters/ioBroker.telegram,8e474fcabe99c239abd621359dde8adc88137079,https://github.com/iobroker-community-adapters/ioBroker.telegram/commit/8e474fcabe99c239abd621359dde8adc88137079 ,Update README.md,2025-04-04 15:28:09+00:00
iobroker-community-adapters/ioBroker.telegram,52b105dcce1caf28c4135e3bcb035a785aedf48a,https://github.com/iobroker-community-adapters/ioBroker.telegram/commit/52b105dcce1caf28c4135e3bcb035a785aedf48a ,admin 7.6.17 and js-controller 6.0.11 (or later) are required,2025-08-25 07:19:36+00:00
iobroker-community-adapters/ioBroker.telegram,14dc1f417667a75a4db1bce9817d8e7a34015b72,https://github.com/iobroker-community-adapters/ioBroker.telegram/commit/14dc1f417667a75a4db1bce9817d8e7a34015b72 ,Updated dependencies,2025-11-16 14:07:21+00:00
jackc/pgx,0819a17da8863cd8bd6819dfed246d6101f67086,https://github.com/jackc/pgx/commit/0819a17da8863cd8bd6819dfed246d6101f67086 ,"Remove openssl from TLS test setup

TLS setup and tests were rather finicky. It seems that openssl 3
encrypts certificates differently than older openssl and it does it in
a way Go and/or pgx ssl handling code can't handle. It appears that
this related to the use of a deprecated client certificate encryption
system.

This caused CI to be stuck on Ubuntu 20.04 and recently caused the
contributing guide to fail to work on MacOS.

Remove openssl from the test setup and replace it with a Go program
that generates the certificates.",2024-01-27 15:04:19+00:00
jackc/pgx,5c63f646f820ca9696fc3515c1caf2a557d562e5,https://github.com/jackc/pgx/commit/5c63f646f820ca9696fc3515c1caf2a557d562e5 ,Add link to github.com/twpayne/pgx-geos,2024-02-05 04:04:03+00:00
jackc/pgx,e1b90cf6208a3b36ba9f5a6500cabe809b0da301,https://github.com/jackc/pgx/commit/e1b90cf6208a3b36ba9f5a6500cabe809b0da301 ,Add ltree extension requirement.,2024-05-18 12:56:47+00:00
jackc/pgx,3b7fa4ce87fb5dfd1fe1a9942b9a09cda5957dcb,https://github.com/jackc/pgx/commit/3b7fa4ce87fb5dfd1fe1a9942b9a09cda5957dcb ,"Use go 1.20 in go.mod

Future commit will be using bytes.Clone which was implemented in Go
1.20.

Also update README.md to reflect that minimum supported Go version is
1.21. But only requiring Go 1.20 in go.mod to avoid needlessly breaking
old Go when it still works.",2024-05-18 21:47:44+00:00
jackc/pgx,25329273dacf0b56fcb799d6dd0811a87f5a48ad,https://github.com/jackc/pgx/commit/25329273dacf0b56fcb799d6dd0811a87f5a48ad ,Improve links in README,2024-12-18 00:02:06+00:00
jackc/pgx,659823f8f354ca478f19fae188c51cf8ae233492,https://github.com/jackc/pgx/commit/659823f8f354ca478f19fae188c51cf8ae233492 ,"Add link to github.com/amirsalarsafaei/sqlc-pgx-monitoring

fixes https://github.com/jackc/pgx/issues/2212",2024-12-31 02:27:10+00:00
jackc/pgx,f681632c68a0f193cb1d1f2e5d778b0b671ff9f6,https://github.com/jackc/pgx/commit/f681632c68a0f193cb1d1f2e5d778b0b671ff9f6 ,Drop PG 12 support and add PG 17 to CI,2025-01-11 13:49:26+00:00
jackc/pgx,e87760682f0eda9495828ef8a79198ea5e3501be,https://github.com/jackc/pgx/commit/e87760682f0eda9495828ef8a79198ea5e3501be ,Update oldest supported Go version to 1.22,2025-01-11 13:49:50+00:00
jackc/pgx,58b05f567c01eafb14218f659a16a5384ffe5dfa,https://github.com/jackc/pgx/commit/58b05f567c01eafb14218f659a16a5384ffe5dfa ,"Add https://github.com/nikolayk812/pgx-outbox to README.md

fixes https://github.com/jackc/pgx/issues/2239",2025-01-25 14:59:52+00:00
jackc/pgx,70f7cad2226dc12406b105f8bb5be9c62780aaf7,https://github.com/jackc/pgx/commit/70f7cad2226dc12406b105f8bb5be9c62780aaf7 ,Add link to https://github.com/Arlandaren/pgxWrappy,2025-03-01 02:59:28+00:00
jackc/pgx,c92d0a90458bd137ac40e45316919d9d61576472,https://github.com/jackc/pgx/commit/c92d0a90458bd137ac40e45316919d9d61576472 ,"Update golang.org/x/crypto to v0.37.0

This required bumping the minimum Go version to 1.23.0.",2025-04-26 15:09:29+00:00
jackc/pgx,b0572f79e6354bc1e827c94d3fdf77921fbec057,https://github.com/jackc/pgx/commit/b0572f79e6354bc1e827c94d3fdf77921fbec057 ,chore(docs): add mention to otelpgx lib,2025-06-03 07:05:22+00:00
jackc/pgx,95fc31294f1d0eeabb0a8dafa36b875eac0df19c,https://github.com/jackc/pgx/commit/95fc31294f1d0eeabb0a8dafa36b875eac0df19c ,Add link to github.com/KoNekoD/pgx-colon-query-rewriter,2025-08-31 13:38:21+00:00
jackc/pgx,9bbfd4318ec1997e825edd2a76574b0eee87429a,https://github.com/jackc/pgx/commit/9bbfd4318ec1997e825edd2a76574b0eee87429a ,Require Go 1.24+,2025-09-08 12:41:09+00:00
jackc/pgx,1a3f4619229365d2dd8ff5693c3485c592851b3c,https://github.com/jackc/pgx/commit/1a3f4619229365d2dd8ff5693c3485c592851b3c ,Change header level for pgx-colon-query-rewriter,2025-09-10 16:22:28+00:00
jcabi/jcabi-maven-skin,05f906508b4fbfc7b05f7e48f0dbc12878fadabc,https://github.com/jcabi/jcabi-maven-skin/commit/05f906508b4fbfc7b05f7e48f0dbc12878fadabc ,#64: Add SPDX license information to configuration files.,2025-08-13 17:39:07+00:00
jcabi/jcabi-maven-skin,e5c40ddcb6199f508ceb8f7621741b172e7e463f,https://github.com/jcabi/jcabi-maven-skin/commit/e5c40ddcb6199f508ceb8f7621741b172e7e463f ,#64: Update codecov-action version and add CODECOV_TOKEN secret.,2025-08-13 17:43:14+00:00
jcabi/jcabi-maven-skin,6ef57498d10005b2b0b757425582258ab6ea3af7,https://github.com/jcabi/jcabi-maven-skin/commit/6ef57498d10005b2b0b757425582258ab6ea3af7 ,#64: Update Maven options and version in .rultor.yml and pom.xml.,2025-08-13 17:53:19+00:00
jcabi/jcabi-maven-skin,e1dd75b3c7436a211bab5429ab3a969e6f2758f1,https://github.com/jcabi/jcabi-maven-skin/commit/e1dd75b3c7436a211bab5429ab3a969e6f2758f1 ,#64: Remove Zerocracy badge from README.,2025-08-13 18:39:31+00:00
jcabi/jcabi-maven-skin,c4b02898d1fbc21346e19ce66ad4d67e83b4970f,https://github.com/jcabi/jcabi-maven-skin/commit/c4b02898d1fbc21346e19ce66ad4d67e83b4970f ,#64: Remove unnecessary section on Questions and update contribution guidelines.,2025-08-13 18:39:47+00:00
jcabi/jcabi-xml,0222f58eaecd6025c90f893682e6cd6413fb71ba,https://github.com/jcabi/jcabi-xml/commit/0222f58eaecd6025c90f893682e6cd6413fb71ba ,logo,2024-02-24 03:31:37+00:00
jcabi/jcabi-xml,cc57a3530ac86d8a0853dc227290e8e2667039f4,https://github.com/jcabi/jcabi-xml/commit/cc57a3530ac86d8a0853dc227290e8e2667039f4 ,md fix,2024-10-29 09:44:27+00:00
jcabi/jcabi-xml,c371244f2797dd8d9ec60745a5afabc940ccb254,https://github.com/jcabi/jcabi-xml/commit/c371244f2797dd8d9ec60745a5afabc940ccb254 ,badge,2024-10-29 09:46:41+00:00
jcabi/jcabi-xml,e143ecd78b4867f3554dfda8d9b1348e29c0982f,https://github.com/jcabi/jcabi-xml/commit/e143ecd78b4867f3554dfda8d9b1348e29c0982f ,https where it was appropriate,2025-04-07 14:42:45+00:00
kiegroup/jbpm,33b9e0fd7d97169cd8abe662fd99663565710b1f,https://github.com/kiegroup/jbpm/commit/33b9e0fd7d97169cd8abe662fd99663565710b1f ,"Fix links to Getting Started guides in README.md (#2295)

Co-authored-by: Roman Meerson <roman.meerson@payconiq.com>",2024-02-02 13:25:30+00:00
ktorio/ktor,b395238b0709fb82a9475c34bb29d01b76a804eb,https://github.com/ktorio/ktor/commit/b395238b0709fb82a9475c34bb29d01b76a804eb ,Drop jvmAndCommonOnly flag,2024-02-08 12:02:48+00:00
ktorio/ktor,4bbd595bd0172a6af4edb306b4b29424145767ba,https://github.com/ktorio/ktor/commit/4bbd595bd0172a6af4edb306b4b29424145767ba ,"chore: fix some comments (#4179)

Signed-off-by: riskrose <riskrock@qq.com>",2024-08-02 08:05:52+00:00
ktorio/ktor,16df081ae41b42c684178f6535cee17562e2e497,https://github.com/ktorio/ktor/commit/16df081ae41b42c684178f6535cee17562e2e497 ,Fix minor style issues in contributing guide (#4263),2024-09-04 11:10:36+00:00
ktorio/ktor,ca40af2237ff171571bdeed000246deba8d229c4,https://github.com/ktorio/ktor/commit/ca40af2237ff171571bdeed000246deba8d229c4 ,Update badges in README.md (#4373),2024-10-07 12:32:14+00:00
ktorio/ktor,92a0d3fd502aaf5fd3fac665fb35a0c93ac2b5df,https://github.com/ktorio/ktor/commit/92a0d3fd502aaf5fd3fac665fb35a0c93ac2b5df ,Update README.md for 3.0.0,2024-10-10 13:22:48+00:00
ktorio/ktor,37d96768c31a280ddbc748e8d53e797b142d2685,https://github.com/ktorio/ktor/commit/37d96768c31a280ddbc748e8d53e797b142d2685 ,"Use ""import on demand"" only for Ktor modules (#4495)",2024-11-19 14:56:29+00:00
ktorio/ktor,2844ae22ec2100d9931f278046b16ff6cdccd46f,https://github.com/ktorio/ktor/commit/2844ae22ec2100d9931f278046b16ff6cdccd46f ,"KTOR-7909 docs: update Linux installation instructions in contributing guide (#4529)

- Replace outdated 'libncurses5' packages with 'libncurses-dev' and 'libtinfo-dev' to ensure compatibility with Ubuntu 20.04 and later.

- Use 'apt' instead of 'apt-get' for modern best practices.

- Simplify installation commands by combining them and removing explicit version numbers.",2024-12-09 12:07:49+00:00
ktorio/ktor,37a9a0f6753cf9b9630e02c5c350f764e1da1b20,https://github.com/ktorio/ktor/commit/37a9a0f6753cf9b9630e02c5c350f764e1da1b20 ,"Update contributing guide (#4542)

* Remove libtinfo-dev from contributing guide

This dependency is not present starting from Ubuntu Noble (24.04LTS)

* Add a note about the required JDK version",2024-12-17 08:58:34+00:00
ktorio/ktor,668886e5817c37041a692296e45883cb7e8a8184,https://github.com/ktorio/ktor/commit/668886e5817c37041a692296e45883cb7e8a8184 ,"KTOR-7866: Update Kotlin to v2.1.0 (#4512)

* Update Kotlin to v2.1.0
* Update yarn.lock
* Update kotlinter to 5.0.0
* Disable JteTest (KTOR-8030)
* Decrease Kotlin daemon Xmx (KTOR-8035)

---------

Co-authored-by: renovate[bot] <29139614+renovate[bot]@users.noreply.github.com>
Co-authored-by: Osip Fatkullin <osip.fatkullin@jetbrains.com>",2025-01-09 15:50:27+00:00
ktorio/ktor,d1ee6ec807797c59bbf4129221db741ee260656d,https://github.com/ktorio/ktor/commit/d1ee6ec807797c59bbf4129221db741ee260656d ,"Update kotlin monorepo to v2.1.10 (#4626)

Co-authored-by: renovate[bot] <29139614+renovate[bot]@users.noreply.github.com>",2025-02-05 18:24:35+00:00
ktorio/ktor,7fe92611582d6774c322c9ed538ddc5e8d2f8ac6,https://github.com/ktorio/ktor/commit/7fe92611582d6774c322c9ed538ddc5e8d2f8ac6 ,"Update kotlin monorepo to v2.1.20 (#4751)

* Update Kotlin badge
* Update Ktor plugin version in readme
* Remove workarounds for fixed bugs

---------

Co-authored-by: renovate[bot] <29139614+renovate[bot]@users.noreply.github.com>
Co-authored-by: Osip Fatkullin <osip.fatkullin@jetbrains.com>",2025-03-24 16:01:56+00:00
ktorio/ktor,0769848a782925e2457372504da45d720ccd2f12,https://github.com/ktorio/ktor/commit/0769848a782925e2457372504da45d720ccd2f12 ,"Fix OOM on IDE sync (#4856)

* Override Gradle jvmargs on CI
* Increase Xmx for Gradle daemon
* Add a note that curl and ncurses are no longer required
* Add system requirements in the contributing guide",2025-05-14 17:17:25+00:00
ktorio/ktor,215e1afdd5018364753e8fac4976f35d4ad31752,https://github.com/ktorio/ktor/commit/215e1afdd5018364753e8fac4976f35d4ad31752 ,"Update kotlin monorepo to v2.1.21 (#4852)

Co-authored-by: renovate[bot] <29139614+renovate[bot]@users.noreply.github.com>",2025-05-14 21:50:34+00:00
ktorio/ktor,3fbecbe3b6b4e9df2cb83c94951f07e84973cff4,https://github.com/ktorio/ktor/commit/3fbecbe3b6b4e9df2cb83c94951f07e84973cff4 ,Update Kotlin version badge to 2.2.0,2025-07-28 16:20:22+00:00
ktorio/ktor,743078af457cde1a5d11944fe65457fb3b40d1cc,https://github.com/ktorio/ktor/commit/743078af457cde1a5d11944fe65457fb3b40d1cc ,Update kotlin monorepo to v2.2.10,2025-08-25 21:44:29+00:00
ktorio/ktor,80ed420b131644a18ce93dd2f9600ecaa70f14a8,https://github.com/ktorio/ktor/commit/80ed420b131644a18ce93dd2f9600ecaa70f14a8 ,"WebRtc Client. Introduce Native engine based on WebRTC.rs (#5044)

* WebRtc Client. Introduce Native engine based on WebRTC.rs and Gobley. Works only for jvm and separated into different submodule for now.

* WebRTC.rs Client. Remove track by reference, not only sender.

* WebRtc Client. Fix datachannel closing and `bufferedamountlow` event.

* WebRTC.rs Client. Fix issues found on review.

* WebRTC.rs Client. Rust `MediaStreamTrack` rethinked and tested. Add more targets.

* WebRTC.rs Client. Remove android jvm/native targets.

* WebRTC.rs Client. Disable `ktor-client-webrtc-rs` module by default.

* WebRTC.rs Client. Improve `ktor-client-webrtc-rs` configuration.

* WebRTC.rs Client. Improve flaky tests.

* WebRTC.rs Client. Override konan properties on Linux.

* WebRTC.rs Client. Update contribution guide.

* WebRTC Client. Fix structured concurrency.

* WebRTC.rs Client. Make media tests deterministic.

* WebRTC.rs Client. Disable macOS X64 target.",2025-09-05 09:29:40+00:00
ktorio/ktor,c26673dc63879570c61cb1d247f2cf7b0c9ac9d5,https://github.com/ktorio/ktor/commit/c26673dc63879570c61cb1d247f2cf7b0c9ac9d5 ,"Update Kotlin to 2.2.20 (#5079)

* Update Kotlin to 2.2.20

* Fix compilation after Kotlin update

* Disable Klibs native x-compilation

* Update yarn lock

* Fix for wasmJs after Kotlin update",2025-09-17 08:32:32+00:00
ktorio/ktor,a78631515953032e9633df7d2bcd99de342e1663,https://github.com/ktorio/ktor/commit/a78631515953032e9633df7d2bcd99de342e1663 ,"KTOR-4759 KTOR-4946 KTOR-6569 Fix clearing token and accessing provid… (#5115)

* KTOR-4759 KTOR-4946 KTOR-6569 Fix clearing token and accessing providers in client Auth plugin",2025-10-08 10:54:48+00:00
ktorio/ktor,8bcf45f929408c8ae02e724a46c121d7b65763ee,https://github.com/ktorio/ktor/commit/8bcf45f929408c8ae02e724a46c121d7b65763ee ,Contributing guide. Mention `CocoaPods` installation. (#5118),2025-10-09 13:55:11+00:00
ktorio/ktor,1fcffc22f3c3bd321ee85f198bbde0a15b45df43,https://github.com/ktorio/ktor/commit/1fcffc22f3c3bd321ee85f198bbde0a15b45df43 ,Add a script switching branch base (#5156),2025-10-29 18:22:25+00:00
ktorio/ktor,9c6404bb9640b2a7a0d3538408d390a2d24c51b2,https://github.com/ktorio/ktor/commit/9c6404bb9640b2a7a0d3538408d390a2d24c51b2 ,Update Kotlin to 2.2.21,2025-11-04 15:49:01+00:00
ktorio/ktor,59b602fb99028b96c01106149f748fbd3b08b10d,https://github.com/ktorio/ktor/commit/59b602fb99028b96c01106149f748fbd3b08b10d ,"KTOR-9061 Make CocoaPods optional for building the project (#5173)

* Add support for optional cocoapods
* Use ValueSource API for better Configuration Cache hits
* Update CONTRIBUTING.md to reflect changes",2025-11-12 11:10:58+00:00
kubernetes/org,a09efeb07bb9174a191f48800368bbb8ec0a7395,https://github.com/kubernetes/org/commit/a09efeb07bb9174a191f48800368bbb8ec0a7395 ,Apply updated Prow location,2024-04-19 09:37:21+00:00
kubernetes/org,2c5e02468d4c1b40e78eb1bf885b7339bd1042fb,https://github.com/kubernetes/org/commit/2c5e02468d4c1b40e78eb1bf885b7339bd1042fb ,Fix typo in the GitHub word,2024-05-10 20:38:57+00:00
lemire/javaewah,86f37ab370b74282989e40917b2786ad9fb65f94,https://github.com/lemire/javaewah/commit/86f37ab370b74282989e40917b2786ad9fb65f94 ,"Remove Java CI badge from README

Removed the Java CI badge from the README.",2025-10-21 00:10:08+00:00
linkedin/goavro,21be9f7491c741ee56a0fecacb8678ca8d432b73,https://github.com/linkedin/goavro/commit/21be9f7491c741ee56a0fecacb8678ca8d432b73 ,Update README.md,2025-03-19 19:45:35+00:00
loonwerks/jkind,4c233ca5a8224c0600350808d457d27676453868,https://github.com/loonwerks/jkind/commit/4c233ca5a8224c0600350808d457d27676453868 ,"Modified Cvc5Solver, test arguments, properties files, rebuilt with gradlew, and ran test suites",2024-12-25 02:09:06+00:00
loonwerks/jkind,a59c46201a3a26785b911ea1109781279c7b0b5f,https://github.com/loonwerks/jkind/commit/a59c46201a3a26785b911ea1109781279c7b0b5f ,updated README for cvc5 support,2024-12-25 20:52:05+00:00
loonwerks/jkind,7fe1dd8b495cc7a06a3ed5385de9fafe6ccf5adc,https://github.com/loonwerks/jkind/commit/7fe1dd8b495cc7a06a3ed5385de9fafe6ccf5adc ,updates README,2024-12-25 21:33:15+00:00
loonwerks/jkind,e8acdf66c25ec4b4da8ecb6bdb4b722bf32f86c4,https://github.com/loonwerks/jkind/commit/e8acdf66c25ec4b4da8ecb6bdb4b722bf32f86c4 ,Update README.md : Fix English grammar of list,2025-01-06 13:46:08+00:00
lttng/lttng-tools,17f013d167f010cd0166f869af424141605a992b,https://github.com/lttng/lttng-tools/commit/17f013d167f010cd0166f869af424141605a992b ,"Docs: Add the example commit from CONTRIBUTING as a template

Observed issue
==============

I found myself referring to the contributing guide each time a made a
new commit to ensure that I had the appropriate style and sections.

Solution
========

A stub template `.commit_template` has been added and the instructions
in `CONTRIBUTING.md` indicate that the local checkout that be
configured to use it as a template for new commits which are made.

Known drawbacks
===============

None.

Change-Id: Idfacd4d726657cb57f193f0a3375a840d8a9c746
Signed-off-by: Kienan Stewart <kstewart@efficios.com>
Signed-off-by: Jérémie Galarneau <jeremie.galarneau@efficios.com>",2024-02-28 15:41:29+00:00
lttng/lttng-tools,9f2636716abf0d6cc188fed380ba77a621a370c1,https://github.com/lttng/lttng-tools/commit/9f2636716abf0d6cc188fed380ba77a621a370c1 ,"tests: Replace babelstats.pl with bt2 plugins

Observed Issue
==============

`tests/regression/tools/filtering/test_valid_filters` is a long running
test, especially when running as root and exercising the tests across
the kernel domain.

I observed that a sizable amount of time was being spent in the analysis
of the results using `babelstats.pl`.

Solution
========

Instead of using a script to parse the pretty output of babeltrace2, I
decided to write two C++ plugins to replicate the behaviour of the
`babelstats.pl` script.

I measured the time using `sudo -E time ./path/to/test`

| Test                 | Time with `babelstats.pl` | Time with bt2 plugins |
| test_tracefile_count | 13.04s                    | 11.73s                |
| test_exclusion       | 22.75s                    | 22.07s                |
| test_valid_filter    | 301.04s                   | 144.41s               |

The switch to using babeltrace2 plugins reduces the runtime of the
`test_valid_filter` test (when running with kernel tests) by half. The
runtime changes to the other tests that were modified are not
significant.

Known drawbacks
===============

The field_stats plugin behaviour differs from `babelstats.pl` with
regards to enumeration fields (""container"" in `babelstats.pl`). However,
no tests depend on that behaviour to pass.

The field_stats sink plugin doesn't perform a lot of run-time
error-checking of functions it invokes, and doesn't fully clean up all
the references it allocates though the babeltrace2 API. As the intended
usage is for short lived invocations with relatively small traces, the
principal drawback of this approach is that errors in the plugin may be
harder to debug.

Building tests of lttng-tools will now depend on having the babeltrace2
development headers and libraries available.

Change-Id: Ie8ebdd255b6901a7d0d7c4cd584a02096cccd4fb
Signed-off-by: Kienan Stewart <kstewart@efficios.com>
Signed-off-by: Jérémie Galarneau <jeremie.galarneau@efficios.com>",2024-03-08 16:55:24+00:00
lttng/lttng-tools,2084028c095aa000a1e5f6694b7b43c6640997c8,https://github.com/lttng/lttng-tools/commit/2084028c095aa000a1e5f6694b7b43c6640997c8 ,"docs: Update coding standard blurb in contributions readme

Observed issue
==============

The CodingStyle document now includes style guidelines for Python,
Shell (bash), and legacy C code.

Solution
========

* Fix wording in the first sentence and use a relative link to the file
* Remove paragraph that other languages do not have a coding style
* Add a link to the test README

Known drawbacks
===============

None.

Change-Id: I057ae8d51afaa07892aa40b47c2f1716574b3b06
Signed-off-by: Kienan Stewart <kstewart@efficios.com>
Signed-off-by: Jérémie Galarneau <jeremie.galarneau@efficios.com>",2024-11-26 19:30:29+00:00
lttng/lttng-tools,3ee8b37f7c541785302ea8b2fc3295ae71d1d78d,https://github.com/lttng/lttng-tools/commit/3ee8b37f7c541785302ea8b2fc3295ae71d1d78d ,"Clean-up: Remove checkpatch

The project rarely sees e-mail contributions and has moved to C++ as
the main programming language, so checkpatch.pl is not longer very
pertinent.

Change-Id: I799ecc6884e80e078c2cd46c284f1c50d3b332b6
Signed-off-by: Kienan Stewart <kstewart@efficios.com>
Signed-off-by: Jérémie Galarneau <jeremie.galarneau@efficios.com>",2024-12-11 22:33:10+00:00
lttng/lttng-tools,bd291b72a3c11e0f85f407b4498fed57b23dae85,https://github.com/lttng/lttng-tools/commit/bd291b72a3c11e0f85f407b4498fed57b23dae85 ,"Clean-up: docs: Correct typos in contributing documentation

Change-Id: I3b4c25a5c53ec2ce7c24f7f3a7b674ce07354cd5
Signed-off-by: Kienan Stewart <kstewart@efficios.com>
Signed-off-by: Jérémie Galarneau <jeremie.galarneau@efficios.com>",2024-12-11 22:33:10+00:00
lttng/lttng-tools,d60fe7c6eb8ae7d6026bac9d763238e3a50dd0aa,https://github.com/lttng/lttng-tools/commit/d60fe7c6eb8ae7d6026bac9d763238e3a50dd0aa ,"misc: Add pre-commit hook for common checks

The initial version of the pre-commit hook, if installed, will check
the changed with clang-format, clang-tidy, and
python-black. Furthermore, C/C++ source files will be parsed using
python-clang and the comment style (starting with `/*` and ending with
`*/`) will be validated.

This pre-commit hook will check only the staged files.

To install the pre-commit hook:

    ln -s ../../extras/pre-commit.py .git/hooks/pre-commit

Example:

```
$ git hook run pre-commit 2>&1
ERROR:root:Failed rule 'cpp-comment-style'
Wrong comment style at <SourceRange start <SourceLocation file 'src/bin/lttng-sessiond/main.cpp', line 109, column 1>, end <SourceLocation file 'src/bin/lttng-sessiond/main.cpp', line 109, column 6>>
// hi
Wrong comment style at <SourceRange start <SourceLocation file 'src/bin/lttng-sessiond/main.cpp', line 111, column 1>, end <SourceLocation file 'src/bin/lttng-sessiond/main.cpp', line 111, column 12>>
/** hey **/
Wrong comment style at <SourceRange start <SourceLocation file 'src/bin/lttng-sessiond/main.cpp', line 113, column 1>, end <SourceLocation file 'src/bin/lttng-sessiond/main.cpp', line 113, column 11>>
/* sup **/
Wrong comment style at <SourceRange start <SourceLocation file 'src/bin/lttng-sessiond/main.cpp', line 115, column 1>, end <SourceLocation file 'src/bin/lttng-sessiond/main.cpp', line 115, column 3>>
//
Wrong comment style at <SourceRange start <SourceLocation file 'src/bin/lttng-sessiond/main.cpp', line 117, column 1>, end <SourceLocation file 'src/bin/lttng-sessiond/main.cpp', line 117, column 5>>
/**/

ERROR:root:Failed rule 'clang-format'
src/bin/lttng-sessiond/main.cpp:1516:63: error: code should be clang-formatted [-Wclang-format-violations]
        /* Queue of rotation jobs populated by the sessiond-timer. */
                                                                     ^
src/bin/lttng-sessiond/main.cpp:1518:47: error: code should be clang-formatted [-Wclang-format-violations]
        struct lttng_thread *client_thread = nullptr;
                                                     ^

ERROR: root:Failed rule 'python-black'
would reformat asdf.py

Oh no! 💥 💔 💥
1 file would be reformatted.

Change-Id: I91f287a41f242d70aa4feb2b8ca8a6fd46ef708e
--- asdf.py     2024-12-10 19:56:34.558499+00:00
+++ asdf.py     2024-12-10 20:48:24.892474+00:00
@@ -1,4 +1,4 @@
 #!/usr/bin/python3

-if __name__ == '__main__':
+if __name__ == ""__main__"":
     pass

WARNING:root:Passed: 1
ERROR:root:Failed: 3
ERROR:root:Failed rule: cpp-comment-style
ERROR:root:Failed rule: clang-format
ERROR:root:Failed rule: python-black
```

Known drawbacks
===============

This operates on the whole files instead of the diffs.

The following supplementary tools are required for the pre-commit hook
to run:

 * clang-format
 * clang-tidy
 * python-blacken
 * python-clang (shipped with some clang releases)

Signed-off-by: Kienan Stewart <kstewart@efficios.com>
Change-Id: Icc5e7c9324ebc937cf295619f53557649797d914
Signed-off-by: Jérémie Galarneau <jeremie.galarneau@efficios.com>",2024-12-12 19:54:13+00:00
lttng/lttng-tools,d6e376c19c6b1b1247f46ea19e00a636e7f22efb,https://github.com/lttng/lttng-tools/commit/d6e376c19c6b1b1247f46ea19e00a636e7f22efb ,"docs: Add mention of mastodon account

Change-Id: I6a131dfacdae9058c41c6e9141731de5bd8b9d11
Signed-off-by: Kienan Stewart <kstewart@efficios.com>
Signed-off-by: Jérémie Galarneau <jeremie.galarneau@efficios.com>",2025-03-25 19:31:01+00:00
lttng/lttng-tools,43974eca015a536c9890e6185494ffa0fe4a8fd0,https://github.com/lttng/lttng-tools/commit/43974eca015a536c9890e6185494ffa0fe4a8fd0 ,"Docs: replace git:// with https://

Change-Id: I8a1cccde420f8977318caacbe72f892f2fc73a1e
Signed-off-by: Kienan Stewart <kstewart@efficios.com>
Signed-off-by: Jérémie Galarneau <jeremie.galarneau@efficios.com>",2025-04-08 19:18:23+00:00
lttng/lttng-tools,7703eb1368d3ef1c448d7ebfe2547a1a544d0681,https://github.com/lttng/lttng-tools/commit/7703eb1368d3ef1c448d7ebfe2547a1a544d0681 ,"Clean-up: Remove inaccurate release info

Currently, there is no monthly digest about upcoming releases.

Change-Id: Ia8435da5beada2cb00d4e9d46c8eed88ab82b146
Signed-off-by: Erica Bugden <ebugden@efficios.com>
Signed-off-by: Jérémie Galarneau <jeremie.galarneau@efficios.com>",2025-12-05 16:06:52+00:00
mahmoud/ashes,5684455e576430b93244c1577aa25c87a864f151,https://github.com/mahmoud/ashes/commit/5684455e576430b93244c1577aa25c87a864f151 ,fix a couple links,2025-04-23 18:24:37+00:00
maproulette/maproulette-backend,c1e212c474c6ca0b921ebdbaadcaff6e9a823c35,https://github.com/maproulette/maproulette-backend/commit/c1e212c474c6ca0b921ebdbaadcaff6e9a823c35 ,"Update README and CI to reference jdk 17 (#1145)

MapRoulette is running using jdk 17, and dropping build/runtime support for jdk 11.",2024-08-17 23:50:20+00:00
maproulette/maproulette-backend,3126e0aecf235feee22ac9f23006fb5deab30921,https://github.com/maproulette/maproulette-backend/commit/3126e0aecf235feee22ac9f23006fb5deab30921 ,Mention env variable config overrides in README,2024-10-28 21:47:03+00:00
maproulette/maproulette-backend,3cb3324b7478523387a893f603cc6895f4eb01a2,https://github.com/maproulette/maproulette-backend/commit/3cb3324b7478523387a893f603cc6895f4eb01a2 ,Update to sbt 1.11.2 and minor readme updates (#1189),2025-06-24 02:38:21+00:00
mattermost/desktop,7c9c462964dc2ae34f836a1a9876ab83dcdcd693,https://github.com/mattermost/desktop/commit/7c9c462964dc2ae34f836a1a9876ab83dcdcd693 ,"chore(ci): update CI badge with GitHub Actions' one (#3021)

Follows up PR 2516.

Signed-off-by: Takuya Noguchi <takninnovationresearch@gmail.com>",2024-04-30 12:50:38+00:00
metarhia/globalstorage,b23ab19ea6c8bf5b917f66c0279cce83637d4b4e,https://github.com/metarhia/globalstorage/commit/b23ab19ea6c8bf5b917f66c0279cce83637d4b4e ,Update license and readme,2025-07-27 00:23:32+00:00
metarhia/globalstorage,caf7733e50ff70cf16baa6ecb2dcc5b1e002d955,https://github.com/metarhia/globalstorage/commit/caf7733e50ff70cf16baa6ecb2dcc5b1e002d955 ,Update concept in readme,2025-07-27 00:23:32+00:00
navikt/modiapersonoversikt,14897541cf3ccc01ac39fac11a2c72f2f343f57c,https://github.com/navikt/modiapersonoversikt/commit/14897541cf3ccc01ac39fac11a2c72f2f343f57c ,"Sett opp vite og vitest (#2148)

Fjerne craco og jest. Støtte for dynamisk base path",2024-04-30 10:55:02+00:00
navikt/modiapersonoversikt,1f912e2f670b6168d16a4d539d1a66b1184a7d7f,https://github.com/navikt/modiapersonoversikt/commit/1f912e2f670b6168d16a4d539d1a66b1184a7d7f ,NAV -> Nav,2024-11-07 12:04:23+00:00
navikt/modiapersonoversikt,514470342d369c81774320175f55777343d228d1,https://github.com/navikt/modiapersonoversikt/commit/514470342d369c81774320175f55777343d228d1 ,Liten oppdatering av README,2024-12-12 09:49:20+00:00
navikt/modiapersonoversikt,7050d8ee61b8adf239adc36eb19819fd121c4d9d,https://github.com/navikt/modiapersonoversikt/commit/7050d8ee61b8adf239adc36eb19819fd121c4d9d ,Bytt fra npm til pnpm,2024-12-17 08:33:30+00:00
navikt/modiapersonoversikt,994df44943fa1590e867c6422228b211d2aa84a7,https://github.com/navikt/modiapersonoversikt/commit/994df44943fa1590e867c6422228b211d2aa84a7 ,[KAIZEN-0] motivation for running locally,2025-11-03 09:05:58+00:00
nuxt-community/auth-module,6761714a06bb12be076a0e49e47d0a94e6db4fd9,https://github.com/nuxt-community/auth-module/commit/6761714a06bb12be076a0e49e47d0a94e6db4fd9 ,docs: Update README.md,2024-08-04 08:02:17+00:00
opendsm/opendsm,fc189d5dc42b81a6a3f11afc598dc414ebc7eb14,https://github.com/opendsm/opendsm/commit/fc189d5dc42b81a6a3f11afc598dc414ebc7eb14 ,"updating copyright

Signed-off-by: travis-recurve <124101151+travis-recurve@users.noreply.github.com>

Former-commit-id: c3d5bd7dd83eecd9deff4b2820fa6dfe93656305",2024-02-22 03:54:32+00:00
opendsm/opendsm,c84f098cff6a308cfae12a993e90aa2ee8af8fbc,https://github.com/opendsm/opendsm/commit/c84f098cff6a308cfae12a993e90aa2ee8af8fbc ,"Rename eemeter->opendsm

Signed-off-by: Jason Chulock <jason@recurve.com>",2025-02-12 01:26:00+00:00
opendsm/opendsm,4c53d53280eb306fbff5b54294b0fa9588414a56,https://github.com/opendsm/opendsm/commit/4c53d53280eb306fbff5b54294b0fa9588414a56 ,"copyright and charter update

Signed-off-by: travis-recurve <124101151+travis-recurve@users.noreply.github.com>",2025-02-12 16:58:32+00:00
opendsm/opendsm,006678ca5442b8a236fee984f5540e7eb8b65bda,https://github.com/opendsm/opendsm/commit/006678ca5442b8a236fee984f5540e7eb8b65bda ,"Update CONTRIBUTING.md

Signed-off-by: Jason Chulock <jason@recurve.com>",2025-02-12 18:31:22+00:00
opendsm/opendsm,1f804f3dabfa705183f498677007ae42c0df425f,https://github.com/opendsm/opendsm/commit/1f804f3dabfa705183f498677007ae42c0df425f ,"Update README.md

Signed-off-by: Travis Sikes <124101151+travis-recurve@users.noreply.github.com>",2025-02-12 23:19:58+00:00
opendsm/opendsm,47d0def8ed2e83b35c175bc8718111033f1c1a49,https://github.com/opendsm/opendsm/commit/47d0def8ed2e83b35c175bc8718111033f1c1a49 ,"Update README.md

Signed-off-by: Travis Sikes <124101151+travis-recurve@users.noreply.github.com>",2025-02-13 16:24:43+00:00
opendsm/opendsm,da256d7737d2aea28eb864568faf38368b7bd2f2,https://github.com/opendsm/opendsm/commit/da256d7737d2aea28eb864568faf38368b7bd2f2 ,"Feature/hourly model update (#550)

* disallow negative cvrmse in hourly model
* added daily CVRMSE >= 0 and PNRMSE pass for sufficiency
* added temp_bin/cluster/temp interaction
* updating clustering
* updating hourly settings and adding clustering
* clustering sort update
* adaptive robust elasticnet
* adaptive weights window bug fix
* adaptive weights window logic change
* added fixed temperature bins
* extreme temperature bin settings update
* Final model
* modified temporal_cluster code
* revised adaptive loss penalization
* fixing broken tests and making daily model use baseline_metrics
* updating daily model settings to no longer use model_fields on instantiated class
* modified extreme value flag to be based on IQR rule

---------

Signed-off-by: travis-recurve <124101151+travis-recurve@users.noreply.github.com>",2025-05-21 22:32:17+00:00
opendsm/opendsm,6a7ef4a8f7c389794c11dcc56d1bb0f57c5a298c,https://github.com/opendsm/opendsm/commit/6a7ef4a8f7c389794c11dcc56d1bb0f57c5a298c ,"Release/v1.2.0 (#556)

* Update for v1.2.0 release

Signed-off-by: Travis Sikes <124101151+travis-recurve@users.noreply.github.com>",2025-07-10 21:11:46+00:00
opendsm/opendsm,5164117a85af43f31806f5a31e79eff2f32d1698,https://github.com/opendsm/opendsm/commit/5164117a85af43f31806f5a31e79eff2f32d1698 ,"Etc/website update (#568)

* update website

---------

Signed-off-by: travis-recurve <124101151+travis-recurve@users.noreply.github.com>",2025-08-26 22:04:18+00:00
opendsm/opendsm,68b9c6c6f1205dc80d2702492d52c4ec7ac2b80d,https://github.com/opendsm/opendsm/commit/68b9c6c6f1205dc80d2702492d52c4ec7ac2b80d ,"migrating website (#572)

Signed-off-by: travis-recurve <124101151+travis-recurve@users.noreply.github.com>",2025-08-28 00:45:33+00:00
opendsm/opendsm,317e49ad960158d56a1d29d613732971dc89578d,https://github.com/opendsm/opendsm/commit/317e49ad960158d56a1d29d613732971dc89578d ,"Update README.md

Signed-off-by: Travis Sikes <124101151+travis-recurve@users.noreply.github.com>",2025-08-30 01:16:43+00:00
opendsm/opendsm,338b9b1fa2d739d6fdbbbec2596a39b651ba2108,https://github.com/opendsm/opendsm/commit/338b9b1fa2d739d6fdbbbec2596a39b651ba2108 ,"Update README.md

Signed-off-by: Travis Sikes <124101151+travis-recurve@users.noreply.github.com>",2025-08-30 01:17:34+00:00
opendsm/opendsm,ba64962296a5d124c8b88f377525f4a63dd848b0,https://github.com/opendsm/opendsm/commit/ba64962296a5d124c8b88f377525f4a63dd848b0 ,"merge to master

Signed-off-by: travis-recurve <124101151+travis-recurve@users.noreply.github.com>",2025-10-31 22:24:19+00:00
openenclave/openenclave,23b9c01ad31fd25a0a81f959eb4a6a5d95d4b604,https://github.com/openenclave/openenclave/commit/23b9c01ad31fd25a0a81f959eb4a6a5d95d4b604 ,"OpenSSF Badge Score

OpenSSF Badge Score Added

Signed-off-by: Sal Kimmich <salkimmich@gmail.com>
Signed-off-by: Sal Kimmich <sarakimmich@gmail.com>",2024-10-18 16:41:20+00:00
opnsense/src,67e6b8354a7baa4604b75377b7e765cef3c9c6c4,https://github.com/opnsense/src/commit/67e6b8354a7baa4604b75377b7e765cef3c9c6c4 ,"CONTRIBUTING.md: add author identity info

We do not want @users.noreply.github.com addresses.

Reviewed by:	imp
Sponsored by:	The FreeBSD Foundation
Differential Revision: https://reviews.freebsd.org/D41918

(cherry picked from commit febba4622b605bfda0f44ae3c943ccdaa914cdeb)",2024-03-22 13:11:15+00:00
opnsense/src,0416bffd5183372a42feecee54d87d100210803e,https://github.com/opnsense/src/commit/0416bffd5183372a42feecee54d87d100210803e ,"CONTRIBUTING.md: fix typo from commmit to commit

Signed-off-by: rilysh <nightquick@proton.me>
Pull-request: https://github.com/freebsd/freebsd-src/pull/960
(cherry picked from commit 5f71f9636efa25f6de1a832202bae7c78ad013aa)",2024-03-22 13:30:30+00:00
pachyderm/pachyderm,00fa81227810811244fc3fd81165c482f9d9c77d,https://github.com/pachyderm/pachyderm/commit/00fa81227810811244fc3fd81165c482f9d9c77d ,"Fix Slack status badge in README.md (#9651)

This PR update fixes the broken Slack status badge on README.md.",2024-01-29 19:33:40+00:00
pardeike/Harmony,025b002996f63b05a87b90999aebfdc742dd3acb,https://github.com/pardeike/Harmony/commit/025b002996f63b05a87b90999aebfdc742dd3acb ,adds github test action badge,2024-02-13 23:00:40+00:00
pardeike/Harmony,37df9046030ed91aa0ac9f59fc4d7e83d70efecf,https://github.com/pardeike/Harmony/commit/37df9046030ed91aa0ac9f59fc4d7e83d70efecf ,"mentions MonoMod.Core instead of MonoMod.Common, adds ref to nike4613",2024-02-26 14:20:32+00:00
pardeike/Harmony,45304b9003dc96843d6719eae617612f18cbe31c,https://github.com/pardeike/Harmony/commit/45304b9003dc96843d6719eae617612f18cbe31c ,adds download counter,2024-03-03 12:23:41+00:00
pardeike/Harmony,11b42459cd4d8d6a679b0249fcece2bba878a7cc,https://github.com/pardeike/Harmony/commit/11b42459cd4d8d6a679b0249fcece2bba878a7cc ,adds latest release download link to download badge,2024-03-03 12:29:08+00:00
pardeike/Harmony,01260286feaff93363f51a3b364204de343d4ad1,https://github.com/pardeike/Harmony/commit/01260286feaff93363f51a3b364204de343d4ad1 ,Release v2.3.1.1,2024-03-03 22:30:23+00:00
pardeike/Harmony,76b4879c9835b6c24fd6a7f0d87450d46d469bd8,https://github.com/pardeike/Harmony/commit/76b4879c9835b6c24fd6a7f0d87450d46d469bd8 ,restores newlines,2024-03-03 22:32:45+00:00
pardeike/Harmony,146bf487ce49a77b20f56fd5641fa3324341b1f6,https://github.com/pardeike/Harmony/commit/146bf487ce49a77b20f56fd5641fa3324341b1f6 ,updates list of games,2024-04-26 12:52:27+00:00
pardeike/Harmony,2f9ad9bf8862456fce5872ee2b743a68de89060a,https://github.com/pardeike/Harmony/commit/2f9ad9bf8862456fce5872ee2b743a68de89060a ,more games,2024-04-26 12:54:16+00:00
pardeike/Harmony,e5d0aa03b9f5926032447623e34f8c6368644aec,https://github.com/pardeike/Harmony/commit/e5d0aa03b9f5926032447623e34f8c6368644aec ,adds slime rancher,2024-04-26 19:31:39+00:00
pardeike/Harmony,a264a1bf1ce689e4589e8dcc54b1e2818602a90a,https://github.com/pardeike/Harmony/commit/a264a1bf1ce689e4589e8dcc54b1e2818602a90a ,v2.4.2 release,2025-11-13 00:22:27+00:00
pardeike/Harmony,00602ef1efe105e0ec39c5486087c8e90cb4b7c5,https://github.com/pardeike/Harmony/commit/00602ef1efe105e0ec39c5486087c8e90cb4b7c5 ,"Add ""Genshin Impact Miliastra Wonderland"" to README.md (#747)

* Add ""Genshin Impact Miliastra Wonderland"" to README.md

* Put **Genshin Impact Miliastra Wonderland** to the lastest",2025-11-19 01:22:08+00:00
percival-detector/percivalui,412f769fd50aaa21f675fa514a643d9aa62cbdc9,https://github.com/percival-detector/percivalui/commit/412f769fd50aaa21f675fa514a643d9aa62cbdc9 ,"add liveview2 from PAL, modified for use with odin-data",2024-05-09 10:10:12+00:00
percival-detector/percivalui,46110801f2a8b710df4993efa159a377ed4063d3,https://github.com/percival-detector/percivalui/commit/46110801f2a8b710df4993efa159a377ed4063d3 ,migrate from influxdb to influxdb2,2024-07-29 13:05:47+00:00
plotly/plotly.js,4d10c565fdc9ed848d986454d3890b8e519521c3,https://github.com/plotly/plotly.js/commit/4d10c565fdc9ed848d986454d3890b8e519521c3 ,update readme and changelog for v2.28.0,2024-01-05 20:56:46+00:00
plotly/plotly.js,6b74dfb15a425ac3ceee7ebb6d6513351f0faae4,https://github.com/plotly/plotly.js/commit/6b74dfb15a425ac3ceee7ebb6d6513351f0faae4 ,revise README,2024-02-02 01:39:13+00:00
plotly/plotly.js,b66df0697fc143c9d00bdd9dc784812e5b369ce0,https://github.com/plotly/plotly.js/commit/b66df0697fc143c9d00bdd9dc784812e5b369ce0 ,update README,2024-02-02 01:39:13+00:00
plotly/plotly.js,2f0723934b0405523c2acbcfe0deab2a2dc811bd,https://github.com/plotly/plotly.js/commit/2f0723934b0405523c2acbcfe0deab2a2dc811bd ,update README and changelog for v2.29.0,2024-02-02 02:10:16+00:00
plotly/plotly.js,2db1dfccbbf58e91831889ae5c68a6d13f2af439,https://github.com/plotly/plotly.js/commit/2db1dfccbbf58e91831889ae5c68a6d13f2af439 ,update readme,2024-02-02 13:50:05+00:00
plotly/plotly.js,08e06bd23651ef4bbede2640d1aad022be5ead38,https://github.com/plotly/plotly.js/commit/08e06bd23651ef4bbede2640d1aad022be5ead38 ,edit readme,2024-02-03 13:44:45+00:00
plotly/plotly.js,4072ae5463dbed2e967cca1672e3f4c141f3f646,https://github.com/plotly/plotly.js/commit/4072ae5463dbed2e967cca1672e3f4c141f3f646 ,update readme and changelog for v2.29.1,2024-02-12 16:38:53+00:00
plotly/plotly.js,1e45fcf6128d0bf70ebbc328d968c022d44056fc,https://github.com/plotly/plotly.js/commit/1e45fcf6128d0bf70ebbc328d968c022d44056fc ,changelog and readme for v2.30.0,2024-03-06 22:25:31+00:00
plotly/plotly.js,d946e7ffa1cdb392ed4cc92d57ddaa578b7dc17a,https://github.com/plotly/plotly.js/commit/d946e7ffa1cdb392ed4cc92d57ddaa578b7dc17a ,changelog and readme for v2.30.1,2024-03-15 20:05:50+00:00
plotly/plotly.js,35ec7d60041acac2354643417be878df471dce5d,https://github.com/plotly/plotly.js/commit/35ec7d60041acac2354643417be878df471dce5d ,update readme and changelog for v2.31.0,2024-04-10 14:52:41+00:00
plotly/plotly.js,7e63310985cc6b3fe83f974fd92159c7fe868df3,https://github.com/plotly/plotly.js/commit/7e63310985cc6b3fe83f974fd92159c7fe868df3 ,readme and changelog for v2.31.1,2024-04-15 18:27:23+00:00
plotly/plotly.js,b7e2bacad86c424e9a3d55ab116601ee6285e6df,https://github.com/plotly/plotly.js/commit/b7e2bacad86c424e9a3d55ab116601ee6285e6df ,changelog and readme for v2.32.0,2024-04-23 18:45:12+00:00
plotly/plotly.js,5067f8b5a92fa44e4af84f3ae69c1d4807858b15,https://github.com/plotly/plotly.js/commit/5067f8b5a92fa44e4af84f3ae69c1d4807858b15 ,update readme and changelog for v2.33.0,2024-05-29 09:23:54+00:00
plotly/plotly.js,caf32e57cfdbd370076b926f84c114093f62f0b9,https://github.com/plotly/plotly.js/commit/caf32e57cfdbd370076b926f84c114093f62f0b9 ,"Update README.md with ""maintained by Plotly"" badge",2024-06-07 17:38:37+00:00
plotly/plotly.js,f8065b86b9f4c3c39896b8c394f31118e0b2c819,https://github.com/plotly/plotly.js/commit/f8065b86b9f4c3c39896b8c394f31118e0b2c819 ,Update CONTRIBUTING.md,2024-06-25 20:45:26+00:00
plotly/plotly.js,19d165f748071e055be6587a8c7852e35b50d97a,https://github.com/plotly/plotly.js/commit/19d165f748071e055be6587a8c7852e35b50d97a ,update readme and changelog for v2.34.0,2024-07-18 12:40:02+00:00
plotly/plotly.js,7b8e80c22a49f59f160e246fce42b8e836958e66,https://github.com/plotly/plotly.js/commit/7b8e80c22a49f59f160e246fce42b8e836958e66 ,update readme,2024-07-19 13:29:15+00:00
plotly/plotly.js,965efb64d90453d9e4b2a4830bb1be065f47465b,https://github.com/plotly/plotly.js/commit/965efb64d90453d9e4b2a4830bb1be065f47465b ,Undo change to minimum node version,2024-08-12 19:56:05+00:00
plotly/plotly.js,2056b8745fbc88f298abb7fd7ff7cce7bd29710f,https://github.com/plotly/plotly.js/commit/2056b8745fbc88f298abb7fd7ff7cce7bd29710f ,contrib,2024-08-12 21:21:15+00:00
plotly/plotly.js,3542cc5a66e5aedbf04e1b467b2a7c49520c3988,https://github.com/plotly/plotly.js/commit/3542cc5a66e5aedbf04e1b467b2a7c49520c3988 ,"Merge pull request #7078 from birkskyum/Use-node.js-v18-and-npm-v10-in-development

Use `node.js v18` and `npm v10` in development",2024-08-12 21:57:12+00:00
plotly/plotly.js,41bae70789fd2370d20d106d264d2a62c2f0349f,https://github.com/plotly/plotly.js/commit/41bae70789fd2370d20d106d264d2a62c2f0349f ,remove other eslint files,2024-08-17 20:44:34+00:00
plotly/plotly.js,6655952b1824ee1389129130660c924f5f1f16d0,https://github.com/plotly/plotly.js/commit/6655952b1824ee1389129130660c924f5f1f16d0 ,update draftlogs and readme,2024-08-27 20:09:19+00:00
plotly/plotly.js,0d4c403d76aab6fad84bb749d239d4a0f7258afe,https://github.com/plotly/plotly.js/commit/0d4c403d76aab6fad84bb749d239d4a0f7258afe ,update readme and changelog for v2.35.0,2024-08-29 15:16:29+00:00
plotly/plotly.js,bc350c81229b1df12a75a3d72b06117e3ab1807a,https://github.com/plotly/plotly.js/commit/bc350c81229b1df12a75a3d72b06117e3ab1807a ,changelog and readme for v2.35.1,2024-09-09 18:31:22+00:00
plotly/plotly.js,11540ed997d6c3e5df456ea96a17cab5dbe5e64a,https://github.com/plotly/plotly.js/commit/11540ed997d6c3e5df456ea96a17cab5dbe5e64a ,update changelog and readme for v2.35.2,2024-09-10 20:40:19+00:00
plotly/plotly.js,cc5ac8bbf86d5ac834122a858cb07b35478824fe,https://github.com/plotly/plotly.js/commit/cc5ac8bbf86d5ac834122a858cb07b35478824fe ,Update circleCI badge in README.md,2024-10-22 19:02:02+00:00
plotly/plotly.js,e523791e75bb71af0dc773143bd276e71bde5b2d,https://github.com/plotly/plotly.js/commit/e523791e75bb71af0dc773143bd276e71bde5b2d ,provide changelog and readme for v3.0.0-rc.0,2024-11-12 00:09:55+00:00
plotly/plotly.js,a143e3d8d4ecce7c2afad6f4b09a08193fc15258,https://github.com/plotly/plotly.js/commit/a143e3d8d4ecce7c2afad6f4b09a08193fc15258 ,update changelog and readme for v3.0.0-rc.1,2024-11-27 17:12:56+00:00
plotly/plotly.js,fc94a0c37b66cc7242fbb19e85903e109e001c90,https://github.com/plotly/plotly.js/commit/fc94a0c37b66cc7242fbb19e85903e109e001c90 ,"Update CONTRIBUTING.md

correct typo",2024-12-05 22:24:32+00:00
plotly/plotly.js,c7174af3a4cc19fe0466c24ddd36d5afdadc6606,https://github.com/plotly/plotly.js/commit/c7174af3a4cc19fe0466c24ddd36d5afdadc6606 ,"changelog, citation and readme for v3.0.0-rc.2",2024-12-16 18:57:18+00:00
plotly/plotly.js,a804647de93ab5d0f364f4af830d0f335d78df10,https://github.com/plotly/plotly.js/commit/a804647de93ab5d0f364f4af830d0f335d78df10 ,"changelog, citation, readme update for final 3.0.0!!!",2025-01-27 18:02:31+00:00
plotly/plotly.js,429a0a41d3853a65f45adeedb369edec3675be3f,https://github.com/plotly/plotly.js/commit/429a0a41d3853a65f45adeedb369edec3675be3f ,update version,2025-02-18 15:59:25+00:00
plotly/plotly.js,1eeefb3ce650597bdf5ea0f83ae658ef750e5f2e,https://github.com/plotly/plotly.js/commit/1eeefb3ce650597bdf5ea0f83ae658ef750e5f2e ,"Update changelog, README with new version",2025-07-15 21:31:52+00:00
plotly/plotly.js,6585ad5b13605c6da9caafdd48fab6f40f30d22a,https://github.com/plotly/plotly.js/commit/6585ad5b13605c6da9caafdd48fab6f40f30d22a ,"Update CITATION, README with new version",2025-08-01 16:24:49+00:00
plotly/plotly.js,6b9a65bea23be330953bf7b5199bd0ecb32abb26,https://github.com/plotly/plotly.js/commit/6b9a65bea23be330953bf7b5199bd0ecb32abb26 ,"Update CITATION, README with new version",2025-08-07 22:13:02+00:00
plotly/plotly.js,4e167c45306563605402b975a2e092c777c674dd,https://github.com/plotly/plotly.js/commit/4e167c45306563605402b975a2e092c777c674dd ,"update changelog, citation, and README for v3.1.1",2025-09-29 16:14:21+00:00
plotly/plotly.js,498f2ded5179d2293ffde1beef85fd685c412a1c,https://github.com/plotly/plotly.js/commit/498f2ded5179d2293ffde1beef85fd685c412a1c ,change a couple references from 3.1.0 to 3.1.1,2025-10-08 16:03:58+00:00
plotly/plotly.js,849739772f282cad993d0369454f7c8620610dbf,https://github.com/plotly/plotly.js/commit/849739772f282cad993d0369454f7c8620610dbf ,Add updates for release v3.1.2,2025-10-16 17:51:19+00:00
plotly/plotly.js,094322f1ae1281570d0d1f30fb62e9680efba3d8,https://github.com/plotly/plotly.js/commit/094322f1ae1281570d0d1f30fb62e9680efba3d8 ,Update contributors list in README,2025-10-16 19:39:52+00:00
plotly/plotly.js,9abfb4bbb2696f171537d1f6d9771f8aa065b573,https://github.com/plotly/plotly.js/commit/9abfb4bbb2696f171537d1f6d9771f8aa065b573 ,Update community links in README,2025-10-16 21:33:42+00:00
plotly/plotly.js,0222862314b21ca86c1d21ee31b6b59f182b66ee,https://github.com/plotly/plotly.js/commit/0222862314b21ca86c1d21ee31b6b59f182b66ee ,updates for release v3.2.0,2025-10-30 19:50:58+00:00
plotly/plotly.js,f4c8482bc1060fca27741ff0082ce685818060d8,https://github.com/plotly/plotly.js/commit/f4c8482bc1060fca27741ff0082ce685818060d8 ,Updates for release v3.3.0,2025-11-14 21:19:59+00:00
plotly/plotly.js,baa98645cb2d378aabb494dd31d2134516826855,https://github.com/plotly/plotly.js/commit/baa98645cb2d378aabb494dd31d2134516826855 ,Update contributors list,2025-11-20 19:24:13+00:00
plotly/plotly.js,f8ebcd5660a3eca1bf054b6a106bb236dda1e5c0,https://github.com/plotly/plotly.js/commit/f8ebcd5660a3eca1bf054b6a106bb236dda1e5c0 ,updates for release v3.3.1,2025-12-11 22:04:07+00:00
polkadot-js/dev,f06d676fc974cb2ef271c22ceb7e148cc6ef4616,https://github.com/polkadot-js/dev/commit/f06d676fc974cb2ef271c22ceb7e148cc6ef4616 ,"Create docs for all the scripts in `@polkadot/dev` (#1153)

* Docs for scripts

* Fix usage",2025-01-07 14:18:33+00:00
public-transport/hafas-client,5660f602a7e4ce063dca453ab18e2ed1cd22228f,https://github.com/public-transport/hafas-client/commit/5660f602a7e4ce063dca453ab18e2ed1cd22228f ,readme: link to Travel-Status-DE-HAFAS 📝,2024-01-18 14:27:29+00:00
public-transport/hafas-client,0ffae36890cf6ff95e409dfa4b3919da7fb08ae9,https://github.com/public-transport/hafas-client/commit/0ffae36890cf6ff95e409dfa4b3919da7fb08ae9 ,minor tweaks 📝,2024-12-17 17:12:39+00:00
public-transport/hafas-client,06b572424f07ee8ec612a9706ee0a94b6f889d4d,https://github.com/public-transport/hafas-client/commit/06b572424f07ee8ec612a9706ee0a94b6f889d4d ,readme: minor tweak 📝; changelog 📝; 6.3.5,2025-04-10 15:36:25+00:00
public-transport/hafas-client,1acc1fb13657acd43d07205d9cd567b23ec254f2,https://github.com/public-transport/hafas-client/commit/1acc1fb13657acd43d07205d9cd567b23ec254f2 ,"readme: fix journeys() example response 📝

follow-up of 96ff59d",2025-05-22 16:25:18+00:00
public-transport/hafas-client,4791e3968b4e72806358efa0484b99a3719f2a4e,https://github.com/public-transport/hafas-client/commit/4791e3968b4e72806358efa0484b99a3719f2a4e ,readme: journeys() example: use ÖBB profile 📝,2025-05-22 16:26:35+00:00
pulumi/pulumi-aws,3ebe0adc683ab178d0586e09226204a4b41189ec,https://github.com/pulumi/pulumi-aws/commit/3ebe0adc683ab178d0586e09226204a4b41189ec ,"Add endpoints option to README.md (#3239)

Fixes #3213",2024-01-09 16:40:03+00:00
pulumi/pulumi-aws,cf557da068f1a104e78c62008048ff718bc81f75,https://github.com/pulumi/pulumi-aws/commit/cf557da068f1a104e78c62008048ff718bc81f75 ,"Update auto-generated AWS managed IAM policies (#3701)

Updates the auto-generated managed IAM policies.

This PR is a copy of https://github.com/pulumi/pulumi-aws/pull/3652,
which will hopefully play better with our testing infrastructure.

Co-authored-by: auvred <aauvred@gmail.com>",2024-03-25 17:06:50+00:00
pulumi/pulumi-aws,569a2b04b7d1a5f692d020bd79da0f6351d5709a,https://github.com/pulumi/pulumi-aws/commit/569a2b04b7d1a5f692d020bd79da0f6351d5709a ,"Fix README for skipMetadataApiCheck (#3999)

Since https://github.com/pulumi/pulumi-aws/issues/1692 the provider no
longer treats skipMetadataApiCheck specially but matches the behavior
from Terraform upstream where this check is enabled unless the
configuration value is explicitly set.",2024-05-29 22:14:56+00:00
pulumi/pulumi-aws,c0650c71f3f52cf37c247b0a541907f8cbf52652,https://github.com/pulumi/pulumi-aws/commit/c0650c71f3f52cf37c247b0a541907f8cbf52652 ,"Readme update (#4136)

Adding Pulumi logo and developer resources links to the readme

---------

Co-authored-by: Anton Tayanovskyy <anton@pulumi.com>",2024-07-02 23:36:35+00:00
pulumi/pulumi-aws,dd0753bc2b845244f975ba68615d2b94f17135fd,https://github.com/pulumi/pulumi-aws/commit/dd0753bc2b845244f975ba68615d2b94f17135fd ,"Add basic instructions for upstream upgrades (#4310)

While we improve automation and documentation in the bridge for the
upstream upgrade process, here are some notes on the de-facto process of
doing these upgrades.",2024-07-26 17:37:06+00:00
pulumi/pulumi-aws,5459b84cd773a63f520d9e0d653d72691e416338,https://github.com/pulumi/pulumi-aws/commit/5459b84cd773a63f520d9e0d653d72691e416338 ,"Upgrade upstream terraform-provider-aws to v5.93.0 (#5387)

Upgrades upstream to v5.93.0

Fixes https://github.com/pulumi/pulumi-aws/issues/5382

New resources:

apigateway/restApiPut.RestApiPut",2025-04-01 14:36:44+00:00
pulumi/pulumi-aws,919b7bf462e4d850ec1992b273640776d5418280,https://github.com/pulumi/pulumi-aws/commit/919b7bf462e4d850ec1992b273640776d5418280 ,"[7.0.0-alpha]: Upgrade upstream to v6.0.0-beta1 (#5511)

Upgrade upstream to v6.0.0-beta1

This PR upgrades upstream to the new [v6.0.0-beta1
tag](https://github.com/hashicorp/terraform-provider-aws/releases/tag/v6.0.0-beta1)

The major update to the SDKs in this update is the addition of the new
`region` resource level property

### How to review

1. commit [Update patches
for](https://github.com/pulumi/pulumi-aws/pull/5511/commits/70da3eb527bb74ca95168bb09b2e5407aa863265)
Contains the changes to patches. Pretty minor changes
2. commit [this commit does a couple of
things](https://github.com/pulumi/pulumi-aws/pull/5511/commits/32642a171285e45fdc6ef526cbb096e815314c79)
This is the bulk of the changes I made in this commit
3. commit [fix
tests](https://github.com/pulumi/pulumi-aws/pull/5511/commits/e34bb4ee9f32cafc50c72e45a37b06bdf4cbc21d)
Contains all the updates I had to make to the tests. I also regenerated
all of our upgrade tests so they are testing the upgrade from v6 => v7.

The SDK changes are all in a single commit. Pretty much every resource
is updated, but almost all the changes are related to adding the region
parameter.

re #5226",2025-05-16 14:41:14+00:00
pulumi/pulumi-aws,a2b15e79656496b66040e349b33f085731c11f52,https://github.com/pulumi/pulumi-aws/commit/a2b15e79656496b66040e349b33f085731c11f52 ,"Upgrade terraform-provider-aws to v5.100.0 (#5605)

Upgrades upstream to v5.100.0

#### New resources:

- `amp/workspaceConfiguration.WorkspaceConfiguration`
- `dsql/cluster.Cluster`
- `dsql/clusterPeering.ClusterPeering`
- `s3control/directoryBucketAccessPointScope.DirectoryBucketAccessPointScope`
- `vpc/routeServer.RouteServer`
- `vpc/routeServerEndpoint.RouteServerEndpoint`
- `vpc/routeServerPeer.RouteServerPeer`
- `vpc/routeServerPropagation.RouteServerPropagation`
- `vpc/routeServerVpcAssociation.RouteServerVpcAssociation`
- `workspaces/webDataProtectionSettings.WebDataProtectionSettings`
- `workspaces/webIpAccessSettings.WebIpAccessSettings`
- `workspaces/webUserAccessLoggingSettings.WebUserAccessLoggingSettings`
- `workspacesweb/browserSettings.BrowserSettings`
- `workspacesweb/dataProtectionSettings.DataProtectionSettings`
- `workspacesweb/ipAccessSettings.IpAccessSettings`
- `workspacesweb/networkSettings.NetworkSettings`
- `workspacesweb/userAccessLoggingSettings.UserAccessLoggingSettings`
- `workspacesweb/userSettings.UserSettings`

fixes #5602",2025-06-16 16:52:03+00:00
pulumi/pulumi-aws,4f0030e63f40c0f7fac919be674bde3a4c63e73c,https://github.com/pulumi/pulumi-aws/commit/4f0030e63f40c0f7fac919be674bde3a4c63e73c ,Merge branch 'master' into v7-resolve-conflicts,2025-07-17 20:45:42+00:00
pulumi/pulumi-aws,ce882e88d581accd8a5ea13339e3c9cf13e8dd94,https://github.com/pulumi/pulumi-aws/commit/ce882e88d581accd8a5ea13339e3c9cf13e8dd94 ,chore: update Go SDK references from v6 to v7,2025-11-20 17:49:47+00:00
puppetlabs/puppet-agent,adefd6118177a57bb55d9d90cd61d2d0e7a63a11,https://github.com/puppetlabs/puppet-agent/commit/adefd6118177a57bb55d9d90cd61d2d0e7a63a11 ,(OSPTE-212) Update README.md for archiving repository,2025-01-09 23:08:22+00:00
pwsafe/pwsafe,10e455bd60e128d0ed0c516314ac803a872e5171,https://github.com/pwsafe/pwsafe/commit/10e455bd60e128d0ed0c516314ac803a872e5171 ,Change word PasswordSafe to Password Safe,2024-02-27 05:41:16+00:00
pwsafe/pwsafe,4f06f4c639f2407a278a82fb466c5110e67d4eed,https://github.com/pwsafe/pwsafe/commit/4f06f4c639f2407a278a82fb466c5110e67d4eed ,cleansing and addint additional info,2024-02-27 05:41:16+00:00
pwsafe/pwsafe,8d6536bf2ca7abd575b0ec1923a8e2ca3303a96c,https://github.com/pwsafe/pwsafe/commit/8d6536bf2ca7abd575b0ec1923a8e2ca3303a96c ,Fix typos in README.md,2024-02-27 05:41:16+00:00
pwsafe/pwsafe,a709c31e15dfc9d48ed81df51ec88bf824be0db7,https://github.com/pwsafe/pwsafe/commit/a709c31e15dfc9d48ed81df51ec88bf824be0db7 ,"Update README.md

Tweak phrasing in a couple of places.",2024-02-27 05:41:16+00:00
pwsafe/pwsafe,94ddb07b5e8785c55d200dde44e6bd4db1e0a255,https://github.com/pwsafe/pwsafe/commit/94ddb07b5e8785c55d200dde44e6bd4db1e0a255 ,"Readme.md: Added Slovak, fixed transifex link",2025-07-07 19:30:43+00:00
pwsafe/pwsafe,aebba91da40bc2628504a4a1b941a80eb457b4f3,https://github.com/pwsafe/pwsafe/commit/aebba91da40bc2628504a4a1b941a80eb457b4f3 ,"Update README.md

Fixed typo introduced in last commit",2025-07-08 16:51:58+00:00
pydata/sparse,373f29faa342bf5b1e9308a6f6d208fc7ab4b9e9,https://github.com/pydata/sparse/commit/373f29faa342bf5b1e9308a6f6d208fc7ab4b9e9 ,Convert README to md (#777),2024-09-22 17:20:56+00:00
pydata/sparse,7c9eac0a3be8fa73210d5984b7a0474e85d05546,https://github.com/pydata/sparse/commit/7c9eac0a3be8fa73210d5984b7a0474e85d05546 ,Add link to Discord channel.,2025-03-04 07:44:07+00:00
quotient-im/Quaternion,3091fdbeda48f19df4455652259cbf5131f0a455,https://github.com/quotient-im/Quaternion/commit/3091fdbeda48f19df4455652259cbf5131f0a455 ,Update screenshots,2024-01-02 07:16:37+00:00
quotient-im/Quaternion,5653d8074eb09d7b7b29104336723746d8e45c24,https://github.com/quotient-im/Quaternion/commit/5653d8074eb09d7b7b29104336723746d8e45c24 ,"Refresh README.md

[skip ci]",2024-01-02 19:01:30+00:00
quotient-im/Quaternion,23ba8c6e318abdd114bca907c8d6d779582fc198,https://github.com/quotient-im/Quaternion/commit/23ba8c6e318abdd114bca907c8d6d779582fc198 ,Refresh the documentation,2024-01-03 19:27:44+00:00
quotient-im/Quaternion,2bf352dbedcf36f7252c16e6964911b10d156188,https://github.com/quotient-im/Quaternion/commit/2bf352dbedcf36f7252c16e6964911b10d156188 ,"README.md: document show_spammy

...and move show_noop_events to the block of settings not exposed in the
UI. At some point in time, _spammy was split out of _noop_events but
it wasn't reflected in the README text - this is fixed now.

[skip ci]",2024-01-07 20:51:02+00:00
quotient-im/Quaternion,e18eb4554e938e7341afac999464f22656159fb3,https://github.com/quotient-im/Quaternion/commit/e18eb4554e938e7341afac999464f22656159fb3 ,Update the documentation,2024-11-02 20:37:24+00:00
quotient-im/Quaternion,949e6f3a9ee1dd4b956fe0dcd8f9005ba1c998c2,https://github.com/quotient-im/Quaternion/commit/949e6f3a9ee1dd4b956fe0dcd8f9005ba1c998c2 ,0.9.7 beta2 (+docs refresh),2025-01-24 18:54:10+00:00
quotient-im/Quaternion,c41120e4f2048b1e491413c45382d72b05297dc3,https://github.com/quotient-im/Quaternion/commit/c41120e4f2048b1e491413c45382d72b05297dc3 ,"New screenshots

[skip ci]",2025-02-09 20:31:44+00:00
quotient-im/Quaternion,f54bbb42fa1360348cc81c39b78e84e258fe4549,https://github.com/quotient-im/Quaternion/commit/f54bbb42fa1360348cc81c39b78e84e258fe4549 ,"Refresh README.md

[skip ci]",2025-02-10 15:25:36+00:00
quotient-im/Quaternion,53be5b207c899e3393e5e3702d66fe315eb73a07,https://github.com/quotient-im/Quaternion/commit/53be5b207c899e3393e5e3702d66fe315eb73a07 ,0.0.97.1,2025-03-21 15:15:27+00:00
rails/activeresource,10204e9320cb2941f66f431e20ca28757ea958b7,https://github.com/rails/activeresource/commit/10204e9320cb2941f66f431e20ca28757ea958b7 ,"Add `body` and `headers` to `request.active_resource`

Closes https://github.com/rails/activeresource/pull/391

Expand the data broadcast by the `request.active_resource` Active
Support Notification instrumentation event.

For `GET` and `OPTION` requests, omit the `:body` value from the
payload. For all other requests, include the `:body`.",2025-01-05 03:51:24+00:00
rails/activeresource,a5072e7226d6e117256214bee5c1fa3b940086b4,https://github.com/rails/activeresource/commit/a5072e7226d6e117256214bee5c1fa3b940086b4 ,"Introduce `Base.query_format` for URL encoding values

Follow-up to [#421][]

Problem
---

Not all HTTP APIs support `snake_case` query parameters. Active
Resource's built-in finders (like `.find(:all, params: { … })`,
`.all(params: { … })`, `where(…)`) do not support transforming keys
prior to their encoding.

If an API expects camelCase keys (like `?firstName=Matz` rather than
`?first_name=Matz`), Active Resource's does not provide a method or hook
to override. The already defined `Base.query_string` method used by the
current implementation is `private`. If a consumer were to override it
(despite depending on or overriding `private` methods being
discouraged), they would need to be responsible for transforming the
`Hash` *and* encoding it to a `String`.

Proposal
---

This commit proposed the introduction of the
`ActiveResource::Formats::UrlEncodedFormat`. It's modeled after the
`XmlFormat` and `JsonFormat`, and defines an `encode` method with the
prior behavior (a call to [Hash#to_query][]). Along with the new class,
this commit also introduce a new `.query_format` class attribute (with
getter and setter methods), modeled after the `.format` class attribute.

Consumers can provide their own implementation with or without depending
on the `ActiveResource::Formats::UrlEncodedFormat`. For example, callers
can camelCase keys:

```ruby
module CamelcaseUrlEncodedFormat
  extend self, ActiveResource::Formats::UrlEncodedFormat

  def encode(params, options = nil)
    params = params.deep_transform { |key| key.to_s.camelcase(:lower) }

    super
  end
end

class Person < ActiveResource::Base
  self.site = ""https://example.com""
  self.query_format = CamelcaseUrlEncodedFormat
end

Person.where(first_name: ""Sean"")
 # => GET https://example.com/people.json?firstName=Sean
```

The URL encoding only applies to query parameters. Prefix options remain
snake_case:

```ruby
class Person < ActiveResource::Base
  self.site = ""https://example.com""
  self.prefix = ""/teams/:team_id""
  self.query_format = CamelcaseUrlEncodedFormat
end

Person.where(team_id: 1, first_name: ""Sean"")
 # => GET https://example.com/teams/1/people.json?firstName=Sean
```

This commit also includes changes to the `README.md` example code's
query parameters to demonstrate that keys are `snake_case` by default.

[#421]: https://github.com/rails/activeresource/pull/421
[Hash#to_query]: https://api.rubyonrails.org/classes/Hash.html#method-i-to_query",2025-10-02 20:54:02+00:00
rails/activeresource,c035bc20af8a8278277dbcfd4f1775654b3cd66d,https://github.com/rails/activeresource/commit/c035bc20af8a8278277dbcfd4f1775654b3cd66d ,"README: Update `ActionController::Resources` reference

Closes [#436][]

Remove reference to the now defunct `ActionController::Resources`.
Replace with a reference and link to
[ActionDispatch::Routing::Mapper::Resources][].

[#436]: https://github.com/rails/activeresource/issues/436
[ActionDispatch::Routing::Mapper::Resources]: https://api.rubyonrails.org/classes/ActionDispatch/Routing/Mapper/Resources.html

Co-authored-by: Tomislav Simnett <tom@initforthe.com>",2025-10-23 03:22:32+00:00
rails/activeresource,da7881cef45a3721c03081f0f33f7412cabd5352,https://github.com/rails/activeresource/commit/da7881cef45a3721c03081f0f33f7412cabd5352 ,"Improve Validations documentation

First, document the ActiveResource::Validations module's built-in
behavior for parsing JSON and XML responses that adhere to Active Model
error structures, namely `{""errors"": { … }` for JSON responses and
`<errors><error>…</error></errors>` in XML responses.

Next, outline the Active Resource's compatibility with
`ActiveModel::Validations` as well as the specialized behavior provided
by `ActiveResource::Validations`.",2025-10-23 12:08:50+00:00
rails/activeresource,aef92ecdf333e2b3e2476d7087d94a2fe08a31c8,https://github.com/rails/activeresource/commit/aef92ecdf333e2b3e2476d7087d94a2fe08a31c8 ,"Merge pull request #440 from seanpdoyle/document-validation

Improve Validations documentation",2025-10-23 19:12:40+00:00
rails/activeresource,cef392635c18c06bba31ab87402c8503a155c92d,https://github.com/rails/activeresource/commit/cef392635c18c06bba31ab87402c8503a155c92d ,"Instrument `request.active_resource` with `Net::HTTPRequest` instance

This commit exposes the underlying [Net::HTTPRequest][] instance to the
published `request.active_resource` Active Support notification payload.

[#449]: https://github.com/rails/activeresource/pull/449
[Net::HTTPRequest]: https://docs.ruby-lang.org/en/master/Net/HTTPRequest.html",2025-11-02 21:25:42+00:00
rails/activeresource,34e7e3c4de45951835b729feaaadcee23c2ea96b,https://github.com/rails/activeresource/commit/34e7e3c4de45951835b729feaaadcee23c2ea96b ,"Add a way to temporarily opt-out to `#all` now lazily making requests:

- ### Problem

  In 9372d5a68e62c81464773a2e32a98a989bed26b6 we made a change that
  defer the http request submission until the collection is used.

  ```ruby
  # Before

  Product.all #=> HTTP request is made

  # After

  products = Product.all #=> No HTTP request is made
  products.each { ... } #=> HTTP request is made here
  ```

  This create issues for codepaths that used to expect the
  `Product.all` to make the http request and this feels like
  a breaking change that should go through a deprecation cycle
  (too late now but let's have a way to opt-out to the new behaviour).

  ### Context

  We have a safety net in our application that does something like
  this:

  ```ruby
    products = allow_explicit_http_connections do
      Product.all
    end

    products.each { ... }
  ```

  This is now broken because we make the request outside of the
  explictly allowed resiliency block.

  ### Solution

  Introduce a way to opt out to the new behaviour and trigger a
  deprecation warning.",2025-11-07 16:36:42+00:00
red6/pdfcompare,309b54f873c3e9ab7c0bf04628b68f761494cd0c,https://github.com/red6/pdfcompare/commit/309b54f873c3e9ab7c0bf04628b68f761494cd0c ,add executorTimeout config parameter,2024-03-04 10:06:30+00:00
rhymix/rhymix,ded0cd484dc6d90bd23a300dabef9ee79371350e,https://github.com/rhymix/rhymix/commit/ded0cd484dc6d90bd23a300dabef9ee79371350e ,Add link to GPL help page in the official manual,2024-10-11 16:41:05+00:00
rhymix/rhymix,84e57ff87683b4f02cce62d6b0235546bdd20fa7,https://github.com/rhymix/rhymix/commit/84e57ff87683b4f02cce62d6b0235546bdd20fa7 ,Update minimum PHP version in README,2024-11-18 15:52:51+00:00
rocjs/roc,a325a626f859394c649114ea9f8ee20e5e1f038e,https://github.com/rocjs/roc/commit/a325a626f859394c649114ea9f8ee20e5e1f038e ,chore: remove domain reference,2024-02-16 17:18:05+00:00
rocjs/roc,96e642b6eaa2c5e4c80186356eda3894300d8bf1,https://github.com/rocjs/roc/commit/96e642b6eaa2c5e4c80186356eda3894300d8bf1 ,chore: md,2024-02-16 17:18:30+00:00
scalacenter/bloop,372a1767e7d94a0016b81877a2090b5b0f29a353,https://github.com/scalacenter/bloop/commit/372a1767e7d94a0016b81877a2090b5b0f29a353 ,"Fix the README's contributing link

The previous link responded with a 404.",2024-04-15 20:02:15+00:00
scipopt/SCIP.jl,ab217e57353ed14037be65b8f7e087c76b83ca16,https://github.com/scipopt/SCIP.jl/commit/ab217e57353ed14037be65b8f7e087c76b83ca16 ,Update README with clarified Windows instructions,2024-09-30 00:44:43+00:00
scipopt/SCIP.jl,0079ba86d0643b4294d2c1d105445c1fb7dc4e23,https://github.com/scipopt/SCIP.jl/commit/0079ba86d0643b4294d2c1d105445c1fb7dc4e23 ,Update README.md,2024-09-30 01:42:48+00:00
scipopt/SCIP.jl,8c0f361954c888865fb7ba249fe7a6b471c9d5b3,https://github.com/scipopt/SCIP.jl/commit/8c0f361954c888865fb7ba249fe7a6b471c9d5b3 ,Update README.md,2024-10-21 18:41:32+00:00
scipopt/SCIP.jl,0d05ea13c5cd87bd397324a6a545f276210a162e,https://github.com/scipopt/SCIP.jl/commit/0d05ea13c5cd87bd397324a6a545f276210a162e ,Update README.md,2024-10-22 07:26:21+00:00
scipopt/SCIP.jl,d9ea0dcd13b7b54d1d1eabb71d4aa38f01e226f3,https://github.com/scipopt/SCIP.jl/commit/d9ea0dcd13b7b54d1d1eabb71d4aa38f01e226f3 ,Various minor tweaks to the README (#316),2025-05-05 04:52:46+00:00
scipopt/SCIP.jl,16f95f054f52bd69c58138bb8ce8d2df3b9443aa,https://github.com/scipopt/SCIP.jl/commit/16f95f054f52bd69c58138bb8ce8d2df3b9443aa ,Update README.md with more supported MOI features (#328),2025-05-09 01:34:41+00:00
scipopt/SCIP.jl,b08c2f1d9098182fa89e28ab1af949721f243e56,https://github.com/scipopt/SCIP.jl/commit/b08c2f1d9098182fa89e28ab1af949721f243e56 ,Add support for MOI.ScalarNonlinearFunction (#329),2025-05-09 05:46:01+00:00
scipopt/SCIP.jl,890baa2a6e6a32c9781278563b7a7f081d303537,https://github.com/scipopt/SCIP.jl/commit/890baa2a6e6a32c9781278563b7a7f081d303537 ,Enable Windows in CI and remove warnings (#331),2025-05-13 01:12:48+00:00
scipopt/SCIP.jl,888a3a01dba7ba23eee621c08fbfaf944830056a,https://github.com/scipopt/SCIP.jl/commit/888a3a01dba7ba23eee621c08fbfaf944830056a ,Prep for v0.12.5 (#334),2025-05-15 06:20:15+00:00
simonmichael/hledger,31ce7ecea530e9c926db2d2cd456e902971629e0,https://github.com/simonmichael/hledger/commit/31ce7ecea530e9c926db2d2cd456e902971629e0 ,;doc:readme: add a few more OC avatar slots ?,2024-01-05 21:46:27+00:00
simonmichael/hledger,30de68876509e93988b601dcbeade2cb1a679637,https://github.com/simonmichael/hledger/commit/30de68876509e93988b601dcbeade2cb1a679637 ,;doc:readme: cleanup,2024-01-06 20:26:33+00:00
simonmichael/hledger,58c5b0803bb78f713cf0474bc48473cdb1192684,https://github.com/simonmichael/hledger/commit/58c5b0803bb78f713cf0474bc48473cdb1192684 ,;doc: readme: fix contributors link,2024-07-17 06:06:12+00:00
simonmichael/hledger,402494afe04ab2704ffc476000a15997eaea6c4b,https://github.com/simonmichael/hledger/commit/402494afe04ab2704ffc476000a15997eaea6c4b ,";docs:README.md

Corrected a typo.",2025-03-07 23:40:22+00:00
simonmichael/hledger,47bb40f83827d84bf8e95ea19e58578013b390cf,https://github.com/simonmichael/hledger/commit/47bb40f83827d84bf8e95ea19e58578013b390cf ,";pkg: clean up LICENSE files, main module licensing headers",2025-04-01 04:10:19+00:00
simonmichael/hledger,ff018bf4827f6139ac433e5f6ccfb083261dfec8,https://github.com/simonmichael/hledger/commit/ff018bf4827f6139ac433e5f6ccfb083261dfec8 ,;doc:README: new badges provided by gitscope.dev,2025-12-27 01:05:34+00:00
simonmichael/hledger,3d5704fe22dcc71f7c0983d679d46fec8c3ed947,https://github.com/simonmichael/hledger/commit/3d5704fe22dcc71f7c0983d679d46fec8c3ed947 ,;doc:README: badges updates,2025-12-30 15:55:36+00:00
siteorigin/docs,1159902b14d4bef19d1d0e2679d4dd29bca1e926,https://github.com/siteorigin/docs/commit/1159902b14d4bef19d1d0e2679d4dd29bca1e926 ,docs: refine README opening for clarity,2025-06-19 10:31:27+00:00
socrata-platform/geocoding-secondary,32cc21586ccf0726353a3e6ad11e989cfa109554,https://github.com/socrata-platform/geocoding-secondary/commit/32cc21586ccf0726353a3e6ad11e989cfa109554 ,EN-69348: update jenkinsfile (#91),2024-10-01 18:55:36+00:00
socrata-platform/geocoding-secondary,6c53220052b1822cdc27e35cd2c81dd1fdb9e657,https://github.com/socrata-platform/geocoding-secondary/commit/6c53220052b1822cdc27e35cd2c81dd1fdb9e657 ,Fix readme (#92),2024-10-24 18:10:01+00:00
socrata-platform/geocoding-secondary,005ad595545ef0dcc5dc167cdb701b03b79e7e52,https://github.com/socrata-platform/geocoding-secondary/commit/005ad595545ef0dcc5dc167cdb701b03b79e7e52 ,EN-70078: jenkinsfile templating (#93),2025-01-13 15:49:39+00:00
spencermountain/compromise,5eb8c1724341ebd5e9cb298ed18a367455d0ad55,https://github.com/spencermountain/compromise/commit/5eb8c1724341ebd5e9cb298ed18a367455d0ad55 ,docs for new stuff,2024-01-19 19:41:34+00:00
spencermountain/compromise,dc63f4b6d66cbe084170bf5a429fe8e0deff8b09,https://github.com/spencermountain/compromise/commit/dc63f4b6d66cbe084170bf5a429fe8e0deff8b09 ,"Update README

- Fix typo in doc sub-methods
- Fix indentation of sub-methods
- Small typos
- Remove broken links to undocumented compromise-pointers methods
- Fix display of documentation table",2024-02-08 00:57:37+00:00
spencermountain/compromise,91409434e84f17cf8f0957bbbb1e6477276dd61a,https://github.com/spencermountain/compromise/commit/91409434e84f17cf8f0957bbbb1e6477276dd61a ,add isUnit method to value #1089,2024-02-12 16:48:07+00:00
spencermountain/compromise,9cc069a64a6ebfb1b8bfafab08fbd728cee8a28f,https://github.com/spencermountain/compromise/commit/9cc069a64a6ebfb1b8bfafab08fbd728cee8a28f ,dates debug method,2024-02-13 18:38:41+00:00
spencermountain/compromise,119c79030e83dfffa83d3e0974865b9443940e58,https://github.com/spencermountain/compromise/commit/119c79030e83dfffa83d3e0974865b9443940e58 ,finish adding slashes method,2024-07-29 17:45:10+00:00
spencermountain/compromise,8879ef02428c8e6005d9976d6adbc8de36e53049,https://github.com/spencermountain/compromise/commit/8879ef02428c8e6005d9976d6adbc8de36e53049 ,"Updated README.md, fix typo(s)",2024-11-22 19:36:37+00:00
spencermountain/compromise,d9af1e5988181c6b714e59f55060b0c5f270ab32,https://github.com/spencermountain/compromise/commit/d9af1e5988181c6b714e59f55060b0c5f270ab32 ,fix readme for #1191,2025-11-22 18:09:30+00:00
spf13/cobra,11ab62158ac7079acb819b02c25c9a1ee2eb5eb6,https://github.com/spf13/cobra/commit/11ab62158ac7079acb819b02c25c9a1ee2eb5eb6 ,"docs: update README.md (#2197)

minor fix",2024-10-11 10:40:47+00:00
spf13/cobra,680936a2200be363c61feda8cd29287f0726a48c,https://github.com/spf13/cobra/commit/680936a2200be363c61feda8cd29287f0726a48c ,New logo,2025-02-12 01:00:54+00:00
spf13/cobra,ba5108a4701cb242e60243e38f250852b40542c0,https://github.com/spf13/cobra/commit/ba5108a4701cb242e60243e38f250852b40542c0 ,Update README.md,2025-04-11 23:30:14+00:00
spf13/cobra,73f7846ba97514885fe3c3e89bf007b4683ba03e,https://github.com/spf13/cobra/commit/73f7846ba97514885fe3c3e89bf007b4683ba03e ,Update README.md,2025-04-11 23:31:17+00:00
spf13/cobra,0846d166eeddf8290755d95646725c139922635d,https://github.com/spf13/cobra/commit/0846d166eeddf8290755d95646725c139922635d ,Update README.md,2025-04-11 23:32:40+00:00
spf13/cobra,0ed70dcfd4d22bc39ba138fefb9f37ed3d2e87ec,https://github.com/spf13/cobra/commit/0ed70dcfd4d22bc39ba138fefb9f37ed3d2e87ec ,Update README.md,2025-04-15 19:44:27+00:00
spf13/cobra,67171d6909986ee86fb946f808b87aba88ee417a,https://github.com/spf13/cobra/commit/67171d6909986ee86fb946f808b87aba88ee417a ,putting sponsorship below header,2025-05-06 02:11:24+00:00
spf13/cobra,3f3b81882534a51628f3286e93c6842d9b2e29ea,https://github.com/spf13/cobra/commit/3f3b81882534a51628f3286e93c6842d9b2e29ea ,Update README.md with new logo,2025-08-11 13:58:23+00:00
stempler/bnd-platform,24f934e4d3caa42c0e8421ec061e948e232a3024,https://github.com/stempler/bnd-platform/commit/24f934e4d3caa42c0e8421ec061e948e232a3024 ,build: prepare 3.0.1 release,2024-03-08 11:06:46+00:00
stempler/bnd-platform,100065c059fdb9477cd7ac1459044d5e8dbe2712,https://github.com/stempler/bnd-platform/commit/100065c059fdb9477cd7ac1459044d5e8dbe2712 ,"feat: support appending to existing p2 repository

Enabling the new setting `appendUpdateSite` combines the created update
site / p2 repository with one that is already present in the target
location.",2024-03-18 16:36:06+00:00
stempler/bnd-platform,ffd72b9dbd359adaca5469c80abd2bd04413352d,https://github.com/stempler/bnd-platform/commit/ffd72b9dbd359adaca5469c80abd2bd04413352d ,"feat: support creating feature version files in update site

Creation of these files is intended to be used in combination with
Renovate, where these files can serve as a custom datasource for feature
versions in a p2 repository created by bnd-platform.",2024-03-19 16:09:06+00:00
stempler/bnd-platform,ed3f0a7270d4d9aabb82feafd50b253907168c4a,https://github.com/stempler/bnd-platform/commit/ed3f0a7270d4d9aabb82feafd50b253907168c4a ,"feat: support configuring feature description, copyright and required features",2024-11-27 07:48:34+00:00
stempler/bnd-platform,904d826d1659624bae500da230010d08f20ab2bf,https://github.com/stempler/bnd-platform/commit/904d826d1659624bae500da230010d08f20ab2bf ,docs: update README related to changes to release and versioning,2024-11-27 09:25:39+00:00
syncthing/syncthing,6881a6897abdbaa4fa999edc69a451fd6b158ddb,https://github.com/syncthing/syncthing/commit/6881a6897abdbaa4fa999edc69a451fd6b158ddb ,"Fix website security link in README.md (#9325)

https://syncthing.net/security/
html file does not exist

### Purpose
Fixing link that is supposed to link to https://syncthing.net/security/",2024-01-06 22:58:56+00:00
syncthing/syncthing,5d27185083d1acfc91b0b33438876313283cca88,https://github.com/syncthing/syncthing/commit/5d27185083d1acfc91b0b33438876313283cca88 ,"Removed no longer relevant Bountysource link (#9480)

### Purpose

Bountysource no longer exists and the readme link 404s. This removes the
Bountysource link and corresponding readme section.

Perhaps the section should instead be replaced by other instructions for
voting on features.",2024-03-22 23:23:02+00:00
syncthing/syncthing,99a6f3a5b611cb02786b21c3312507a5826afe17,https://github.com/syncthing/syncthing/commit/99a6f3a5b611cb02786b21c3312507a5826afe17 ,docs: update section on code signing,2024-12-16 10:42:34+00:00
syncthing/syncthing,fc40dc8af23fe4f4d381f554ac41a4eb36d093b5,https://github.com/syncthing/syncthing/commit/fc40dc8af23fe4f4d381f554ac41a4eb36d093b5 ,"docs: add DCO requirement to contribution guidelines (#10333)

This adds the requirement to have a DCO sign-off on commits.

Signed-off-by: Jakob Borg <jakob@kastelo.net>",2025-09-02 06:24:03+00:00
syncthing/syncthing,5ff050e6658fec798d040cb3cbbb39503e4f1d09,https://github.com/syncthing/syncthing/commit/5ff050e6658fec798d040cb3cbbb39503e4f1d09 ,"docs: update contribution guidelines from the docs site (#10336)

This copies the relevant parts of the contribution guidelines in the
docs, for the purpose of keeping them in a single place. The in-docs
contribution guidelines can become a link to this document.

Signed-off-by: Jakob Borg <jakob@kastelo.net>",2025-09-02 07:16:36+00:00
syncthing/syncthing,4986fc16767d09b3fe6ee06683336968d8a7057d,https://github.com/syncthing/syncthing/commit/4986fc16767d09b3fe6ee06683336968d8a7057d ,docs: minor formatting fixup of previous,2025-09-02 07:19:43+00:00
tableau/tableau-log-viewer,6151d5862f8af84cb85a8142f6f15a41fdc04813,https://github.com/tableau/tableau-log-viewer/commit/6151d5862f8af84cb85a8142f6f15a41fdc04813 ,Add instruction to use TLV on M1 Mac (#129),2024-03-25 17:56:47+00:00
tableau/tableau-log-viewer,89e6373f63096557c25f751629dbe54251e6ae74,https://github.com/tableau/tableau-log-viewer/commit/89e6373f63096557c25f751629dbe54251e6ae74 ,Update README.md (#133),2025-11-17 20:41:18+00:00
tighten/ziggy,ce8c84e4ed99ba9f5b4b13c7fdc84480cb7d459c,https://github.com/tighten/ziggy/commit/ce8c84e4ed99ba9f5b4b13c7fdc84480cb7d459c ,Formatting,2024-02-20 20:49:17+00:00
tighten/ziggy,ca69f344d0cbddb149e8062012045e829d68a165,https://github.com/tighten/ziggy/commit/ca69f344d0cbddb149e8062012045e829d68a165 ,Update Readme,2024-05-17 19:34:55+00:00
tighten/ziggy,65107c3f7f1dd02335c4821b6e22ef1f8c5d2b81,https://github.com/tighten/ziggy/commit/65107c3f7f1dd02335c4821b6e22ef1f8c5d2b81 ,Update Contributing,2024-05-17 19:38:05+00:00
tighten/ziggy,b4275a726dd1ec7adeca93db9be9558f77ea4041,https://github.com/tighten/ziggy/commit/b4275a726dd1ec7adeca93db9be9558f77ea4041 ,"Update README.md

We already mention in the comment line: ""// routes/api.php"".

if we are say 
""Route::get('api/ziggy', fn () => response()->json(new Ziggy));""

this time laravel will create like this route:

""api/api/ziggy""",2024-07-03 10:31:25+00:00
tighten/ziggy,ab39cd9647c3fbe2efc04407e078dfc4ff212ad1,https://github.com/tighten/ziggy/commit/ab39cd9647c3fbe2efc04407e078dfc4ff212ad1 ,v2.3.1,2024-10-17 15:36:15+00:00
tighten/ziggy,deedfd8a809124923fe47c8f9532e334aa7425d4,https://github.com/tighten/ziggy/commit/deedfd8a809124923fe47c8f9532e334aa7425d4 ,Update `README.md`.,2024-10-24 08:08:22+00:00
tighten/ziggy,409d4ea61af71f8b8ef43e73c00f4b6d23451aa8,https://github.com/tighten/ziggy/commit/409d4ea61af71f8b8ef43e73c00f4b6d23451aa8 ,"Add note to use inject for vue 3

Add note to use inject for vue 3 to be able to access route() function",2024-11-03 22:25:17+00:00
tighten/ziggy,ae5e26a1aa297de3055db3dade5bf24157075565,https://github.com/tighten/ziggy/commit/ae5e26a1aa297de3055db3dade5bf24157075565 ,Formatting,2024-11-09 15:56:09+00:00
tighten/ziggy,0c37d349b304e8aed183d4cedcf9f0662c3a6cf4,https://github.com/tighten/ziggy/commit/0c37d349b304e8aed183d4cedcf9f0662c3a6cf4 ,update to point to vite plugin,2025-01-19 20:35:35+00:00
tighten/ziggy,33a4b165100504b46a642714b7ba8bbfc9d2e390,https://github.com/tighten/ziggy/commit/33a4b165100504b46a642714b7ba8bbfc9d2e390 ,Wip,2025-01-22 22:58:01+00:00
tighten/ziggy,e5deb1ffa78b119ede90a1fbf1966d12957d9fc2,https://github.com/tighten/ziggy/commit/e5deb1ffa78b119ede90a1fbf1966d12957d9fc2 ,blade route generator: add asJson parameter for improved CSP compatibility,2025-04-16 11:13:36+00:00
tighten/ziggy,909a08d67a5409ce763144efc9ad8a2a83d7f613,https://github.com/tighten/ziggy/commit/909a08d67a5409ce763144efc9ad8a2a83d7f613 ,"Formatting, remove nonce, avoid parsing JSON repeatedly",2025-05-17 16:49:59+00:00
tighten/ziggy,fc6d6ca8b91dc5c833fe7f2105c315ca87869840,https://github.com/tighten/ziggy/commit/fc6d6ca8b91dc5c833fe7f2105c315ca87869840 ,"Document strict route names

Closes #859",2025-09-13 21:27:12+00:00
tighten/ziggy,9101d1fa2ec11271943507d93b926555b6f7e9e2,https://github.com/tighten/ziggy/commit/9101d1fa2ec11271943507d93b926555b6f7e9e2 ,"Merge pull request #831 from flexponsive/pr/blade-inline-as-json

Add JSON option to `@routes` for improved CSP compatibility",2025-09-14 21:36:08+00:00
tuna/tunasync,a6a03decf0f8cc465120c2b415a7f6e36aabd750,https://github.com/tuna/tunasync/commit/a6a03decf0f8cc465120c2b415a7f6e36aabd750 ,"doc: update README and bump to v0.9.0

Signed-off-by: Shengqi Chen <harry-chen@outlook.com>",2025-01-11 08:14:44+00:00
twilio/twilio-java,6c54f012091090e65c61be984237e2bb5bf6d2d6,https://github.com/twilio/twilio-java/commit/6c54f012091090e65c61be984237e2bb5bf6d2d6 ,"feat!: MVR Release Preparation (#779)

* feat: support json content in requests (#746)

* feat: Enable json request body (#749)

* chore: added preview messaging domain url (#752)


* feat! : MVR Release Preparation",2024-02-09 07:35:03+00:00
twilio/twilio-java,2b32a891fe960fabcd53c212df66f0af3b3c11da,https://github.com/twilio/twilio-java/commit/2b32a891fe960fabcd53c212df66f0af3b3c11da ,"feat: Support for bearer token authentication and no authentication and PUT method in REST calls (#803)

* feat: Support for token based authentication and addition of helpers for organisation apis (#797)",2024-06-25 07:38:51+00:00
twilio/twilio-java,97518dfb95b6a86991a08c1062f4a8cb938d74db,https://github.com/twilio/twilio-java/commit/97518dfb95b6a86991a08c1062f4a8cb938d74db ,"Revert ""feat: Support for bearer token authentication and no authentication and PUT method in REST calls (#803)""

This reverts commit 2b32a891fe960fabcd53c212df66f0af3b3c11da.",2024-06-25 14:13:59+00:00
twilio/twilio-java,13069a8408d484320235bf687254e63b8d456f0e,https://github.com/twilio/twilio-java/commit/13069a8408d484320235bf687254e63b8d456f0e ,"Revert ""Revert ""feat: Support for bearer token authentication and no authentication and PUT method in REST calls (#803)""""

This reverts commit 97518dfb95b6a86991a08c1062f4a8cb938d74db.",2024-06-26 08:32:47+00:00
twilio/twilio-java,0b771a9a9fb024e0ab7d087dd5771f12fc5ee9be,https://github.com/twilio/twilio-java/commit/0b771a9a9fb024e0ab7d087dd5771f12fc5ee9be ,"Revert ""feat: Support for bearer token authentication and no authentication and PUT method in REST calls (#803)""""""

This reverts commit 13069a8408d484320235bf687254e63b8d456f0e.",2024-06-26 10:38:42+00:00
twilio/twilio-java,f27742a7643e607c359b1f8989545e475b43a65a,https://github.com/twilio/twilio-java/commit/f27742a7643e607c359b1f8989545e475b43a65a ,"feat: Support for bearer token authentication and no authentication and PUT method in REST calls (#803)

This reverts commit 0b771a9a9fb024e0ab7d087dd5771f12fc5ee9be.",2024-06-27 07:03:12+00:00
twilio/twilio-java,bb8ec5f0a3302328bddfee6bf9e22a68bc756dd8,https://github.com/twilio/twilio-java/commit/bb8ec5f0a3302328bddfee6bf9e22a68bc756dd8 ,chore: updated readme for Beta flag (#815),2024-09-25 09:52:49+00:00
twilio/twilio-java,30e91a69b4f5e68717155a3fdf82b7d0e99807dc,https://github.com/twilio/twilio-java/commit/30e91a69b4f5e68717155a3fdf82b7d0e99807dc ,"feat: Added OAuth Support for Public APIs with TokenManager Integration (#813)

Added OAuth functionality for public APIs",2024-10-03 13:20:46+00:00
twilio/twilio-java,8f1d9f3c10303e466f63a41296767eeaf4a6467e,https://github.com/twilio/twilio-java/commit/8f1d9f3c10303e466f63a41296767eeaf4a6467e ,chore: updated readme with Orgs example (#818),2024-10-03 13:55:11+00:00
twilio/twilio-java,357183380ef3b721efd74efb0ac209cda5d5a61d,https://github.com/twilio/twilio-java/commit/357183380ef3b721efd74efb0ac209cda5d5a61d ,🏆 Add a Recommendation Badge from libs.tech (#843),2025-03-26 11:59:34+00:00
twilio/twilio-java,7705b7368ab35ea29fbb9616950343e0640faf88,https://github.com/twilio/twilio-java/commit/7705b7368ab35ea29fbb9616950343e0640faf88 ,chore: Add example for using multi region setup in a single application (#849),2025-04-30 07:56:33+00:00
twilio/twilio-java,8f00f28a3fe1629d6fae66507ad9af30f7698f58,https://github.com/twilio/twilio-java/commit/8f00f28a3fe1629d6fae66507ad9af30f7698f58 ,"feat!: MVR Release prep (#908)

feat!: MVR 11.0.0 Release preparation",2025-09-30 08:20:34+00:00
unicorn-engine/unicorn,3f230f3a965dde54cb10b30c73ec37292eac5d4e,https://github.com/unicorn-engine/unicorn/commit/3f230f3a965dde54cb10b30c73ec37292eac5d4e ,Update README to reflect dev branch,2024-09-21 15:02:38+00:00
unicorn-engine/unicorn,77d64c05c2f84b75ae9c6186b444214d43c5e618,https://github.com/unicorn-engine/unicorn/commit/77d64c05c2f84b75ae9c6186b444214d43c5e618 ,Add a link to FAQ,2024-12-30 13:31:24+00:00
unicorn-engine/unicorn,f8c6db950420d2498700245269d0b647697c5666,https://github.com/unicorn-engine/unicorn/commit/f8c6db950420d2498700245269d0b647697c5666 ,update readme,2025-04-10 15:35:52+00:00
unicorn-engine/unicorn,c24c9ebe773ce6fbecb0e39f68ffb23b7326b17f,https://github.com/unicorn-engine/unicorn/commit/c24c9ebe773ce6fbecb0e39f68ffb23b7326b17f ,Update README.md,2025-09-11 13:14:44+00:00
userfrosting/UserFrosting,dfe7fd7cd52c7856c80f26443ad35d144e658360,https://github.com/userfrosting/UserFrosting/commit/dfe7fd7cd52c7856c80f26443ad35d144e658360 ,Update CHANGELOG,2024-03-23 02:20:03+00:00
userfrosting/UserFrosting,f961af3c132e3ec9a1e01dbfb1d300081fbaa3a8,https://github.com/userfrosting/UserFrosting/commit/f961af3c132e3ec9a1e01dbfb1d300081fbaa3a8 ,Replace community health files with global ones,2024-04-27 23:50:39+00:00
userfrosting/UserFrosting,cbf6ded050b131023de48cc9737c11c3dc27bc71,https://github.com/userfrosting/UserFrosting/commit/cbf6ded050b131023de48cc9737c11c3dc27bc71 ,Add PHPStan action,2024-04-30 01:45:35+00:00
vellvm/vellvm,954dc95cc00137b858c88fbca98b494c1960513c,https://github.com/vellvm/vellvm/commit/954dc95cc00137b858c88fbca98b494c1960513c ,"Merge branch 'dev' into finite-memory

Update opam constraints for QuickChick (2.0.3 causes a rewrite issue,
and is currently unreleased...)",2024-04-15 18:12:08+00:00
vellvm/vellvm,11b727839681cdac36e4e183380038d5de8d06fc,https://github.com/vellvm/vellvm/commit/11b727839681cdac36e4e183380038d5de8d06fc ,Updating the status badges in the README.,2024-04-15 20:12:44+00:00
vellvm/vellvm,96c94a23b38f2300841460ba8d7b7f3bf79f9d83,https://github.com/vellvm/vellvm/commit/96c94a23b38f2300841460ba8d7b7f3bf79f9d83 ,Adjust README to use opam to install dependencies for vellvm.,2024-06-10 19:24:01+00:00
vellvm/vellvm,0cd6c1159bc6fb0f4eb9a76b919077cf380edee4,https://github.com/vellvm/vellvm/commit/0cd6c1159bc6fb0f4eb9a76b919077cf380edee4 ,Fix `opam --deps-only` in instructions.,2024-06-24 15:34:17+00:00
vellvm/vellvm,be15a68184487474b32b8b8b30d7d94d84dc264b,https://github.com/vellvm/vellvm/commit/be15a68184487474b32b8b8b30d7d94d84dc264b ,Update README.md,2024-07-19 16:48:05+00:00
vellvm/vellvm,194f8f7616dc95af23cd96b5dba2b7069c552e3e,https://github.com/vellvm/vellvm/commit/194f8f7616dc95af23cd96b5dba2b7069c552e3e ,"Fix the link for the ICFP'22 paper (#373)

The link for the ICFP'22 paper no longer works. I replace it with its DOI for the PACMPL version.",2024-08-21 13:44:13+00:00
vellvm/vellvm,4f3befb053ca84cb2fb390fc58585fffd87be8c1,https://github.com/vellvm/vellvm/commit/4f3befb053ca84cb2fb390fc58585fffd87be8c1 ,Add ICFP24 paper to README.,2024-09-02 21:10:50+00:00
vellvm/vellvm,9e6fc1fe704a04d958e9f478a8afbf6a0754386b,https://github.com/vellvm/vellvm/commit/9e6fc1fe704a04d958e9f478a8afbf6a0754386b ,Update Coq version in readme.,2025-03-20 20:24:49+00:00
vellvm/vellvm,38b549eae8bbf1a66c32b99104a845690a40cf69,https://github.com/vellvm/vellvm/commit/38b549eae8bbf1a66c32b99104a845690a40cf69 ,"Update for rocq 9.0.0

- Grand renaming
- Remove usage of deprecated lemmas
- Bump versions in opam file
  + Coq 8.20 -> Rocq 9.0
  + ExtLib updated to 0.13
  + Paco needs to be 4.2.3 at least now (better hint dbs)
- Update nix build
  + Version bumps
  + Update org-linting check for the memory tour, and update paths
- Changed _CoqProject to _RocqProject
  + This may currently break proof general, so a symlink was added
- Updates to readmes",2025-03-26 16:28:52+00:00
vellvm/vellvm,98a134c4e22f5f85dfa1c41fe4ef78e264fce8d8,https://github.com/vellvm/vellvm/commit/98a134c4e22f5f85dfa1c41fe4ef78e264fce8d8 ,Update rocq-released repo in README.md,2025-07-02 17:37:40+00:00
vellvm/vellvm,7f2f4b5a487e31c64a44c0f0804b3265b1c84f96,https://github.com/vellvm/vellvm/commit/7f2f4b5a487e31c64a44c0f0804b3265b1c84f96 ,"fix opam instructions, fixes #386",2025-10-09 12:46:11+00:00
voxpupuli/puppet-bacula,79923adc88d48a4e92a73c581d4815a7414b7f15,https://github.com/voxpupuli/puppet-bacula/commit/79923adc88d48a4e92a73c581d4815a7414b7f15 ,"Fix example in README.md

This appears to be formatted wrong and is not valid Puppet code.",2024-07-10 19:01:02+00:00
voxpupuli/puppet-bacula,5467ee234232c8b8d117091526d787c0611df6cb,https://github.com/voxpupuli/puppet-bacula/commit/5467ee234232c8b8d117091526d787c0611df6cb ,fix: director name assignment with hiera lookup and add documentation,2025-01-06 10:02:51+00:00
voxpupuli/rspec-puppet-facts,d0c9451738a25925afefbee525622c46555c0117,https://github.com/voxpupuli/rspec-puppet-facts/commit/d0c9451738a25925afefbee525622c46555c0117 ,"(feat) - Add merge_facts option

This commit adds an option to the add_custom_fact method, which allows
the user to specify whether they wish to deep_merge facts.

This allows the user to determine whether they wish to completely
overwrite a fact, or simply merge values into the existing fact in a
given fact hash.",2024-02-13 10:42:26+00:00
voxpupuli/rspec-puppet-facts,c61c713703a7f385b967062e08186676967ff59e,https://github.com/voxpupuli/rspec-puppet-facts/commit/c61c713703a7f385b967062e08186676967ff59e ,Release 3.0.0,2024-03-23 12:59:46+00:00
voxpupuli/rspec-puppet-facts,4d387fce5272b5ba5d22f0b239c204ffbee909ac,https://github.com/voxpupuli/rspec-puppet-facts/commit/4d387fce5272b5ba5d22f0b239c204ffbee909ac ,"Update README.md

Fix typo",2024-05-13 18:15:24+00:00
voxpupuli/rspec-puppet-facts,29f9bc723dbb0b57c3eedd3a576c8e8f87470c89,https://github.com/voxpupuli/rspec-puppet-facts/commit/29f9bc723dbb0b57c3eedd3a576c8e8f87470c89 ,README.md: Cleanup trailing whitespace,2024-06-28 17:11:46+00:00
voxpupuli/rspec-puppet-facts,eb9d229a6b6d073dc2aff1ae7728d904092012c9,https://github.com/voxpupuli/rspec-puppet-facts/commit/eb9d229a6b6d073dc2aff1ae7728d904092012c9 ,"README.md: fix example, drop Ruby 1.8 examples",2024-07-04 08:26:41+00:00
voxpupuli/rspec-puppet-facts,3ba78cbb2b5d5a0501586793420fe249e840259a,https://github.com/voxpupuli/rspec-puppet-facts/commit/3ba78cbb2b5d5a0501586793420fe249e840259a ,README.md: Document facter_version_for_puppet_version(),2024-07-04 08:47:26+00:00
voxpupuli/rspec-puppet-facts,db6cff02075f9ddf1bc99908f316a8d414cd8607,https://github.com/voxpupuli/rspec-puppet-facts/commit/db6cff02075f9ddf1bc99908f316a8d414cd8607 ,"Deprecate symbolized facts

Co-authored-by: Ewoud Kohl van Wijngaarden <ewoud@kohlvanwijngaarden.nl>",2024-07-04 16:43:05+00:00
voxpupuli/rspec-puppet-facts,46b97a79c4604f067aaf9119a1e33cde93e0447c,https://github.com/voxpupuli/rspec-puppet-facts/commit/46b97a79c4604f067aaf9119a1e33cde93e0447c ,"Only store facter versions in JSON

This optimizes the storage to only have the Puppet and Facter versions.
Major benefit is that the gem shrinks and it'll be slightly faster to
parse at runtime as well.",2025-04-17 14:54:35+00:00
voxpupuli/rspec-puppet-facts,d39be959e53ea66fae4bc2c871aef1821df9b0b7,https://github.com/voxpupuli/rspec-puppet-facts/commit/d39be959e53ea66fae4bc2c871aef1821df9b0b7 ,Fix upstream documentation link to metadata,2025-08-26 13:16:46+00:00
voxpupuli/rspec-puppet-facts,598d630da1a5d8317b4f6f0c22d8686cc458ba4d,https://github.com/voxpupuli/rspec-puppet-facts/commit/598d630da1a5d8317b4f6f0c22d8686cc458ba4d ,"puppet_agent_facter_versions: Add OpenVox/OpenFact versions

Since Perforce stopped building open source AIO packages, we're
continuing the list with OpenVox/OpenFact builds.

Alternative implementation for https://github.com/voxpupuli/rspec-puppet-facts/pull/227",2025-09-18 18:16:24+00:00
wazuh/wazuh,4489668e42725017e40444d4fa4010d2a6050088,https://github.com/wazuh/wazuh/commit/4489668e42725017e40444d4fa4010d2a6050088 ,Update cpython version,2024-01-23 17:18:41+00:00
wazuh/wazuh,1b83f1e4b667aad83a87e38dc414fde278f336ed,https://github.com/wazuh/wazuh/commit/1b83f1e4b667aad83a87e38dc414fde278f336ed ,Update OpenSSL version to 3.0.12 in README.md,2024-02-01 18:58:33+00:00
wazuh/wazuh,6bf4421b5e5564bc8851b283dfc8b3ff922f4598,https://github.com/wazuh/wazuh/commit/6bf4421b5e5564bc8851b283dfc8b3ff922f4598 ,Merge 4.8.1 into 4.8.2,2024-03-04 21:11:17+00:00
wazuh/wazuh,9a43de88f9e18dbff031ae2f10622e5988293393,https://github.com/wazuh/wazuh/commit/9a43de88f9e18dbff031ae2f10622e5988293393 ,fix: change version of nlohmann library in README.md,2024-09-20 14:15:39+00:00
wazuh/wazuh,f1e8cd6a1ac5878fceef82d353fddbcd962ae6fa,https://github.com/wazuh/wazuh/commit/f1e8cd6a1ac5878fceef82d353fddbcd962ae6fa ,Change cPython version in Readme.md,2024-10-15 08:05:15+00:00
wazuh/wazuh,5c92c7e5ae8125ba951e429cc7096d8b86a9200f,https://github.com/wazuh/wazuh/commit/5c92c7e5ae8125ba951e429cc7096d8b86a9200f ,"Merge pull request #26300 from wazuh/enhancement/25374-upgrade-python-to-3-10-15

Update cPython version in README.md",2024-10-15 08:27:01+00:00
wazuh/wazuh,c173aff13d6a6a1d55748614731858e6a21db29b,https://github.com/wazuh/wazuh/commit/c173aff13d6a6a1d55748614731858e6a21db29b ,"CL:
- Updated curl version",2024-10-16 23:28:47+00:00
wazuh/wazuh,38dad10ff847291fb92595ed25f2d36c19f87fa8,https://github.com/wazuh/wazuh/commit/38dad10ff847291fb92595ed25f2d36c19f87fa8 ,Remove stable branch mention,2025-03-12 09:01:08+00:00
wazuh/wazuh,a0e53665bb03ede715a46a49e7e7f0960132ef45,https://github.com/wazuh/wazuh/commit/a0e53665bb03ede715a46a49e7e7f0960132ef45 ,Update CPython version at README.md,2025-04-04 14:06:43+00:00
wazuh/wazuh,7ae74bf0492e60f72638874c4ae8ef06603e5df0,https://github.com/wazuh/wazuh/commit/7ae74bf0492e60f72638874c4ae8ef06603e5df0 ,chore: update cJSON version in Readme,2025-07-07 18:53:29+00:00
wazuh/wazuh,d39e33b9d431bb49671c7cb6aaf42270a04c0c47,https://github.com/wazuh/wazuh/commit/d39e33b9d431bb49671c7cb6aaf42270a04c0c47 ,Upgrade cPython to 3.10.18,2025-07-24 15:07:05+00:00
wazuh/wazuh,84cc7890c4dde92f8e53544dc71df980d1444024,https://github.com/wazuh/wazuh/commit/84cc7890c4dde92f8e53544dc71df980d1444024 ,Merge branch '4.13.1' into test-merge-4.13.1-into-4.14.0,2025-07-25 20:31:14+00:00
wazuh/wazuh,4c34f597811f34f9bd9170ba7c4990cb9d2c3101,https://github.com/wazuh/wazuh/commit/4c34f597811f34f9bd9170ba7c4990cb9d2c3101 ,docs: update dependencies version in README,2025-09-25 11:59:42+00:00
wazuh/wazuh,59cf6b5b2cd1609ff7bef8cec1d03f80d80d8bfa,https://github.com/wazuh/wazuh/commit/59cf6b5b2cd1609ff7bef8cec1d03f80d80d8bfa ,Updated lua and libarchive versions in README,2025-09-29 15:45:59+00:00
wazuh/wazuh,d4110c47c9083228ebb837cbafdf06c9ed9077ef,https://github.com/wazuh/wazuh/commit/d4110c47c9083228ebb837cbafdf06c9ed9077ef ,fix: replace outdated URLs with those from the main branch,2025-10-15 09:14:33+00:00
wazuh/wazuh,acdd6e7d1840d5c66d637fffb44dc0db46383a7d,https://github.com/wazuh/wazuh/commit/acdd6e7d1840d5c66d637fffb44dc0db46383a7d ,Increase embedded Python version information,2025-10-21 18:35:31+00:00
wazuh/wazuh,106df4d748885271e1f41e68fb0853bf3c598654,https://github.com/wazuh/wazuh/commit/106df4d748885271e1f41e68fb0853bf3c598654 ,Merge branch '4.14.0' into merge-4.14.0-into-4.14.1,2025-10-23 18:09:45+00:00
wazuh/wazuh,f8a33575b70c46170404ff42e05b3543e8a2586f,https://github.com/wazuh/wazuh/commit/f8a33575b70c46170404ff42e05b3543e8a2586f ,Merge branch '4.14.1' into merge-4.14.1-into-main,2025-10-24 14:51:51+00:00
wazuh/wazuh,1f4f6af288f1edd2b2330ccb66b20b0b449482dc,https://github.com/wazuh/wazuh/commit/1f4f6af288f1edd2b2330ccb66b20b0b449482dc ,build: updated version of the curl dependency,2025-10-31 08:47:42+00:00
wazuh/wazuh,247326c4829a53a073802a1afe72f54bd7acb6cf,https://github.com/wazuh/wazuh/commit/247326c4829a53a073802a1afe72f54bd7acb6cf ,Merge branch '4.14.1' into merge-4.14.1-into-main,2025-10-31 21:21:29+00:00
wazuh/wazuh-documentation,cb65737554ce00c916b229f705a6935743cbc49d,https://github.com/wazuh/wazuh-documentation/commit/cb65737554ce00c916b229f705a6935743cbc49d ,Modify Wazuh app and Wazuh plugin references,2024-04-30 16:30:53+00:00
wazuh/wazuh-documentation,b93075824e775662629c9ec88922ddbc576ae1cb,https://github.com/wazuh/wazuh-documentation/commit/b93075824e775662629c9ec88922ddbc576ae1cb ,Minor fixes,2024-05-02 19:46:53+00:00
wazuh/wazuh-documentation,614993c02e0bf9c6eddd66671f230c797f0e295f,https://github.com/wazuh/wazuh-documentation/commit/614993c02e0bf9c6eddd66671f230c797f0e295f ,"Updated python requirements, fixed possible vulnerabilities and fixed a bug in the style",2024-09-13 15:39:19+00:00
wazuh/wazuh-documentation,ecf68ae4734388172f751547378d982d412ec65b,https://github.com/wazuh/wazuh-documentation/commit/ecf68ae4734388172f751547378d982d412ec65b ,Update CONTRIBUTING.md,2025-03-07 14:16:02+00:00
wazuh/wazuh-documentation,dacb7a107bb64d584b8a2745f100676bfee39d67,https://github.com/wazuh/wazuh-documentation/commit/dacb7a107bb64d584b8a2745f100676bfee39d67 ,Fix major version references in steps and download links,2025-09-09 12:56:05+00:00
webpack/compression-webpack-plugin,2ef7b3724a841285a0dcadc2bd68c307d299ef48,https://github.com/webpack/compression-webpack-plugin/commit/2ef7b3724a841285a0dcadc2bd68c307d299ef48 ,chore!: minimum supported Node.js version is `18.12.0`,2024-01-15 16:20:17+00:00
webpack/compression-webpack-plugin,1be895599c15c7da796ef5131de4f705de3f2635,https://github.com/webpack/compression-webpack-plugin/commit/1be895599c15c7da796ef5131de4f705de3f2635 ,feat: support the `deleteOriginalAssets` option as a function (#380),2024-02-27 14:23:06+00:00
webpack/compression-webpack-plugin,195f4db5ab87a80ecc2a8ca836568fc650b63051,https://github.com/webpack/compression-webpack-plugin/commit/195f4db5ab87a80ecc2a8ca836568fc650b63051 ,docs: update github syntax of note (#392),2024-06-10 01:54:51+00:00
webpack/compression-webpack-plugin,5bda667dc7b1b574dc3ab9e2238f28007eeb9022,https://github.com/webpack/compression-webpack-plugin/commit/5bda667dc7b1b574dc3ab9e2238f28007eeb9022 ,docs: fix typos and improve clarity in README.md (#404),2025-05-28 14:44:39+00:00
webpack/compression-webpack-plugin,f540c48a1c3fbc965ae8b01f60b9fc706a8eec47,https://github.com/webpack/compression-webpack-plugin/commit/f540c48a1c3fbc965ae8b01f60b9fc706a8eec47 ,docs(readme): add zstandard compression information (#407),2025-06-23 13:02:35+00:00
webpack/compression-webpack-plugin,1c289e4052b6b2a7915003ac602d00101c4516a6,https://github.com/webpack/compression-webpack-plugin/commit/1c289e4052b6b2a7915003ac602d00101c4516a6 ,chore: update ESlint from v8 to v9 (#409),2025-07-14 12:58:53+00:00
webpack/compression-webpack-plugin,838a04d23c6d2a2e4378f15d15528680b8839c25,https://github.com/webpack/compression-webpack-plugin/commit/838a04d23c6d2a2e4378f15d15528680b8839c25 ,chore: migrate from contrib (#412),2025-10-24 15:08:42+00:00
webpack/compression-webpack-plugin,4aaa64242ec46fb308adce508dbbfc5d08b146b2,https://github.com/webpack/compression-webpack-plugin/commit/4aaa64242ec46fb308adce508dbbfc5d08b146b2 ,docs: update contributing,2025-11-07 12:26:45+00:00
webpack/webpack-hot-middleware,4df962fa507bff1d56943e61aabce66665bc2653,https://github.com/webpack/webpack-hot-middleware/commit/4df962fa507bff1d56943e61aabce66665bc2653 ,docs: fix spelling of occurrence in README.md (#461),2025-03-26 14:16:01+00:00
webpack/webpack-hot-middleware,b5df4cce15256253469b9a36be134ebb8920cce1,https://github.com/webpack/webpack-hot-middleware/commit/b5df4cce15256253469b9a36be134ebb8920cce1 ,chore: migrate from contrib (#466),2025-10-24 19:37:53+00:00
wmixvideo/nfe,408cf0e89a49d386e941b216012d14aee004c733,https://github.com/wmixvideo/nfe/commit/408cf0e89a49d386e941b216012d14aee004c733 ,Update README.md (#1039),2025-05-28 12:31:50+00:00
wmixvideo/nfe,4a19dc1536f521a9554893a4bc8864eaa38645b7,https://github.com/wmixvideo/nfe/commit/4a19dc1536f521a9554893a4bc8864eaa38645b7 ,"Update README.md

Adicionado link para grupo de whatsapp.",2025-05-28 12:33:47+00:00
wmixvideo/nfe,3b95e261414032f1b5696d1ddf503b1e85e09e26,https://github.com/wmixvideo/nfe/commit/3b95e261414032f1b5696d1ddf503b1e85e09e26 ,Update README.md (#1074),2025-09-15 18:39:33+00:00
wpilibsuite/RobotBuilder,95b9c928d646d9f8578353fa1f684610f4fa01a4,https://github.com/wpilibsuite/RobotBuilder/commit/95b9c928d646d9f8578353fa1f684610f4fa01a4 ," Add GitHub Actions Workflow (#603)

* Add GitHub Actions Workflow

Remove Azure & Travis CI

Update README badge

Upload test results report

---------

Co-authored-by: Austin Shalit <austinshalit@gmail.com>",2024-06-22 17:42:11+00:00
yohang/Finite,68a53afe1c2a788737e1291905d022af1fa29c38,https://github.com/yohang/Finite/commit/68a53afe1c2a788737e1291905d022af1fa29c38 ,Migrated CI checks to GitHub actions,2025-01-07 22:01:33+00:00
yohang/Finite,f9a67609aac375bd2c5c526d9972b7ba99b5f748,https://github.com/yohang/Finite/commit/f9a67609aac375bd2c5c526d9972b7ba99b5f748 ,Migrated 1.x CI to Github Actions,2025-01-08 09:42:38+00:00
yohang/Finite,74b702e8ceb3220dd6e9878ea839df2a761e60e2,https://github.com/yohang/Finite/commit/74b702e8ceb3220dd6e9878ea839df2a761e60e2 ,Merge branch 'master' into future,2025-01-08 15:30:49+00:00
yohang/Finite,80aff87bcb99184a39feadfbb637e1c0d69b9299,https://github.com/yohang/Finite/commit/80aff87bcb99184a39feadfbb637e1c0d69b9299 ,Fix typo in install command,2025-01-18 02:28:36+00:00
yohang/Finite,88f3ae468d2097eb2ea0d64a4276eb97fc222c42,https://github.com/yohang/Finite/commit/88f3ae468d2097eb2ea0d64a4276eb97fc222c42 ,tests: Added mutation testing (#173),2025-11-20 22:44:18+00:00
yohang/Finite,429548bd71fed2b21045ae2d4cec9050f289d280,https://github.com/yohang/Finite/commit/429548bd71fed2b21045ae2d4cec9050f289d280 ,chore: Preparing 2.0.0 (#176),2025-12-01 13:09:23+00:00
zdavatz/oddb.org,4fe644c1b06fe50dc399b97a33fe437840724b23,https://github.com/zdavatz/oddb.org/commit/4fe644c1b06fe50dc399b97a33fe437840724b23 ,Run watir tests headless by default,2025-08-24 06:04:18+00:00
zendesk/sunshine-conversations-web,27b986f77c497d9639c1e2a9104fc22e45af7167,https://github.com/zendesk/sunshine-conversations-web/commit/27b986f77c497d9639c1e2a9104fc22e45af7167 ,Release 5.6.2,2024-07-05 14:53:25+00:00
zendesk/sunshine-conversations-web,3be5bca2bd0c4cce4eb0efd897712428933544f0,https://github.com/zendesk/sunshine-conversations-web/commit/3be5bca2bd0c4cce4eb0efd897712428933544f0 ,Release 5.7.0,2024-11-26 15:00:47+00:00
zendesk/sunshine-conversations-web,1ee4d0cce440c023fbb219b0538885494e8b7425,https://github.com/zendesk/sunshine-conversations-web/commit/1ee4d0cce440c023fbb219b0538885494e8b7425 ,Release 5.7.3,2025-03-27 12:49:37+00:00
zendesk/sunshine-conversations-web,b47eb61ed2c62fc32802353b886fd4b7637b0389,https://github.com/zendesk/sunshine-conversations-web/commit/b47eb61ed2c62fc32802353b886fd4b7637b0389 ,Release 5.7.4,2025-05-12 14:10:44+00:00
zendesk/sunshine-conversations-web,4c6d3676ab981107428d14510378dc626a6b253b,https://github.com/zendesk/sunshine-conversations-web/commit/4c6d3676ab981107428d14510378dc626a6b253b ,Release 5.7.10,2025-06-30 11:42:09+00:00
